zaman_unix,icao24,enlem,boylam,hiz,yon,dikey_hiz,geo_irtifa_m,baro_irtifa_m,zaman,ucus_numarasi,kalkis_havaalani,varis_havaalani,basinc_hpa,ti1_indeksi,edr_proxy
1547581176,4ba9a9,41.00386047363281,28.8895263671875,98.4955401337459,54.56668598971442,2.27584,731.52,800.1,2019-01-15 19:39:36+00:00,THY322,LTBA,,300.0,1.0920169215018585e-06,0.9271960201695799
1547581177,4ba9a9,41.00432832362288,28.890360051935367,98.4955401337459,54.56668598971442,2.27584,731.52,800.1,2019-01-15 19:39:37+00:00,THY322,LTBA,,300.0,1.0920169215018585e-06,0.9271960201695799
1547581178,4ba9a9,41.00486755371094,28.89141845703125,98.4955401337459,54.56668598971442,2.27584,731.52,800.1,2019-01-15 19:39:38+00:00,THY322,LTBA,,300.0,1.0920169215018585e-06,0.9271960201695799
1547581179,4ba9a9,41.005445577330505,28.892419988458805,101.48638513655767,54.69866173771009,1.6256000000000002,739.14,807.72,2019-01-15 19:39:39+00:00,THY322,LTBA,,300.0,1.0920169215018585e-06,0.9271960201695799
1547581180,4ba9a9,41.005445577330505,28.892419988458805,102.32781279674573,55.03157773236119,2.60096,739.14,807.72,2019-01-15 19:39:40+00:00,THY322,LTBA,,300.0,1.0920169215018585e-06,0.9271960201695799
1547581181,4ba9a9,41.00633239746094,28.8941650390625,103.04430180056274,54.961112098591535,4.22656,746.76,815.34,2019-01-15 19:39:41+00:00,THY322,LTBA,,300.0,1.0920169215018585e-06,0.9271960201695799
1547581182,4ba9a9,41.00693524894068,28.89529141512784,103.04430180056274,54.961112098591535,4.22656,746.76,822.96,2019-01-15 19:39:42+00:00,THY322,LTBA,,300.0,1.0920169215018585e-06,0.9271960201695799
1547581183,4ba9a9,41.00693524894068,28.89529141512784,103.46593085915383,55.12467165539782,5.52704,754.38,830.58,2019-01-15 19:39:43+00:00,THY322,LTBA,,300.0,1.0920169215018585e-06,0.9271960201695799
1547581184,4ba9a9,41.007959398172666,28.897226507013492,103.88839621822649,55.28690228535238,7.152640000000001,762.0,845.82,2019-01-15 19:39:44+00:00,THY322,LTBA,,300.0,1.0920169215018585e-06,0.9271960201695799
1547581185,4ba9a9,41.008611129502114,28.898537375710227,104.44606920792147,55.84030545433057,9.7536,777.24,853.44,2019-01-15 19:39:45+00:00,THY322,LTBA,,300.0,1.0920169215018585e-06,0.9271960201695799
1547581186,4ba9a9,41.00907897949219,28.8994140625,104.44606920792147,55.84030545433057,9.7536,784.86,868.6800000000001,2019-01-15 19:39:46+00:00,THY322,LTBA,,300.0,1.0920169215018585e-06,0.9271960201695799
1547581187,4ba9a9,41.00982148768538,28.900971846147016,104.44606920792147,55.84030545433057,11.05408,792.48,876.3000000000001,2019-01-15 19:39:47+00:00,THY322,LTBA,,300.0,1.0920169215018585e-06,0.9271960201695799
1547581188,4ba9a9,41.01028701006356,28.901845758611504,105.0133820209024,56.38777995262904,12.029440000000001,822.96,891.5400000000001,2019-01-15 19:39:48+00:00,THY322,LTBA,,300.0,1.0920169215018585e-06,0.9271960201695799
1547581189,4ba9a9,41.010589599609375,28.90252685546875,105.0133820209024,56.38777995262904,12.029440000000001,807.72,906.7800000000001,2019-01-15 19:39:49+00:00,THY322,LTBA,,300.0,1.0920169215018585e-06,0.9271960201695799
1547581190,4ba9a9,41.01107839810646,28.903406316583805,105.15945087555261,56.776373562912816,12.029440000000001,838.2,914.4000000000001,2019-01-15 19:39:50+00:00,THY322,LTBA,,300.0,1.0920169215018585e-06,0.9271960201695799
1547581191,4ba9a9,41.0115966796875,28.904541015625,105.15945087555261,56.776373562912816,12.029440000000001,845.82,10058.4,2019-01-15 19:39:51+00:00,THY322,LTBA,,300.0,1.0920169215018585e-06,0.9271960201695799
1547581192,4ba9a9,41.01214909957627,28.905653520063918,105.5901792793317,56.92932217723833,11.704320000000001,861.06,937.26,2019-01-15 19:39:52+00:00,THY322,LTBA,,300.0,1.0920169215018585e-06,0.9271960201695799
1547581193,4ba9a9,41.01283264160156,28.906982421875,105.5901792793317,56.92932217723833,11.704320000000001,868.68,952.5,2019-01-15 19:39:53+00:00,THY322,LTBA,,300.0,1.0920169215018585e-06,0.9271960201695799
1547581194,4ba9a9,41.01283264160156,28.906982421875,106.02165400187515,57.08102695997009,11.3792,876.3,952.5,2019-01-15 19:39:54+00:00,THY322,LTBA,,300.0,1.0920169215018585e-06,0.9271960201695799
1547581195,4ba9a9,41.013702392578125,28.9088134765625,106.17630641205311,57.464932842065,11.05408,899.16,975.36,2019-01-15 19:39:55+00:00,THY322,LTBA,,300.0,1.0920169215018585e-06,0.9271960201695799
1547581196,4ba9a9,41.014251708984375,28.90997314453125,106.8868062352505,57.38075692880717,10.40384,906.78,990.6,2019-01-15 19:39:56+00:00,THY322,LTBA,,300.0,1.0920169215018585e-06,0.9271960201695799
1547581197,4ba9a9,41.01480257713188,28.911084261807527,107.32046598854629,57.528807709151515,9.42848,914.4,998.22,2019-01-15 19:39:57+00:00,THY322,LTBA,,300.0,1.0920169215018585e-06,0.9271960201695799
1547581198,4ba9a9,41.015350341796875,28.91229248046875,107.32046598854629,57.528807709151515,9.42848,922.02,1005.84,2019-01-15 19:39:58+00:00,THY322,LTBA,,300.0,1.0920169215018585e-06,0.9271960201695799
1547581199,4ba9a9,41.01578017412606,28.913206620649856,107.75483654149232,57.675665848395894,9.10336,929.64,1013.46,2019-01-15 19:39:59+00:00,THY322,LTBA,,300.0,1.0920169215018585e-06,0.9271960201695799
1547581200,4ba9a9,41.01658630371094,28.91485595703125,108.18990933274235,57.821343793398924,8.45312,929.64,1021.08,2019-01-15 19:40:00+00:00,THY322,LTBA,,300.0,1.0920169215018585e-06,0.9271960201695799
1547581201,4ba9a9,41.0169439800715,28.915578668767754,108.89942291667187,57.73640020479783,7.477760000000001,944.88,1028.7,2019-01-15 19:40:01+00:00,THY322,LTBA,,300.0,1.0920169215018585e-06,0.9271960201695799
1547581202,4ba9a9,41.017364501953125,28.91650390625,108.89942291667187,57.73640020479783,7.477760000000001,944.88,1036.3200000000002,2019-01-15 19:40:02+00:00,THY322,LTBA,,300.0,1.0920169215018585e-06,0.9271960201695799
1547581203,4ba9a9,41.017822265625,28.91741943359375,109.33478223074296,57.880311149024855,7.477760000000001,960.12,1043.94,2019-01-15 19:40:03+00:00,THY322,LTBA,,300.0,1.0920169215018585e-06,0.9271960201695799
1547581204,4ba9a9,41.018463134765625,28.9188232421875,109.33478223074296,57.880311149024855,7.477760000000001,967.7399999999999,1051.56,2019-01-15 19:40:04+00:00,THY322,LTBA,,300.0,1.0920169215018585e-06,0.9271960201695799
1547581205,4ba9a9,41.018463134765625,28.9188232421875,109.33478223074296,57.880311149024855,7.477760000000001,967.74,1059.18,2019-01-15 19:40:05+00:00,THY322,LTBA,,300.0,1.0920169215018585e-06,0.9271960201695799
1547581206,4ba9a9,41.01947021484375,28.92095947265625,109.33478223074296,57.880311149024855,7.477760000000001,967.74,1066.8,2019-01-15 19:40:06+00:00,THY322,LTBA,,300.0,1.0920169215018585e-06,0.9271960201695799
1547581207,4ba9a9,41.02001642776748,28.922133012251418,109.062128,58.10920819815429,7.152640000000001,990.6,1074.42,2019-01-15 19:40:07+00:00,THY322,LTBA,,300.0,1.0920169215018585e-06,0.9271960201695799
1547581208,4ba9a9,41.02080781581038,28.923755992542613,109.062128,58.10920819815429,7.152640000000001,998.2199999999999,1082.04,2019-01-15 19:40:08+00:00,THY322,LTBA,,300.0,1.0920169215018585e-06,0.9271960201695799
1547581209,4ba9a9,41.02104057699947,28.92425537109375,109.062128,58.10920819815429,7.152640000000001,1005.84,1089.66,2019-01-15 19:40:09+00:00,THY322,LTBA,,300.0,1.0920169215018585e-06,0.9271960201695799
1547581210,4ba9a9,41.02145954713983,28.92519170587713,109.49925736280808,58.25141886493459,7.477760000000001,1013.4599999999999,1097.28,2019-01-15 19:40:10+00:00,THY322,LTBA,,300.0,1.0920169215018585e-06,0.9271960201695799
1547581211,4ba9a9,41.02225093518273,28.926814686168324,109.2294366309245,58.480889814932794,7.477760000000001,1021.08,1104.9,2019-01-15 19:40:11+00:00,THY322,LTBA,,300.0,1.0920169215018585e-06,0.9271960201695799
1547581212,4ba9a9,41.02276611328125,28.927978515625,108.79122311837043,58.339248903363405,7.477760000000001,1028.7,1112.52,2019-01-15 19:40:12+00:00,THY322,LTBA,,300.0,1.0920169215018585e-06,0.9271960201695799
1547581213,4ba9a9,41.023223876953125,28.928955078125,108.79122311837043,58.339248903363405,7.152640000000001,1036.3200000000002,1120.14,2019-01-15 19:40:13+00:00,THY322,LTBA,,300.0,1.0920169215018585e-06,0.9271960201695799
1547581214,4ba9a9,41.02378715903072,28.9301230690696,108.79122311837043,58.339248903363405,7.152640000000001,1043.94,1127.76,2019-01-15 19:40:14+00:00,THY322,LTBA,,300.0,1.0920169215018585e-06,0.9271960201695799
1547581215,4ba9a9,41.02400207519531,28.93060302734375,108.96137662341688,58.71149353943252,7.152640000000001,1051.5600000000002,1135.38,2019-01-15 19:40:15+00:00,THY322,LTBA,,300.0,1.0920169215018585e-06,0.9271960201695799
1547581216,4ba9a9,41.024871826171875,28.9324951171875,108.96137662341688,58.71149353943252,7.152640000000001,1059.18,1143.0,2019-01-15 19:40:16+00:00,THY322,LTBA,,300.0,1.0920169215018585e-06,0.9271960201695799
1547581217,4ba9a9,41.025054931640625,28.93292236328125,108.96137662341688,58.71149353943252,7.152640000000001,1059.18,1143.0,2019-01-15 19:40:17+00:00,THY322,LTBA,,300.0,1.0920169215018585e-06,0.9271960201695799
1547581218,4ba9a9,41.02546691894531,28.93389892578125,108.69509036699547,58.94323092055367,7.152640000000001,1066.8,1158.24,2019-01-15 19:40:18+00:00,THY322,LTBA,,300.0,1.0920169215018585e-06,0.9271960201695799
1547581219,4ba9a9,41.02647399902344,28.93603515625,108.69509036699547,58.94323092055367,6.827520000000001,1066.8,1165.8600000000001,2019-01-15 19:40:19+00:00,THY322,LTBA,,300.0,1.0920169215018585e-06,0.9271960201695799
1547581220,4ba9a9,41.026813054488876,28.93673983487216,108.69509036699547,58.94323092055367,6.827520000000001,1089.66,1173.48,2019-01-15 19:40:20+00:00,THY322,LTBA,,300.0,1.0920169215018585e-06,0.9271960201695799
1547581221,4ba9a9,41.026999263440146,28.937176791104402,108.69509036699547,58.94323092055367,6.827520000000001,1082.0400000000002,1181.1000000000001,2019-01-15 19:40:21+00:00,THY322,LTBA,,300.0,1.0920169215018585e-06,0.9271960201695799
1547581222,4ba9a9,41.027435302734375,28.93817138671875,108.69509036699547,58.94323092055367,7.152640000000001,1097.2800000000002,1188.72,2019-01-15 19:40:22+00:00,THY322,LTBA,,300.0,1.0920169215018585e-06,0.9271960201695799
1547581223,4ba9a9,41.02830505371094,28.94000244140625,108.69509036699547,58.94323092055367,7.152640000000001,1097.28,1196.3400000000001,2019-01-15 19:40:23+00:00,THY322,LTBA,,300.0,1.0920169215018585e-06,0.9271960201695799
1547581224,4ba9a9,41.02876824847722,28.940984552556817,108.69509036699547,58.94323092055367,7.477760000000001,1112.52,1203.96,2019-01-15 19:40:24+00:00,THY322,LTBA,,300.0,1.0920169215018585e-06,0.9271960201695799
1547581225,4ba9a9,41.02949523925781,28.942626953125,108.69509036699547,58.94323092055367,7.477760000000001,1112.52,1211.5800000000002,2019-01-15 19:40:25+00:00,THY322,LTBA,,300.0,1.0920169215018585e-06,0.9271960201695799
1547581226,4ba9a9,41.030071711136124,28.94379355690696,108.52208068661419,58.57043438516149,8.45312,1135.38,1226.8200000000002,2019-01-15 19:40:26+00:00,THY322,LTBA,,300.0,1.0920169215018585e-06,0.9271960201695799
1547581227,4ba9a9,41.030071711136124,28.94379355690696,108.52208068661419,58.57043438516149,8.45312,1135.38,1234.44,2019-01-15 19:40:27+00:00,THY322,LTBA,,300.0,1.0920169215018585e-06,0.9271960201695799
1547581228,4ba9a9,41.0308165469412,28.945416537198152,108.0834478664156,58.42822944822271,10.40384,1158.24,1249.68,2019-01-15 19:40:28+00:00,THY322,LTBA,,300.0,1.0920169215018585e-06,0.9271960201695799
1547581229,4ba9a9,41.03155517578125,28.947021484375,108.0834478664156,58.42822944822271,11.3792,1165.86,1257.3,2019-01-15 19:40:29+00:00,THY322,LTBA,,300.0,1.0920169215018585e-06,0.9271960201695799
1547581230,4ba9a9,41.03178405761719,28.947509765625,108.0834478664156,58.42822944822271,11.3792,1173.48,1264.92,2019-01-15 19:40:30+00:00,THY322,LTBA,,300.0,1.0920169215018585e-06,0.9271960201695799
1547581231,4ba9a9,41.03251647949219,28.94915771484375,108.0834478664156,58.42822944822271,12.679680000000001,1188.72,1287.78,2019-01-15 19:40:31+00:00,THY322,LTBA,,300.0,1.0920169215018585e-06,0.9271960201695799
1547581232,4ba9a9,41.033097606594275,28.950347900390625,108.0834478664156,58.42822944822271,12.354560000000001,1196.3400000000001,1303.02,2019-01-15 19:40:32+00:00,THY322,LTBA,,300.0,1.0920169215018585e-06,0.9271960201695799
1547581233,4ba9a9,41.033330367783364,28.950784856622867,108.0834478664156,58.42822944822271,11.3792,1203.96,1303.02,2019-01-15 19:40:33+00:00,THY322,LTBA,,300.0,1.0920169215018585e-06,0.9271960201695799
1547581234,4ba9a9,41.03375244140625,28.95172119140625,108.0834478664156,58.42822944822271,11.3792,1211.5800000000002,1318.26,2019-01-15 19:40:34+00:00,THY322,LTBA,,300.0,1.0920169215018585e-06,0.9271960201695799
1547581235,4ba9a9,41.03462219238281,28.95361328125,108.79122311837043,58.339248903363405,8.77824,1219.2,1325.88,2019-01-15 19:40:35+00:00,THY322,LTBA,,300.0,1.0920169215018585e-06,0.9271960201695799
1547581236,4ba9a9,41.03519245729608,28.95477988503196,109.49925736280808,58.25141886493459,7.80288,1234.44,1333.5,2019-01-15 19:40:36+00:00,THY322,LTBA,,300.0,1.0920169215018585e-06,0.9271960201695799
1547581237,4ba9a9,41.03519245729608,28.95477988503196,109.49925736280808,58.25141886493459,7.80288,1226.82,1341.1200000000001,2019-01-15 19:40:37+00:00,THY322,LTBA,,300.0,1.0920169215018585e-06,0.9271960201695799
1547581238,4ba9a9,41.03598384533898,28.956465287642043,109.77082583529233,58.02307967060498,7.152640000000001,9913.62,1348.74,2019-01-15 19:40:38+00:00,THY322,LTBA,,250.0,3.613607804247889e-07,0.4945315016876346
1547581239,4ba9a9,41.03663557666843,28.957901000976562,110.91608298793714,58.07912378006683,6.1772800000000005,1257.3000000000002,1356.3600000000001,2019-01-15 19:40:39+00:00,THY322,LTBA,,300.0,1.0920169215018585e-06,0.9271960201695799
1547581240,4ba9a9,41.03709411621094,28.9588623046875,111.18895141811126,57.854117368988945,5.8521600000000005,1257.3000000000002,1356.3600000000001,2019-01-15 19:40:40+00:00,THY322,LTBA,,300.0,1.0920169215018585e-06,0.9271960201695799
1547581241,4ba9a9,41.03770627813824,28.960085782137785,111.18895141811126,57.854117368988945,5.8521600000000005,1264.92,1363.98,2019-01-15 19:40:41+00:00,THY322,LTBA,,300.0,1.0920169215018585e-06,0.9271960201695799
1547581242,4ba9a9,41.038238525390625,28.96124267578125,112.6080195741951,57.68941213648399,5.8521600000000005,1272.5400000000002,1371.6000000000001,2019-01-15 19:40:42+00:00,THY322,LTBA,,300.0,1.0920169215018585e-06,0.9271960201695799
1547581243,4ba9a9,41.03873042737023,28.962270563299004,112.88383161582205,57.46872826995511,5.8521600000000005,1280.16,1379.22,2019-01-15 19:40:43+00:00,THY322,LTBA,,300.0,1.0920169215018585e-06,0.9271960201695799
1547581244,4ba9a9,41.03919594974841,28.963206898082387,113.31789605211844,57.608606793366235,5.8521600000000005,1280.16,1379.22,2019-01-15 19:40:44+00:00,THY322,LTBA,,300.0,1.0920169215018585e-06,0.9271960201695799
1547581245,4ba9a9,41.03989423331568,28.964705033735793,113.87238566547842,57.17145820858748,5.8521600000000005,1287.7800000000002,1394.46,2019-01-15 19:40:45+00:00,THY322,LTBA,,300.0,1.0920169215018585e-06,0.9271960201695799
1547581246,4ba9a9,41.04048156738281,28.96588134765625,113.87238566547842,57.17145820858748,5.8521600000000005,1295.4,1394.46,2019-01-15 19:40:46+00:00,THY322,LTBA,,300.0,1.0920169215018585e-06,0.9271960201695799
1547581247,4ba9a9,41.041011487023304,28.966889814897016,114.58366782153973,57.094757077012105,5.8521600000000005,1303.0200000000002,1402.0800000000002,2019-01-15 19:40:47+00:00,THY322,LTBA,,300.0,1.0920169215018585e-06,0.9271960201695799
1547581248,4ba9a9,41.0416259765625,28.9681396484375,114.86395222312791,56.879312781268005,5.8521600000000005,1310.64,1409.7,2019-01-15 19:40:48+00:00,THY322,LTBA,,300.0,1.0920169215018585e-06,0.9271960201695799
1547581249,4ba9a9,41.04217529296875,28.969324285333805,115.57600161963265,56.805068859895236,6.502400000000001,1318.2600000000002,1417.3200000000002,2019-01-15 19:40:49+00:00,THY322,LTBA,,300.0,1.0920169215018585e-06,0.9271960201695799
1547581250,4ba9a9,41.042724609375,28.9703369140625,116.00683683113509,56.94417718844634,6.827520000000001,1325.88,1424.94,2019-01-15 19:40:50+00:00,THY322,LTBA,,300.0,1.0920169215018585e-06,0.9271960201695799
1547581251,4ba9a9,41.043292546676376,28.971571488813918,116.71871631150138,56.870264531587914,7.477760000000001,1333.5000000000002,1432.5600000000002,2019-01-15 19:40:51+00:00,THY322,LTBA,,300.0,1.0920169215018585e-06,0.9271960201695799
1547581252,4ba9a9,41.043914794921875,28.9727783203125,116.71871631150138,56.870264531587914,7.80288,1341.1200000000001,1440.18,2019-01-15 19:40:52+00:00,THY322,LTBA,,300.0,1.0920169215018585e-06,0.9271960201695799
1547581253,4ba9a9,41.043914794921875,28.9727783203125,116.71871631150138,56.870264531587914,7.80288,1333.5000000000002,1447.8000000000002,2019-01-15 19:40:53+00:00,THY322,LTBA,,300.0,1.0920169215018585e-06,0.9271960201695799
1547581254,4ba9a9,41.045013427734375,28.97503662109375,117.14986721761811,57.00777591273486,8.45312,1348.74,1463.04,2019-01-15 19:40:54+00:00,THY322,LTBA,,300.0,1.0920169215018585e-06,0.9271960201695799
1547581255,4ba9a9,41.04566671080508,28.976315585049715,117.86157919661312,56.93419592505859,8.45312,1363.98,1470.66,2019-01-15 19:40:55+00:00,THY322,LTBA,,300.0,1.0920169215018585e-06,0.9271960201695799
1547581256,4ba9a9,41.04615783691406,28.977294921875,117.86157919661312,56.93419592505859,8.128,1371.6,1478.28,2019-01-15 19:40:56+00:00,THY322,LTBA,,300.0,1.0920169215018585e-06,0.9271960201695799
1547581257,4ba9a9,41.04678396451271,28.978625210848723,117.86157919661312,56.93419592505859,8.128,1371.6,1485.9,2019-01-15 19:40:57+00:00,THY322,LTBA,,300.0,1.0920169215018585e-06,0.9271960201695799
1547581258,4ba9a9,41.047393798828125,28.97979736328125,118.57348321968956,56.86149935331643,7.80288,1379.22,1493.52,2019-01-15 19:40:58+00:00,THY322,LTBA,,300.0,1.0920169215018585e-06,0.9271960201695799
1547581259,4ba9a9,41.04790121822034,28.980872414328836,119.00458600543776,56.996899307923584,8.128,1386.84,1501.14,2019-01-15 19:40:59+00:00,THY322,LTBA,,300.0,1.0920169215018585e-06,0.9271960201695799
1547581260,4ba9a9,41.048492431640625,28.98211669921875,119.00458600543776,56.996899307923584,8.77824,1402.08,1508.76,2019-01-15 19:41:00+00:00,THY322,LTBA,,300.0,1.0920169215018585e-06,0.9271960201695799
1547581261,4ba9a9,41.0491115764036,28.983369307084516,119.28557584845304,56.78967061264759,9.10336,1417.32,1524.0,2019-01-15 19:41:01+00:00,THY322,LTBA,,300.0,1.0920169215018585e-06,0.9271960201695799
1547581262,4ba9a9,41.04972839355469,28.984619140625,119.28557584845304,56.78967061264759,9.10336,1417.32,1531.6200000000001,2019-01-15 19:41:02+00:00,THY322,LTBA,,300.0,1.0920169215018585e-06,0.9271960201695799
1547581263,4ba9a9,41.05027538234904,28.985678932883523,119.28557584845304,56.78967061264759,9.42848,1424.94,1539.24,2019-01-15 19:41:03+00:00,THY322,LTBA,,300.0,1.0920169215018585e-06,0.9271960201695799
1547581264,4ba9a9,41.05074090472722,28.986677689985793,119.99785372522554,56.71869447716402,9.42848,1440.18,1546.8600000000001,2019-01-15 19:41:04+00:00,THY322,LTBA,,300.0,1.0920169215018585e-06,0.9271960201695799
1547581265,4ba9a9,41.05165100097656,28.98846435546875,119.99785372522554,56.71869447716402,9.42848,1447.8,1562.1000000000001,2019-01-15 19:41:05+00:00,THY322,LTBA,,300.0,1.0920169215018585e-06,0.9271960201695799
1547581266,4ba9a9,41.051788330078125,28.98870849609375,119.99785372522554,56.71869447716402,10.07872,1463.04,1569.72,2019-01-15 19:41:06+00:00,THY322,LTBA,,300.0,1.0920169215018585e-06,0.9271960201695799
1547581267,4ba9a9,41.05256652832031,28.990234375,119.99785372522554,56.71869447716402,10.07872,1470.66,1584.96,2019-01-15 19:41:07+00:00,THY322,LTBA,,300.0,1.0920169215018585e-06,0.9271960201695799
1547581268,4ba9a9,41.05302429199219,28.99127197265625,119.99785372522554,56.71869447716402,10.07872,1478.28,1592.5800000000002,2019-01-15 19:41:08+00:00,THY322,LTBA,,300.0,1.0920169215018585e-06,0.9271960201695799
1547581269,4ba9a9,41.05302429199219,28.99127197265625,120.7103135707167,56.64855606983661,10.07872,1478.28,1600.2,2019-01-15 19:41:09+00:00,THY322,LTBA,,300.0,1.0920169215018585e-06,0.9271960201695799
1547581270,4ba9a9,41.054325427039196,28.99385625665838,120.7103135707167,56.64855606983661,9.7536,1501.14,1615.44,2019-01-15 19:41:10+00:00,THY322,LTBA,,300.0,1.0920169215018585e-06,0.9271960201695799
1547581271,4ba9a9,41.054718017578125,28.99462890625,120.7103135707167,56.64855606983661,9.7536,1508.7600000000002,1623.0600000000002,2019-01-15 19:41:11+00:00,THY322,LTBA,,300.0,1.0920169215018585e-06,0.9271960201695799
1547581272,4ba9a9,41.05548923298464,28.996165882457387,121.14036604530796,56.78232513446232,10.40384,1524.0000000000002,1638.3000000000002,2019-01-15 19:41:12+00:00,THY322,LTBA,,300.0,1.0920169215018585e-06,0.9271960201695799
1547581273,4ba9a9,41.05623406878972,28.997726440429688,121.14036604530796,56.78232513446232,10.40384,1524.0000000000002,1645.92,2019-01-15 19:41:13+00:00,THY322,LTBA,,300.0,1.0920169215018585e-06,0.9271960201695799
1547581274,4ba9a9,41.05674614340572,28.99872519753196,121.14036604530796,56.78232513446232,11.05408,1546.8600000000001,1661.16,2019-01-15 19:41:14+00:00,THY322,LTBA,,300.0,1.0920169215018585e-06,0.9271960201695799
1547581275,4ba9a9,41.057373046875,29.0,121.57107416692476,56.91514707126503,11.05408,1554.48,1668.78,2019-01-15 19:41:15+00:00,THY322,LTBA,,300.0,1.0920169215018585e-06,0.9271960201695799
1547581276,4ba9a9,41.05790994935116,29.001034823330965,121.57107416692476,56.91514707126503,11.3792,1569.72,1684.02,2019-01-15 19:41:16+00:00,THY322,LTBA,,300.0,1.0920169215018585e-06,0.9271960201695799
1547581277,4ba9a9,41.05879211425781,29.00286865234375,121.57107416692476,56.91514707126503,11.704320000000001,1577.3400000000001,1699.26,2019-01-15 19:41:17+00:00,THY322,LTBA,,300.0,1.0920169215018585e-06,0.9271960201695799
1547581278,4ba9a9,41.05916685977225,29.00365656072443,121.57107416692476,56.91514707126503,11.3792,1592.5800000000002,1706.88,2019-01-15 19:41:18+00:00,THY322,LTBA,,300.0,1.0920169215018585e-06,0.9271960201695799
1547581279,4ba9a9,41.05970764160156,29.00469970703125,121.57107416692476,56.91514707126503,11.05408,1600.2,1714.5,2019-01-15 19:41:19+00:00,THY322,LTBA,,300.0,1.0920169215018585e-06,0.9271960201695799
1547581280,4ba9a9,41.060330665717686,29.005966186523438,121.57107416692476,56.91514707126503,11.05408,1600.2,1729.74,2019-01-15 19:41:20+00:00,THY322,LTBA,,300.0,1.0920169215018585e-06,0.9271960201695799
1547581281,4ba9a9,41.06121826171875,29.00775146484375,121.8526614606597,56.71247231108752,11.05408,1615.44,1744.98,2019-01-15 19:41:21+00:00,THY322,LTBA,,300.0,1.0920169215018585e-06,0.9271960201695799
1547581282,4ba9a9,41.06172723285222,29.008837613192473,121.8526614606597,56.71247231108752,11.05408,1630.68,1752.6000000000001,2019-01-15 19:41:22+00:00,THY322,LTBA,,300.0,1.0920169215018585e-06,0.9271960201695799
1547581283,4ba9a9,41.06200654627913,29.009336991743606,122.1357664292104,56.51073461747317,11.704320000000001,1638.3,1760.22,2019-01-15 19:41:23+00:00,THY322,LTBA,,300.0,1.0920169215018585e-06,0.9271960201695799
1547581284,4ba9a9,41.063030695511124,29.011396928267043,122.56513588707693,56.64343149876168,11.704320000000001,1661.16,1775.46,2019-01-15 19:41:24+00:00,THY322,LTBA,,300.0,1.0920169215018585e-06,0.9271960201695799
1547581285,4ba9a9,41.063030695511124,29.011396928267043,122.56513588707693,56.64343149876168,11.704320000000001,1653.5400000000002,1783.0800000000002,2019-01-15 19:41:25+00:00,THY322,LTBA,,300.0,1.0920169215018585e-06,0.9271960201695799
1547581286,4ba9a9,41.064056396484375,29.01348876953125,122.56513588707693,56.64343149876168,13.004800000000001,1684.0200000000002,1805.94,2019-01-15 19:41:26+00:00,THY322,LTBA,,300.0,1.0920169215018585e-06,0.9271960201695799
1547581287,4ba9a9,41.06470657607256,29.014830155806106,122.56513588707693,56.64343149876168,13.329920000000001,1699.2600000000002,1821.18,2019-01-15 19:41:27+00:00,THY322,LTBA,,300.0,1.0920169215018585e-06,0.9271960201695799
1547581288,4ba9a9,41.06524658203125,29.01580810546875,122.56513588707693,56.64343149876168,13.004800000000001,1706.88,1836.42,2019-01-15 19:41:28+00:00,THY322,LTBA,,300.0,1.0920169215018585e-06,0.9271960201695799
1547581289,4ba9a9,41.06575012207031,29.016845703125,122.56513588707693,56.64343149876168,12.679680000000001,1722.1200000000001,1851.66,2019-01-15 19:41:29+00:00,THY322,LTBA,,300.0,1.0920169215018585e-06,0.9271960201695799
1547581290,4ba9a9,41.0665283203125,29.0184326171875,122.84875325570219,56.44302347625422,12.679680000000001,1729.74,1859.2800000000002,2019-01-15 19:41:30+00:00,THY322,LTBA,,300.0,1.0920169215018585e-06,0.9271960201695799
1547581291,4ba9a9,41.06708074020127,29.019449407404117,122.42037854341658,56.309932474020215,13.004800000000001,1752.6,1874.52,2019-01-15 19:41:31+00:00,THY322,LTBA,,300.0,1.0920169215018585e-06,0.9271960201695799
1547581292,4ba9a9,41.067718505859375,29.020751953125,122.42037854341658,56.309932474020215,13.329920000000001,1760.22,1889.76,2019-01-15 19:41:32+00:00,THY322,LTBA,,300.0,1.0920169215018585e-06,0.9271960201695799
1547581293,4ba9a9,41.06833765062235,29.02200872247869,122.42037854341658,56.309932474020215,13.655040000000001,1783.08,1905.0,2019-01-15 19:41:33+00:00,THY322,LTBA,,300.0,1.0920169215018585e-06,0.9271960201695799
1547581294,4ba9a9,41.068849725238344,29.023069901899856,122.1357664292104,56.51073461747317,13.980160000000001,1798.32,1920.24,2019-01-15 19:41:34+00:00,THY322,LTBA,,300.0,1.0920169215018585e-06,0.9271960201695799
1547581295,4ba9a9,41.06941223144531,29.02410888671875,122.1357664292104,56.51073461747317,13.655040000000001,1798.3200000000002,1927.8600000000001,2019-01-15 19:41:35+00:00,THY322,LTBA,,300.0,1.0920169215018585e-06,0.9271960201695799
1547581296,4ba9a9,41.0701904296875,29.02569580078125,122.1357664292104,56.51073461747317,13.655040000000001,1805.94,1943.1000000000001,2019-01-15 19:41:36+00:00,THY322,LTBA,,300.0,1.0920169215018585e-06,0.9271960201695799
1547581297,4ba9a9,41.070804919226696,29.026940085671164,122.1357664292104,56.51073461747317,12.354560000000001,1828.8,1958.3400000000001,2019-01-15 19:41:37+00:00,THY322,LTBA,,300.0,1.0920169215018585e-06,0.9271960201695799
1547581298,4ba9a9,41.071177337129235,29.027689153497867,122.56513588707693,56.64343149876168,11.704320000000001,1836.42,1965.96,2019-01-15 19:41:38+00:00,THY322,LTBA,,300.0,1.0920169215018585e-06,0.9271960201695799
1547581299,4ba9a9,41.07183837890625,29.029052734375,122.56513588707693,56.64343149876168,11.05408,1851.66,1981.2,2019-01-15 19:41:39+00:00,THY322,LTBA,,300.0,1.0920169215018585e-06,0.9271960201695799
1547581300,4ba9a9,41.07261657714844,29.03057861328125,122.56513588707693,56.64343149876168,11.05408,1851.66,1988.8200000000002,2019-01-15 19:41:40+00:00,THY322,LTBA,,300.0,1.0920169215018585e-06,0.9271960201695799
1547581301,4ba9a9,41.07261657714844,29.03057861328125,122.99515817316914,56.77520119878806,10.72896,1859.28,1996.44,2019-01-15 19:41:41+00:00,THY322,LTBA,,300.0,1.0920169215018585e-06,0.9271960201695799
1547581302,4ba9a9,41.07380676269531,29.032958984375,122.99515817316914,56.77520119878806,10.07872,1874.5200000000002,2011.68,2019-01-15 19:41:42+00:00,THY322,LTBA,,300.0,1.0920169215018585e-06,0.9271960201695799
1547581303,4ba9a9,41.0745849609375,29.0345458984375,123.42582646402022,56.90605202194519,9.42848,1889.7600000000002,2019.3000000000002,2019-01-15 19:41:43+00:00,THY322,LTBA,,300.0,1.0920169215018585e-06,0.9271960201695799
1547581304,4ba9a9,41.07481384277344,29.0350341796875,123.85713402088813,57.0359921955531,9.10336,1897.38,2026.92,2019-01-15 19:41:44+00:00,THY322,LTBA,,300.0,1.0920169215018585e-06,0.9271960201695799
1547581305,4ba9a9,41.07559979972193,29.036677967418324,123.85713402088813,57.0359921955531,9.10336,1897.38,2034.5400000000002,2019-01-15 19:41:45+00:00,THY322,LTBA,,300.0,1.0920169215018585e-06,0.9271960201695799
1547581306,4ba9a9,41.07623291015625,29.0379638671875,124.56876656743088,56.96621281488538,9.10336,1912.6200000000001,2049.78,2019-01-15 19:41:46+00:00,THY322,LTBA,,300.0,1.0920169215018585e-06,0.9271960201695799
1547581307,4ba9a9,41.076810157905186,29.039050015536223,124.56876656743088,56.96621281488538,9.10336,1920.2400000000002,2049.78,2019-01-15 19:41:47+00:00,THY322,LTBA,,300.0,1.0920169215018585e-06,0.9271960201695799
1547581308,4ba9a9,41.077423095703125,29.04034423828125,125.00036489622516,57.094757077012105,9.10336,1927.86,2065.02,2019-01-15 19:41:48+00:00,THY322,LTBA,,300.0,1.0920169215018585e-06,0.9271960201695799
1547581309,4ba9a9,41.077972412109375,29.04144287109375,125.00036489622516,57.094757077012105,9.10336,1943.1000000000004,2072.6400000000003,2019-01-15 19:41:49+00:00,THY322,LTBA,,300.0,1.0920169215018585e-06,0.9271960201695799
1547581310,4ba9a9,41.07862569518008,29.04273293235085,125.71184151155812,57.025279609635334,9.42848,1950.7200000000003,2080.26,2019-01-15 19:41:50+00:00,THY322,LTBA,,300.0,1.0920169215018585e-06,0.9271960201695799
1547581311,4ba9a9,41.07916259765625,29.04388427734375,125.71184151155812,57.025279609635334,9.42848,1965.96,2095.5,2019-01-15 19:41:51+00:00,THY322,LTBA,,300.0,1.0920169215018585e-06,0.9271960201695799
1547581312,4ba9a9,41.079789501125525,29.04516740278764,125.71184151155812,57.025279609635334,9.42848,1965.9599999999998,2103.12,2019-01-15 19:41:52+00:00,THY322,LTBA,,300.0,1.0920169215018585e-06,0.9271960201695799
1547581313,4ba9a9,41.08034812797934,29.0462910045277,126.1437248807962,57.15245673476063,9.7536,1981.2000000000003,2118.36,2019-01-15 19:41:53+00:00,THY322,LTBA,,300.0,1.0920169215018585e-06,0.9271960201695799
1547581314,4ba9a9,41.08123262049788,29.04816367409446,126.1437248807962,57.15245673476063,9.7536,1988.82,2125.98,2019-01-15 19:41:54+00:00,THY322,LTBA,,300.0,1.0920169215018585e-06,0.9271960201695799
1547581315,4ba9a9,41.081634521484375,29.0489501953125,126.57622550319302,57.27876537096302,9.42848,1996.4399999999998,2133.6,2019-01-15 19:41:55+00:00,THY322,LTBA,,300.0,1.0920169215018585e-06,0.9271960201695799
1547581316,4ba9a9,41.082303321967686,29.05034845525568,126.57622550319302,57.27876537096302,9.42848,2011.6800000000003,2148.84,2019-01-15 19:41:56+00:00,THY322,LTBA,,300.0,1.0920169215018585e-06,0.9271960201695799
1547581317,4ba9a9,41.08268737792969,29.05108642578125,126.57622550319302,57.27876537096302,9.42848,2004.0600000000002,2156.46,2019-01-15 19:41:57+00:00,THY322,LTBA,,300.0,1.0920169215018585e-06,0.9271960201695799
1547581318,4ba9a9,41.083099365234375,29.052001953125,127.2872104954222,57.20911975849624,9.42848,2026.9199999999998,2164.08,2019-01-15 19:41:58+00:00,THY322,LTBA,,300.0,1.0920169215018585e-06,0.9271960201695799
1547581319,4ba9a9,41.08442687988281,29.0546875,127.71998317434759,57.3341054698427,9.42848,2034.5400000000002,2171.7000000000003,2019-01-15 19:41:59+00:00,THY322,LTBA,,300.0,1.0920169215018585e-06,0.9271960201695799
1547581320,4ba9a9,41.08479309082031,29.05548095703125,127.71998317434759,57.3341054698427,9.42848,2042.16,2186.94,2019-01-15 19:42:00+00:00,THY322,LTBA,,300.0,1.0920169215018585e-06,0.9271960201695799
1547581321,4ba9a9,41.0854688741393,29.056902798739348,127.71998317434759,57.3341054698427,9.42848,2057.4,2194.56,2019-01-15 19:42:01+00:00,THY322,LTBA,,300.0,1.0920169215018585e-06,0.9271960201695799
1547581322,4ba9a9,41.0862602621822,29.05852577903054,128.15335950986076,57.4582464400049,9.42848,2065.0200000000004,2202.1800000000003,2019-01-15 19:42:02+00:00,THY322,LTBA,,300.0,1.0920169215018585e-06,0.9271960201695799
1547581323,4ba9a9,41.08667923232256,29.059337269176137,128.15335950986076,57.4582464400049,9.42848,2072.6400000000003,2217.42,2019-01-15 19:42:03+00:00,THY322,LTBA,,300.0,1.0920169215018585e-06,0.9271960201695799
1547581324,4ba9a9,41.08708190917969,29.0601806640625,128.8638578801964,57.38846315330853,9.10336,2080.26,2225.04,2019-01-15 19:42:04+00:00,THY322,LTBA,,300.0,1.0920169215018585e-06,0.9271960201695799
1547581325,4ba9a9,41.08798269498146,29.062083851207387,128.8638578801964,57.38846315330853,8.77824,2087.88,2232.6600000000003,2019-01-15 19:42:05+00:00,THY322,LTBA,,300.0,1.0920169215018585e-06,0.9271960201695799
1547581326,4ba9a9,41.08849476959745,29.06320745294744,129.29749390414335,57.511323492570924,8.77824,2103.1200000000003,2240.28,2019-01-15 19:42:06+00:00,THY322,LTBA,,300.0,1.0920169215018585e-06,0.9271960201695799
1547581327,4ba9a9,41.08905029296875,29.0643310546875,129.29749390414335,57.511323492570924,8.77824,2110.7400000000002,2247.9,2019-01-15 19:42:07+00:00,THY322,LTBA,,300.0,1.0920169215018585e-06,0.9271960201695799
1547581328,4ba9a9,41.089874267578125,29.06597900390625,129.7317204745038,57.63336193527502,8.45312,2118.36,2255.52,2019-01-15 19:42:08+00:00,THY322,LTBA,,300.0,1.0920169215018585e-06,0.9271960201695799
1547581329,4ba9a9,41.09010314941406,29.0665283203125,130.0078465315484,57.441864256138395,8.77824,2125.98,2270.76,2019-01-15 19:42:09+00:00,THY322,LTBA,,300.0,1.0920169215018585e-06,0.9271960201695799
1547581330,4ba9a9,41.091064453125,29.06854248046875,130.0078465315484,57.441864256138395,8.77824,2125.98,2278.38,2019-01-15 19:42:10+00:00,THY322,LTBA,,300.0,1.0920169215018585e-06,0.9271960201695799
1547581331,4ba9a9,41.0917534262447,29.06988664106889,130.44173730984923,57.563469398518386,8.77824,2133.6,2286.0,2019-01-15 19:42:11+00:00,THY322,LTBA,,300.0,1.0920169215018585e-06,0.9271960201695799
1547581332,4ba9a9,41.0921630859375,29.07073974609375,130.71838814859157,57.373160034193376,8.77824,2156.46,2293.62,2019-01-15 19:42:12+00:00,THY322,LTBA,,300.0,1.0920169215018585e-06,0.9271960201695799
1547581333,4ba9a9,41.092544814287606,29.071572043678977,130.71838814859157,57.373160034193376,8.77824,2148.84,2308.86,2019-01-15 19:42:13+00:00,THY322,LTBA,,300.0,1.0920169215018585e-06,0.9271960201695799
1547581334,4ba9a9,41.09367370605469,29.0738525390625,131.15194614669346,57.494333718418105,8.77824,2171.7,2316.48,2019-01-15 19:42:14+00:00,THY322,LTBA,,300.0,1.0920169215018585e-06,0.9271960201695799
1547581335,4ba9a9,41.0943603515625,29.075254960493606,131.15194614669346,57.494333718418105,8.77824,2171.7,2324.1,2019-01-15 19:42:15+00:00,THY322,LTBA,,300.0,1.0920169215018585e-06,0.9271960201695799
1547581336,4ba9a9,41.09486389160156,29.07635498046875,131.86234388268394,57.42594286542749,9.42848,2186.94,2331.7200000000003,2019-01-15 19:42:16+00:00,THY322,LTBA,,300.0,1.0920169215018585e-06,0.9271960201695799
1547581337,4ba9a9,41.095291396318856,29.07719005237926,131.86234388268394,57.42594286542749,9.42848,2194.56,2346.96,2019-01-15 19:42:17+00:00,THY322,LTBA,,300.0,1.0920169215018585e-06,0.9271960201695799
1547581338,4ba9a9,41.096129336599574,29.07893787730824,131.86234388268394,57.42594286542749,9.42848,2202.18,2354.58,2019-01-15 19:42:18+00:00,THY322,LTBA,,300.0,1.0920169215018585e-06,0.9271960201695799
1547581339,4ba9a9,41.09678649902344,29.080322265625,132.57292748114816,57.35828505931763,9.42848,2217.42,2362.2000000000003,2019-01-15 19:42:19+00:00,THY322,LTBA,,300.0,1.0920169215018585e-06,0.9271960201695799
1547581340,4ba9a9,41.09733969478284,29.081497192382812,133.00640959967276,57.4778177082138,9.42848,2225.04,2377.44,2019-01-15 19:42:20+00:00,THY322,LTBA,,300.0,1.0920169215018585e-06,0.9271960201695799
1547581341,4ba9a9,41.098297119140625,29.08343505859375,133.00640959967276,57.4778177082138,9.42848,2232.66,2385.06,2019-01-15 19:42:21+00:00,THY322,LTBA,,300.0,1.0920169215018585e-06,0.9271960201695799
1547581342,4ba9a9,41.098875918630824,29.084618308327414,133.44046685143286,57.596573235818504,9.7536,2247.9,2392.6800000000003,2019-01-15 19:42:22+00:00,THY322,LTBA,,300.0,1.0920169215018585e-06,0.9271960201695799
1547581343,4ba9a9,41.09953308105469,29.0860595703125,133.7168511334951,57.41046309828439,9.7536,2255.52,2407.92,2019-01-15 19:42:23+00:00,THY322,LTBA,,300.0,1.0920169215018585e-06,0.9271960201695799
1547581344,4ba9a9,41.100128173828125,29.08721923828125,133.7168511334951,57.41046309828439,9.7536,2270.7599999999998,2415.54,2019-01-15 19:42:24+00:00,THY322,LTBA,,300.0,1.0920169215018585e-06,0.9271960201695799
1547581345,4ba9a9,41.100784560381356,29.088613336736504,134.15058248568286,57.528807709151515,9.7536,2270.76,2423.1600000000003,2019-01-15 19:42:25+00:00,THY322,LTBA,,300.0,1.0920169215018585e-06,0.9271960201695799
1547581346,4ba9a9,41.101203530521715,29.089487249200992,134.15058248568286,57.528807709151515,9.7536,2286.0,2430.78,2019-01-15 19:42:26+00:00,THY322,LTBA,,300.0,1.0920169215018585e-06,0.9271960201695799
1547581347,4ba9a9,41.10204147080243,29.09117265181108,134.42747550272307,57.34382051082373,9.7536,2293.62,2446.02,2019-01-15 19:42:27+00:00,THY322,LTBA,,300.0,1.0920169215018585e-06,0.9271960201695799
1547581348,4ba9a9,41.10273742675781,29.0926513671875,134.8608838006195,57.4617559205538,9.7536,2308.86,2453.6400000000003,2019-01-15 19:42:28+00:00,THY322,LTBA,,300.0,1.0920169215018585e-06,0.9271960201695799
1547581349,4ba9a9,41.10273742675781,29.0926513671875,134.8608838006195,57.4617559205538,9.7536,2301.2400000000002,2468.88,2019-01-15 19:42:29+00:00,THY322,LTBA,,300.0,1.0920169215018585e-06,0.9271960201695799
1547581350,4ba9a9,41.10401916503906,29.09527587890625,134.8608838006195,57.4617559205538,10.07872,2316.48,2476.5,2019-01-15 19:42:30+00:00,THY322,LTBA,,300.0,1.0920169215018585e-06,0.9271960201695799
1547581351,4ba9a9,41.10469494835805,29.096728238192473,134.8608838006195,57.4617559205538,10.07872,2331.7200000000003,2484.1200000000003,2019-01-15 19:42:31+00:00,THY322,LTBA,,300.0,1.0920169215018585e-06,0.9271960201695799
1547581352,4ba9a9,41.105255126953125,29.097900390625,135.57136787772308,57.395406833758464,10.40384,2339.34,2499.36,2019-01-15 19:42:32+00:00,THY322,LTBA,,300.0,1.0920169215018585e-06,0.9271960201695799
1547581353,4ba9a9,41.10595185877913,29.099349975585938,135.57136787772308,57.395406833758464,10.40384,2346.96,2506.98,2019-01-15 19:42:33+00:00,THY322,LTBA,,300.0,1.0920169215018585e-06,0.9271960201695799
1547581354,4ba9a9,41.10667419433594,29.10076904296875,136.00502273152432,57.512185783446355,10.07872,2362.2,2522.2200000000003,2019-01-15 19:42:34+00:00,THY322,LTBA,,300.0,1.0920169215018585e-06,0.9271960201695799
1547581355,4ba9a9,41.107255321438025,29.101971712979402,136.00502273152432,57.512185783446355,10.07872,2369.82,2529.84,2019-01-15 19:42:35+00:00,THY322,LTBA,,300.0,1.0920169215018585e-06,0.9271960201695799
1547581356,4ba9a9,41.107635498046875,29.10284423828125,136.00502273152432,57.512185783446355,10.40384,2385.06,2537.46,2019-01-15 19:42:36+00:00,THY322,LTBA,,300.0,1.0920169215018585e-06,0.9271960201695799
1547581357,4ba9a9,41.10850524902344,29.1046142578125,136.00502273152432,57.512185783446355,10.40384,2392.68,2552.7000000000003,2019-01-15 19:42:37+00:00,THY322,LTBA,,300.0,1.0920169215018585e-06,0.9271960201695799
1547581358,4ba9a9,41.10916396318856,29.106029163707387,136.4392389799439,57.628221917390434,10.40384,2407.92,2560.32,2019-01-15 19:42:38+00:00,THY322,LTBA,,300.0,1.0920169215018585e-06,0.9271960201695799
1547581359,4ba9a9,41.1097412109375,29.10723876953125,136.8740112801123,57.74352135773417,10.07872,2415.54,2567.94,2019-01-15 19:42:39+00:00,THY322,LTBA,,300.0,1.0920169215018585e-06,0.9271960201695799
1547581360,4ba9a9,41.11042087360964,29.10865090110085,136.8740112801123,57.74352135773417,10.07872,2423.16,2575.56,2019-01-15 19:42:40+00:00,THY322,LTBA,,300.0,1.0920169215018585e-06,0.9271960201695799
1547581361,4ba9a9,41.111114501953125,29.11016845703125,137.3719611876546,58.631463063852934,10.07872,2438.4,2590.8,2019-01-15 19:42:41+00:00,THY322,LTBA,,300.0,1.0920169215018585e-06,0.9271960201695799
1547581362,4ba9a9,41.11167778403072,29.11133506081321,137.72214519658044,59.21976551651283,9.7536,2446.02,2598.42,2019-01-15 19:42:42+00:00,THY322,LTBA,,300.0,1.0920169215018585e-06,0.9271960201695799
1547581363,4ba9a9,41.112579345703125,29.113525390625,138.0187195272837,60.28160773469483,9.10336,2453.64,2613.6600000000003,2019-01-15 19:42:43+00:00,THY322,LTBA,,300.0,1.0920169215018585e-06,0.9271960201695799
1547581364,4ba9a9,41.1129346944518,29.114518599076703,138.11647804705592,61.52579638992563,8.77824,2461.26,2621.28,2019-01-15 19:42:44+00:00,THY322,LTBA,,300.0,1.0920169215018585e-06,0.9271960201695799
1547581365,4ba9a9,41.11316745564089,29.11508039994673,138.11647804705592,61.52579638992563,8.77824,2461.26,2628.9,2019-01-15 19:42:45+00:00,THY322,LTBA,,300.0,1.0920169215018585e-06,0.9271960201695799
1547581366,4ba9a9,41.11395884368379,29.11739002574574,139.2091547581681,64.38190026969548,8.45312,2484.12,2636.52,2019-01-15 19:42:46+00:00,THY322,LTBA,,300.0,1.0920169215018585e-06,0.9271960201695799
1547581367,4ba9a9,41.11461057501324,29.11932511763139,139.2091547581681,64.38190026969548,8.45312,2491.7400000000002,2644.1400000000003,2019-01-15 19:42:47+00:00,THY322,LTBA,,300.0,1.0920169215018585e-06,0.9271960201695799
1547581368,4ba9a9,41.114889888440146,29.120323874733664,140.43096279915684,68.51040120140101,9.10336,2499.36,2651.76,2019-01-15 19:42:48+00:00,THY322,LTBA,,300.0,1.0920169215018585e-06,0.9271960201695799
1547581369,4ba9a9,41.11537170410156,29.1219482421875,140.42813590876568,70.30381830093508,9.7536,2514.6,2667.0,2019-01-15 19:42:49+00:00,THY322,LTBA,,300.0,1.0920169215018585e-06,0.9271960201695799
1547581370,4ba9a9,41.11582946777344,29.1240234375,141.05243954131768,72.1597956922965,10.40384,2514.6000000000004,2674.6200000000003,2019-01-15 19:42:50+00:00,THY322,LTBA,,300.0,1.0920169215018585e-06,0.9271960201695799
1547581371,4ba9a9,41.11610024662341,29.125442504882812,141.32891857702793,73.94001269283936,10.72896,2537.46,2689.86,2019-01-15 19:42:51+00:00,THY322,LTBA,,300.0,8.572682067001027e-07,0.8580495612972044
1547581372,4ba9a9,41.11637956005032,29.126815795898438,141.24275267875404,75.66007149865777,10.72896,2537.46,2697.48,2019-01-15 19:42:52+00:00,THY322,LTBA,,300.0,8.572682067001027e-07,0.8580495612972044
1547581373,4ba9a9,41.11665344238281,29.12860107421875,141.78603020678622,77.42609526788017,11.05408,2552.7000000000003,2712.7200000000003,2019-01-15 19:42:53+00:00,THY322,LTBA,,300.0,8.572682067001027e-07,0.8580495612972044
1547581374,4ba9a9,41.11693818690413,29.13031144575639,141.78603020678622,77.42609526788017,11.05408,2560.32,2720.34,2019-01-15 19:42:54+00:00,THY322,LTBA,,300.0,8.572682067001027e-07,0.8580495612972044
1547581375,4ba9a9,41.1170654296875,29.13177490234375,142.09088560328973,79.99202019855866,11.704320000000001,2575.56,2735.58,2019-01-15 19:42:55+00:00,THY322,LTBA,,300.0,8.572682067001027e-07,0.8580495612972044
1547581376,4ba9a9,41.11729431152344,29.13397216796875,142.0955419239916,81.2538377374448,12.029440000000001,2590.8,2750.82,2019-01-15 19:42:56+00:00,THY322,LTBA,,300.0,8.572682067001027e-07,0.8580495612972044
1547581377,4ba9a9,41.117450261520126,29.135679765181106,142.16909155078184,82.51496104962666,12.354560000000001,2598.42,2766.06,2019-01-15 19:42:57+00:00,THY322,LTBA,,300.0,8.572682067001027e-07,0.8580495612972044
1547581378,4ba9a9,41.11756896972656,29.13720703125,142.16909155078184,82.51496104962666,12.354560000000001,9326.880000000001,2773.6800000000003,2019-01-15 19:42:58+00:00,THY322,LTBA,,300.0,8.572682067001027e-07,0.8580495612972044
1547581379,4ba9a9,41.117683022709215,29.138925725763492,142.2035257637891,84.18628282066511,13.004800000000001,2621.28,2788.92,2019-01-15 19:42:59+00:00,THY322,LTBA,,300.0,8.572682067001027e-07,0.8580495612972044
1547581380,4ba9a9,41.1177978515625,29.1400146484375,142.2035257637891,84.18628282066511,13.004800000000001,2628.9,2804.1600000000003,2019-01-15 19:43:00+00:00,THY322,LTBA,,300.0,8.572682067001027e-07,0.8580495612972044
1547581381,4ba9a9,41.117822679422666,29.141110506924715,142.0098411828995,85.0122784849347,13.329920000000001,2628.9,2819.4,2019-01-15 19:43:01+00:00,THY322,LTBA,,300.0,8.572682067001027e-07,0.8580495612972044
1547581382,4ba9a9,41.118008888373936,29.1443564675071,142.35884141393655,85.8553762588957,13.004800000000001,2667.0,2834.6400000000003,2019-01-15 19:43:02+00:00,THY322,LTBA,,300.0,8.572682067001027e-07,0.8580495612972044
1547581383,4ba9a9,41.118072509765625,29.14544677734375,142.28817986362745,86.26860300083956,13.004800000000001,2682.2400000000002,2842.26,2019-01-15 19:43:03+00:00,THY322,LTBA,,300.0,8.572682067001027e-07,0.8580495612972044
1547581384,4ba9a9,41.118101992849574,29.146915782581676,142.25562655615502,86.47536493830131,13.004800000000001,2689.86,2857.5,2019-01-15 19:43:04+00:00,THY322,LTBA,,300.0,8.572682067001027e-07,0.8580495612972044
1547581385,4ba9a9,41.1181640625,29.148681640625,142.19608123510133,86.88915934650925,13.004800000000001,2705.1000000000004,2872.7400000000002,2019-01-15 19:43:05+00:00,THY322,LTBA,,300.0,8.572682067001027e-07,0.8580495612972044
1547581386,4ba9a9,41.118241649563025,29.150473854758523,142.16909155078184,87.09618113490372,13.004800000000001,2712.7200000000003,2887.98,2019-01-15 19:43:06+00:00,THY322,LTBA,,300.0,8.572682067001027e-07,0.8580495612972044
1547581387,4ba9a9,41.11830139160156,29.1522216796875,142.14395861726913,87.30327883622935,13.004800000000001,2735.5800000000004,2895.6000000000004,2019-01-15 19:43:07+00:00,THY322,LTBA,,300.0,8.572682067001027e-07,0.8580495612972044
1547581388,4ba9a9,41.11834716796875,29.15338134765625,142.14395861726913,87.30327883622935,13.004800000000001,2743.2000000000003,2910.84,2019-01-15 19:43:08+00:00,THY322,LTBA,,300.0,8.572682067001027e-07,0.8580495612972044
1547581389,4ba9a9,41.11838130627648,29.155155528675426,142.12068341961884,87.51044707800085,13.004800000000001,2758.44,2926.08,2019-01-15 19:43:09+00:00,THY322,LTBA,,300.0,8.572682067001027e-07,0.8580495612972044
1547581390,4ba9a9,41.118438720703125,29.156982421875,142.12068341961884,87.51044707800085,13.004800000000001,2766.0600000000004,2941.32,2019-01-15 19:43:10+00:00,THY322,LTBA,,300.0,8.572682067001027e-07,0.8580495612972044
1547581391,4ba9a9,41.1185302734375,29.1588134765625,142.12068341961884,87.51044707800085,13.004800000000001,2773.68,2956.56,2019-01-15 19:43:11+00:00,THY322,LTBA,,300.0,8.572682067001027e-07,0.8580495612972044
1547581392,4ba9a9,41.11856751522775,29.160586270419035,142.0992668706964,87.71768047669488,13.004800000000001,2796.5400000000004,2971.8,2019-01-15 19:43:12+00:00,THY322,LTBA,,300.0,8.572682067001027e-07,0.8580495612972044
1547581393,4ba9a9,41.11861406746557,29.162708629261363,142.0992668706964,87.71768047669488,13.329920000000001,2811.78,2979.42,2019-01-15 19:43:13+00:00,THY322,LTBA,,300.0,8.572682067001027e-07,0.8580495612972044
1547581394,4ba9a9,41.11866760253906,29.1641845703125,142.0992668706964,87.71768047669488,13.329920000000001,2819.4,2994.6600000000003,2019-01-15 19:43:14+00:00,THY322,LTBA,,300.0,8.572682067001027e-07,0.8580495612972044
1547581395,4ba9a9,41.11871337890625,29.1656494140625,142.0992668706964,87.71768047669488,13.004800000000001,2827.02,3009.9,2019-01-15 19:43:15+00:00,THY322,LTBA,,300.0,8.572682067001027e-07,0.8580495612972044
1547581396,4ba9a9,41.11875372417902,29.16745272549716,142.0992668706964,87.71768047669488,13.004800000000001,2842.2599999999998,3025.1400000000003,2019-01-15 19:43:16+00:00,THY322,LTBA,,300.0,8.572682067001027e-07,0.8580495612972044
1547581397,4ba9a9,41.118804931640625,29.16845703125,142.0992668706964,87.71768047669488,12.679680000000001,2849.88,3032.76,2019-01-15 19:43:17+00:00,THY322,LTBA,,300.0,8.572682067001027e-07,0.8580495612972044
1547581398,4ba9a9,41.11884682865466,29.170698686079543,142.0992668706964,87.71768047669488,12.354560000000001,2872.7400000000002,3048.0,2019-01-15 19:43:18+00:00,THY322,LTBA,,300.0,8.572682067001027e-07,0.8580495612972044
1547581399,4ba9a9,41.118896484375,29.17242431640625,142.0992668706964,87.71768047669488,12.354560000000001,2880.36,3063.2400000000002,2019-01-15 19:43:19+00:00,THY322,LTBA,,300.0,8.572682067001027e-07,0.8580495612972044
1547581400,4ba9a9,41.11898648536811,29.17394464666193,142.0992668706964,87.71768047669488,12.354560000000001,2895.6,3070.86,2019-01-15 19:43:20+00:00,THY322,LTBA,,300.0,8.572682067001027e-07,0.8580495612972044
1547581401,4ba9a9,41.11903381347656,29.1756591796875,142.0992668706964,87.71768047669488,12.354560000000001,2910.84,3086.1000000000004,2019-01-15 19:43:21+00:00,THY322,LTBA,,300.0,8.572682067001027e-07,0.8580495612972044
1547581402,4ba9a9,41.11907958984375,29.1778564453125,142.0992668706964,87.71768047669488,12.029440000000001,2918.46,3101.34,2019-01-15 19:43:22+00:00,THY322,LTBA,,300.0,8.572682067001027e-07,0.8580495612972044
1547581403,4ba9a9,41.11912614208157,29.17931296608665,142.0992668706964,87.71768047669488,12.029440000000001,2933.7,3108.96,2019-01-15 19:43:23+00:00,THY322,LTBA,,300.0,8.572682067001027e-07,0.8580495612972044
1547581404,4ba9a9,41.119171142578125,29.18109130859375,142.0992668706964,87.71768047669488,12.029440000000001,2941.32,3124.2000000000003,2019-01-15 19:43:24+00:00,THY322,LTBA,,300.0,8.572682067001027e-07,0.8580495612972044
1547581405,4ba9a9,41.1192192465572,29.182933460582387,142.0992668706964,87.71768047669488,11.704320000000001,2956.56,3131.82,2019-01-15 19:43:25+00:00,THY322,LTBA,,300.0,8.572682067001027e-07,0.8580495612972044
1547581406,4ba9a9,41.1192626953125,29.18402099609375,142.0992668706964,87.71768047669488,11.704320000000001,2964.18,3147.06,2019-01-15 19:43:26+00:00,THY322,LTBA,,300.0,8.572682067001027e-07,0.8580495612972044
1547581407,4ba9a9,41.11931235103284,29.186179421164773,142.61330424999485,87.72591123127297,10.40384,2979.42,3154.6800000000003,2019-01-15 19:43:27+00:00,THY322,LTBA,,300.0,8.572682067001027e-07,0.8580495612972044
1547581408,4ba9a9,41.11940002441406,29.18798828125,142.61330424999485,87.72591123127297,10.40384,2987.04,3162.3,2019-01-15 19:43:28+00:00,THY322,LTBA,,300.0,8.572682067001027e-07,0.8580495612972044
1547581409,4ba9a9,41.11944580078125,29.189453125,142.61330424999485,87.72591123127297,9.10336,2987.04,3169.92,2019-01-15 19:43:29+00:00,THY322,LTBA,,300.0,8.572682067001027e-07,0.8580495612972044
1547581410,4ba9a9,41.11945200774629,29.190861095081676,143.6413877428815,87.74219601132756,7.477760000000001,3002.2799999999997,3177.54,2019-01-15 19:43:30+00:00,THY322,LTBA,,300.0,8.572682067001027e-07,0.8580495612972044
1547581411,4ba9a9,41.11954511222193,29.1930458762429,143.6413877428815,87.74219601132756,6.827520000000001,3009.9,3185.1600000000003,2019-01-15 19:43:31+00:00,THY322,LTBA,,300.0,8.572682067001027e-07,0.8580495612972044
1547581412,4ba9a9,41.11958312988281,29.1949462890625,143.6413877428815,87.74219601132756,6.827520000000001,3009.9,3192.78,2019-01-15 19:43:32+00:00,THY322,LTBA,,300.0,8.572682067001027e-07,0.8580495612972044
1547581413,4ba9a9,41.11958312988281,29.1949462890625,144.15543379417878,87.75025129654237,6.502400000000001,3017.52,3200.4,2019-01-15 19:43:33+00:00,THY322,LTBA,,300.0,8.572682067001027e-07,0.8580495612972044
1547581414,4ba9a9,41.11967468261719,29.1982421875,145.1835343540607,87.76619073985708,5.8521600000000005,3025.14,3200.4,2019-01-15 19:43:34+00:00,THY322,LTBA,,300.0,8.572682067001027e-07,0.8580495612972044
1547581415,4ba9a9,41.1197313211732,29.2000995982777,145.1835343540607,87.76619073985708,5.8521600000000005,3025.14,3208.02,2019-01-15 19:43:35+00:00,THY322,LTBA,,300.0,8.572682067001027e-07,0.8580495612972044
1547581416,4ba9a9,41.11976623535156,29.20159912109375,145.69758880296735,87.77407610488596,5.52704,3032.7599999999998,3215.6400000000003,2019-01-15 19:43:36+00:00,THY322,LTBA,,300.0,8.572682067001027e-07,0.8580495612972044
1547581417,4ba9a9,41.11981201171875,29.20233154296875,146.21164599209828,87.78190602265175,5.52704,3040.38,3223.26,2019-01-15 19:43:37+00:00,THY322,LTBA,,300.0,8.572682067001027e-07,0.8580495612972044
1547581418,4ba9a9,41.11985778808594,29.20526123046875,146.72570589265214,87.7896810756461,5.20192,3040.38,3223.26,2019-01-15 19:43:38+00:00,THY322,LTBA,,300.0,8.572682067001027e-07,0.8580495612972044
1547581419,4ba9a9,41.119903564453125,29.20672607421875,147.23976847622967,87.7974018382342,5.20192,3055.62,3230.88,2019-01-15 19:43:39+00:00,THY322,LTBA,,300.0,8.572682067001027e-07,0.8580495612972044
1547581420,4ba9a9,41.11996408236229,29.208276922052555,147.7538337148266,87.80506887679584,5.20192,3048.0,3238.5,2019-01-15 19:43:40+00:00,THY322,LTBA,,300.0,8.572682067001027e-07,0.8580495612972044
1547581421,4ba9a9,41.1199951171875,29.210205078125,148.26790158082716,87.81268274986364,4.8768,3055.62,3246.1200000000003,2019-01-15 19:43:41+00:00,THY322,LTBA,,300.0,8.572682067001027e-07,0.8580495612972044
1547581422,4ba9a9,41.120010634600106,29.2102744362571,148.26790158082716,87.81268274986364,4.8768,3063.2400000000002,3246.1200000000003,2019-01-15 19:43:42+00:00,THY322,LTBA,,300.0,8.572682067001027e-07,0.8580495612972044
1547581423,4ba9a9,41.12013244628906,29.213623046875,149.29604508647594,87.827753195222,4.8768,3070.86,3253.7400000000002,2019-01-15 19:43:43+00:00,THY322,LTBA,,300.0,8.572682067001027e-07,0.8580495612972044
1547581424,4ba9a9,41.12015029131356,29.21545548872514,149.81012067277388,87.83521084654652,4.8768,3070.86,3253.7400000000002,2019-01-15 19:43:44+00:00,THY322,LTBA,,300.0,8.572682067001027e-07,0.8580495612972044
1547581425,4ba9a9,41.12022399902344,29.2174072265625,150.32419877976187,87.84261749070211,4.8768,3086.1,3261.36,2019-01-15 19:43:45+00:00,THY322,LTBA,,300.0,8.572682067001027e-07,0.8580495612972044
1547581426,4ba9a9,41.120243395789196,29.218888716264203,150.32419877976187,87.84261749070211,4.8768,3078.48,3268.98,2019-01-15 19:43:46+00:00,THY322,LTBA,,300.0,8.572682067001027e-07,0.8580495612972044
1547581427,4ba9a9,41.12031555175781,29.22088623046875,151.35236245306763,87.85727983552142,4.55168,3086.1,3268.98,2019-01-15 19:43:47+00:00,THY322,LTBA,,300.0,8.572682067001027e-07,0.8580495612972044
1547581428,4ba9a9,41.120361328125,29.222412109375,151.35236245306763,87.85727983552142,4.55168,3086.1,3276.6000000000004,2019-01-15 19:43:48+00:00,THY322,LTBA,,300.0,8.572682067001027e-07,0.8580495612972044
1547581429,4ba9a9,41.120383052502646,29.223570390181106,151.86644796888436,87.86453655762335,4.55168,3093.7200000000003,3276.6000000000004,2019-01-15 19:43:49+00:00,THY322,LTBA,,300.0,8.572682067001027e-07,0.8580495612972044
1547581430,4ba9a9,41.12049865722656,29.2266845703125,152.38053590437735,87.87174431566956,4.55168,3101.34,3284.2200000000003,2019-01-15 19:43:50+00:00,THY322,LTBA,,300.0,8.572682067001027e-07,0.8580495612972044
1547581431,4ba9a9,41.12054443359375,29.22821044921875,152.89462623513907,87.87890360333854,4.55168,3101.34,3291.84,2019-01-15 19:43:51+00:00,THY322,LTBA,,300.0,8.572682067001027e-07,0.8580495612972044
1547581432,4ba9a9,41.120569261453916,29.230561689897016,153.92281398646855,87.89307870931185,4.22656,3108.96,3291.84,2019-01-15 19:43:52+00:00,THY322,LTBA,,300.0,8.572682067001027e-07,0.8580495612972044
1547581433,4ba9a9,41.120615813691735,29.231373180042613,154.43691135983477,87.90009548235483,4.22656,3116.58,3299.46,2019-01-15 19:43:53+00:00,THY322,LTBA,,300.0,8.572682067001027e-07,0.8580495612972044
1547581434,4ba9a9,41.120662365929554,29.23374522816051,154.95101103405614,87.90706569471186,4.22656,3116.58,3299.46,2019-01-15 19:43:54+00:00,THY322,LTBA,,300.0,8.572682067001027e-07,0.8580495612972044
1547581435,4ba9a9,41.1207275390625,29.23565673828125,155.465112986307,87.91398980808512,4.22656,3124.2000000000003,3307.0800000000004,2019-01-15 19:43:55+00:00,THY322,LTBA,,300.0,8.572682067001027e-07,0.8580495612972044
1547581436,4ba9a9,41.120755470405186,29.237303300337356,155.97921719406236,87.92086827809526,3.90144,3124.2000000000003,3307.0800000000004,2019-01-15 19:43:56+00:00,THY322,LTBA,,300.0,8.572682067001027e-07,0.8580495612972044
1547581437,4ba9a9,41.120819091796875,29.23931884765625,155.97921719406236,87.92086827809526,3.90144,3131.82,3314.7000000000003,2019-01-15 19:43:57+00:00,THY322,LTBA,,300.0,8.572682067001027e-07,0.8580495612972044
1547581438,4ba9a9,41.12086486816406,29.24005126953125,157.00743228746165,87.93449008069682,3.90144,3131.82,3314.7000000000003,2019-01-15 19:43:58+00:00,THY322,LTBA,,300.0,8.572682067001027e-07,0.8580495612972044
1547581439,4ba9a9,41.120895127118644,29.24173528497869,157.52154312951595,87.9412342950095,3.90144,3139.44,3322.32,2019-01-15 19:43:59+00:00,THY322,LTBA,,300.0,8.572682067001027e-07,0.8580495612972044
1547581440,4ba9a9,41.12095642089844,29.24365234375,158.0356561398861,87.94793462959132,4.22656,3139.44,3322.32,2019-01-15 19:44:00+00:00,THY322,LTBA,,300.0,8.572682067001027e-07,0.8580495612972044
1547581441,4ba9a9,41.121034783832094,29.24654180353338,158.5497712974792,87.95459151111278,4.22656,3147.06,3329.94,2019-01-15 19:44:01+00:00,THY322,LTBA,,300.0,8.572682067001027e-07,0.8580495612972044
1547581442,4ba9a9,41.12108133606991,29.248476895419035,159.06388858147494,87.96120536073285,4.22656,3154.68,3337.56,2019-01-15 19:44:02+00:00,THY322,LTBA,,300.0,8.572682067001027e-07,0.8580495612972044
1547581443,4ba9a9,41.12113952636719,29.25054931640625,159.57800797132123,87.96777659418761,4.55168,3154.68,3337.56,2019-01-15 19:44:03+00:00,THY322,LTBA,,300.0,8.572682067001027e-07,0.8580495612972044
1547581444,4ba9a9,41.12117444054555,29.25259676846591,160.09212944672987,87.97430562187733,4.8768,3162.3,3345.1800000000003,2019-01-15 19:44:04+00:00,THY322,LTBA,,300.0,8.572682067001027e-07,0.8580495612972044
1547581445,4ba9a9,41.12123107910156,29.25372314453125,160.09212944672987,87.97430562187733,4.8768,3154.6800000000003,3345.1800000000003,2019-01-15 19:44:05+00:00,THY322,LTBA,,300.0,8.572682067001027e-07,0.8580495612972044
1547581446,4ba9a9,41.12127685546875,29.25665283203125,160.60625298767243,87.98079284895162,4.8768,3169.92,3352.8,2019-01-15 19:44:06+00:00,THY322,LTBA,,300.0,8.572682067001027e-07,0.8580495612972044
1547581447,4ba9a9,41.121368408203125,29.2591552734375,161.1392671027778,87.80443199519439,4.55168,3177.54,3360.42,2019-01-15 19:44:07+00:00,THY322,LTBA,,300.0,8.572682067001027e-07,0.8580495612972044
1547581448,4ba9a9,41.12140720173464,29.259962602095168,161.65333464203155,87.8114174395968,4.8768,3177.54,6309.360000000001,2019-01-15 19:44:08+00:00,THY322,LTBA,,300.0,8.572682067001027e-07,0.8580495612972044
1547581449,4ba9a9,41.12145375397245,29.261585582386363,161.65333464203155,87.8114174395968,4.8768,3185.16,3368.04,2019-01-15 19:44:09+00:00,THY322,LTBA,,300.0,8.572682067001027e-07,0.8580495612972044
1547581450,4ba9a9,41.12150030621027,29.264082475142043,162.6814768607662,87.82525588538995,5.8521600000000005,3192.78,3375.6600000000003,2019-01-15 19:44:10+00:00,THY322,LTBA,,300.0,8.572682067001027e-07,0.8580495612972044
1547581451,4ba9a9,41.121551513671875,29.26611328125,162.6814768607662,87.82525588538995,6.502400000000001,3200.4,3383.28,2019-01-15 19:44:11+00:00,THY322,LTBA,,300.0,8.572682067001027e-07,0.8580495612972044
1547581452,4ba9a9,41.12159341068591,29.267827814275567,163.2158213641419,87.6516466869004,7.152640000000001,3208.02,3390.9,2019-01-15 19:44:12+00:00,THY322,LTBA,,300.0,8.572682067001027e-07,0.8580495612972044
1547581453,4ba9a9,41.12168884277344,29.2698974609375,163.2158213641419,87.6516466869004,7.152640000000001,3208.02,3398.52,2019-01-15 19:44:13+00:00,THY322,LTBA,,300.0,8.572682067001027e-07,0.8580495612972044
1547581454,4ba9a9,41.12168651516154,29.2699501731179,163.2158213641419,87.6516466869004,7.80288,3215.6400000000003,3413.76,2019-01-15 19:44:14+00:00,THY322,LTBA,,300.0,8.572682067001027e-07,0.8580495612972044
1547581455,4ba9a9,41.12178039550781,29.27362060546875,163.70962845032804,87.83892051177364,8.77824,3230.88,3421.38,2019-01-15 19:44:15+00:00,THY322,LTBA,,300.0,8.572682067001027e-07,0.8580495612972044
1547581456,4ba9a9,41.121826171875,29.275693026455965,163.69103651964065,88.01886044603461,9.42848,3246.12,3429.0,2019-01-15 19:44:16+00:00,THY322,LTBA,,300.0,8.572682067001027e-07,0.8580495612972044
1547581457,4ba9a9,41.12187194824219,29.27777099609375,164.1729364312782,88.38393334931428,10.07872,3261.36,3444.2400000000002,2019-01-15 19:44:17+00:00,THY322,LTBA,,300.0,8.572682067001027e-07,0.8580495612972044
1547581458,4ba9a9,41.12191927635063,29.27943836558949,164.12779322600088,89.10202056139819,10.72896,3268.98,3451.86,2019-01-15 19:44:18+00:00,THY322,LTBA,,300.0,8.572682067001027e-07,0.8580495612972044
1547581459,4ba9a9,41.12187194824219,29.28155517578125,164.107636,90.0,11.3792,2918.46,3467.1000000000004,2019-01-15 19:44:19+00:00,THY322,LTBA,,300.0,8.572682067001027e-07,0.8580495612972044
1547581460,4ba9a9,41.12187194824219,29.28155517578125,164.13666162121547,91.07753650975853,11.704320000000001,3284.2200000000003,3474.7200000000003,2019-01-15 19:44:20+00:00,THY322,LTBA,,300.0,8.572682067001027e-07,0.8580495612972044
1547581461,4ba9a9,41.12187194824219,29.28155517578125,164.13666162121547,91.07753650975853,11.704320000000001,3284.2200000000003,3489.96,2019-01-15 19:44:21+00:00,THY322,LTBA,,300.0,8.572682067001027e-07,0.8580495612972044
1547581462,4ba9a9,41.12159729003906,29.28778076171875,164.61082615283388,94.48110574810889,12.679680000000001,2987.04,3177.54,2019-01-15 19:44:22+00:00,THY322,LTBA,,300.0,8.572682067001027e-07,0.8580495612972044
1547581463,4ba9a9,41.12154685844809,29.289051402698863,164.98340191254877,95.90614111377052,12.679680000000001,3322.32,3512.82,2019-01-15 19:44:23+00:00,THY322,LTBA,,300.0,8.572682067001027e-07,0.8580495612972044
1547581464,4ba9a9,41.12154685844809,29.289051402698863,164.9473053381791,97.34666235936125,12.679680000000001,3337.5600000000004,3528.0600000000004,2019-01-15 19:44:24+00:00,THY322,LTBA,,300.0,8.572682067001027e-07,0.8580495612972044
1547581465,4ba9a9,41.120988231594275,29.29360823197798,164.9473053381791,97.34666235936125,12.679680000000001,3345.1800000000003,3543.3,2019-01-15 19:44:25+00:00,THY322,LTBA,,300.0,8.572682067001027e-07,0.8580495612972044
1547581466,4ba9a9,41.120988231594275,29.29360823197798,146.21164599209828,87.78190602265175,5.52704,3375.66,3558.54,2019-01-15 19:44:26+00:00,THY322,LTBA,,300.0,8.572682067001027e-07,0.8580495612972044
1547581467,4ba9a9,41.120988231594275,29.29360823197798,165.36073988392968,101.48472076497437,11.704320000000001,3375.6600000000003,3566.1600000000003,2019-01-15 19:44:27+00:00,THY322,LTBA,,300.0,8.572682067001027e-07,0.8580495612972044
1547581468,4ba9a9,41.120988231594275,29.29360823197798,147.7538337148266,87.80506887679584,5.20192,3048.0,3230.88,2019-01-15 19:44:28+00:00,THY322,LTBA,,300.0,8.572682067001027e-07,0.8580495612972044
1547581469,4ba9a9,41.120988231594275,29.29360823197798,148.26790158082716,87.81268274986364,4.8768,3055.62,3589.02,2019-01-15 19:44:29+00:00,THY322,LTBA,,300.0,8.572682067001027e-07,0.8580495612972044
1547581470,4ba9a9,41.120988231594275,29.29360823197798,165.77873090357153,105.84770498192688,11.3792,3413.76,3604.26,2019-01-15 19:44:30+00:00,THY322,LTBA,,300.0,8.572682067001027e-07,0.8580495612972044
1547581471,4ba9a9,41.11894226074219,29.30462646484375,165.63019721952725,107.5344999059207,11.3792,3421.38,3619.5,2019-01-15 19:44:31+00:00,THY322,LTBA,,300.0,8.572682067001027e-07,0.8580495612972044
1547581472,4ba9a9,41.11894226074219,29.30462646484375,157.52154312951595,87.9412342950095,3.90144,3139.44,3627.1200000000003,2019-01-15 19:44:32+00:00,THY322,LTBA,,300.0,8.572682067001027e-07,0.8580495612972044
1547581473,4ba9a9,41.11894226074219,29.30462646484375,165.8816680925211,110.51445119457587,12.029440000000001,3451.86,3642.36,2019-01-15 19:44:33+00:00,THY322,LTBA,,300.0,8.572682067001027e-07,0.8580495612972044
1547581474,4ba9a9,41.11894226074219,29.30462646484375,165.93670130675645,112.03230659943908,12.354560000000001,3139.44,3649.98,2019-01-15 19:44:34+00:00,THY322,LTBA,,300.0,8.572682067001027e-07,0.8580495612972044
1547581475,4ba9a9,41.11894226074219,29.30462646484375,166.108064692332,113.54809276371421,12.354560000000001,3467.1000000000004,3665.2200000000003,2019-01-15 19:44:35+00:00,THY322,LTBA,,300.0,8.572682067001027e-07,0.8580495612972044
1547581476,4ba9a9,41.11894226074219,29.30462646484375,165.92952409654376,115.13494043124899,12.679680000000001,3482.34,3680.46,2019-01-15 19:44:36+00:00,THY322,LTBA,,300.0,8.572682067001027e-07,0.8580495612972044
1547581477,4ba9a9,41.11894226074219,29.30462646484375,165.92952409654376,115.13494043124899,12.679680000000001,3482.34,3695.7000000000003,2019-01-15 19:44:37+00:00,THY322,LTBA,,300.0,8.572682067001027e-07,0.8580495612972044
1547581478,4ba9a9,41.11894226074219,29.30462646484375,165.66374872434585,117.3607747298173,13.004800000000001,3505.2000000000003,3703.32,2019-01-15 19:44:38+00:00,THY322,LTBA,,300.0,8.572682067001027e-07,0.8580495612972044
1547581479,4ba9a9,41.11894226074219,29.30462646484375,165.66374872434585,117.3607747298173,13.004800000000001,3520.4400000000005,3718.5600000000004,2019-01-15 19:44:39+00:00,THY322,LTBA,,300.0,8.572682067001027e-07,0.8580495612972044
1547581480,4ba9a9,41.11894226074219,29.30462646484375,165.90320500262797,119.74488129694224,13.004800000000001,3528.0600000000004,3733.8,2019-01-15 19:44:40+00:00,THY322,LTBA,,300.0,8.572682067001027e-07,0.8580495612972044
1547581481,4ba9a9,41.11248779296875,29.3223876953125,162.6814768607662,87.82525588538995,6.502400000000001,3566.16,3749.04,2019-01-15 19:44:41+00:00,THY322,LTBA,,300.0,8.572682067001027e-07,0.8580495612972044
1547581482,4ba9a9,41.11248779296875,29.3223876953125,165.61341891817716,121.66580074008301,13.655040000000001,3192.78,3764.28,2019-01-15 19:44:42+00:00,THY322,LTBA,,300.0,8.572682067001027e-07,0.8580495612972044
1547581483,4ba9a9,41.11248779296875,29.3223876953125,165.39994641410354,122.55319955285348,14.305280000000002,3215.6400000000003,3413.76,2019-01-15 19:44:43+00:00,THY322,LTBA,,300.0,8.572682067001027e-07,0.8580495612972044
1547581484,4ba9a9,41.11248779296875,29.3223876953125,163.70962845032804,87.83892051177364,8.77824,3238.5,3794.76,2019-01-15 19:44:44+00:00,THY322,LTBA,,300.0,8.572682067001027e-07,0.8580495612972044
1547581485,4ba9a9,41.11248779296875,29.3223876953125,165.22624686552015,123.44267796010683,14.630400000000002,3604.26,3810.0,2019-01-15 19:44:45+00:00,THY322,LTBA,,300.0,8.572682067001027e-07,0.8580495612972044
1547581486,4ba9a9,41.11248779296875,29.3223876953125,164.107636,90.0,11.3792,3276.6000000000004,3467.1000000000004,2019-01-15 19:44:46+00:00,THY322,LTBA,,300.0,8.572682067001027e-07,0.8580495612972044
1547581487,4ba9a9,41.10758972167969,29.33221435546875,164.94088734238517,123.93788509614889,14.955520000000002,3268.9800000000005,3840.48,2019-01-15 19:44:47+00:00,THY322,LTBA,,300.0,8.572682067001027e-07,0.8580495612972044
1547581488,4ba9a9,41.106696694584215,29.33387062766335,164.51433302670677,124.0379127376747,14.955520000000002,3657.6000000000004,3855.7200000000003,2019-01-15 19:44:48+00:00,THY322,LTBA,,300.0,8.572682067001027e-07,0.8580495612972044
1547581489,4ba9a9,41.10632427668167,29.334619695490055,164.107636,90.0,11.3792,3665.2200000000003,3870.96,2019-01-15 19:44:49+00:00,THY322,LTBA,,300.0,8.572682067001027e-07,0.8580495612972044
1547581490,4ba9a9,41.10548400878906,29.33624267578125,164.37753746868535,124.28687697720896,14.305280000000002,3680.4600000000005,3878.5800000000004,2019-01-15 19:44:50+00:00,THY322,LTBA,,300.0,8.572682067001027e-07,0.8580495612972044
1547581491,4ba9a9,41.10383605957031,29.33941650390625,164.13666162121547,91.07753650975853,11.704320000000001,3284.2200000000003,3482.34,2019-01-15 19:44:51+00:00,THY322,LTBA,,300.0,8.572682067001027e-07,0.8580495612972044
1547581492,4ba9a9,41.1031494140625,29.34075927734375,163.95274590172127,124.38815388006108,13.980160000000001,3695.7,3909.0600000000004,2019-01-15 19:44:52+00:00,THY322,LTBA,,300.0,8.572682067001027e-07,0.8580495612972044
1547581493,4ba9a9,41.1031494140625,29.34075927734375,163.95274590172127,124.38815388006108,13.655040000000001,3276.6,3924.3,2019-01-15 19:44:53+00:00,THY322,LTBA,,300.0,8.572682067001027e-07,0.8580495612972044
1547581494,4ba9a9,41.10154724121094,29.3438720703125,164.34050262588588,93.05049449414142,12.354560000000001,3749.0400000000004,3497.5800000000004,2019-01-15 19:44:54+00:00,THY322,LTBA,,300.0,8.572682067001027e-07,0.8580495612972044
1547581495,4ba9a9,41.10154724121094,29.3438720703125,163.95274590172127,124.38815388006108,12.679680000000001,3749.0400000000004,3947.1600000000003,2019-01-15 19:44:55+00:00,THY322,LTBA,,300.0,8.572682067001027e-07,0.8580495612972044
1547581496,4ba9a9,41.10154724121094,29.3438720703125,164.37753746868535,124.28687697720896,12.029440000000001,3749.04,3962.4,2019-01-15 19:44:56+00:00,THY322,LTBA,,300.0,8.572682067001027e-07,0.8580495612972044
1547581497,4ba9a9,41.10154724121094,29.3438720703125,165.69889063323623,104.38139459109061,11.3792,3390.9000000000005,3596.6400000000003,2019-01-15 19:44:57+00:00,THY322,LTBA,,300.0,8.572682067001027e-07,0.8580495612972044
1547581498,4ba9a9,41.10154724121094,29.3438720703125,164.08828273343966,124.13846012451135,11.3792,3779.5200000000004,3985.26,2019-01-15 19:44:58+00:00,THY322,LTBA,,300.0,8.572682067001027e-07,0.8580495612972044
1547581499,4ba9a9,41.10154724121094,29.3438720703125,165.63019721952725,107.5344999059207,11.3792,3421.38,3627.1200000000003,2019-01-15 19:44:59+00:00,THY322,LTBA,,300.0,8.572682067001027e-07,0.8580495612972044
1547581500,4ba9a9,41.10154724121094,29.3438720703125,165.9430807885668,108.99665415548857,11.704320000000001,3429.0000000000005,4008.1200000000003,2019-01-15 19:45:00+00:00,THY322,LTBA,,300.0,8.572682067001027e-07,0.8580495612972044
1547581501,4ba9a9,41.10154724121094,29.3438720703125,165.8816680925211,110.51445119457587,12.029440000000001,3451.86,4015.7400000000002,2019-01-15 19:45:01+00:00,THY322,LTBA,,300.0,8.572682067001027e-07,0.8580495612972044
1547581502,4ba9a9,41.10154724121094,29.3438720703125,164.66789129453002,124.43477142162682,9.7536,3817.62,4030.98,2019-01-15 19:45:02+00:00,THY322,LTBA,,300.0,8.572682067001027e-07,0.8580495612972044
1547581503,4ba9a9,41.10154724121094,29.3438720703125,164.53604891393513,124.68382353741032,9.42848,3474.7200000000003,4038.6000000000004,2019-01-15 19:45:03+00:00,THY322,LTBA,,300.0,8.572682067001027e-07,0.8580495612972044
1547581504,4ba9a9,41.10154724121094,29.3438720703125,165.92952409654376,115.13494043124899,12.679680000000001,3482.34,4046.2200000000003,2019-01-15 19:45:04+00:00,THY322,LTBA,,300.0,8.572682067001027e-07,0.8580495612972044
1547581505,4ba9a9,41.10154724121094,29.3438720703125,164.8293347734058,124.8308716655093,8.77824,3840.48,4053.84,2019-01-15 19:45:05+00:00,THY322,LTBA,,300.0,8.572682067001027e-07,0.8580495612972044
1547581506,4ba9a9,41.091522216796875,29.3631591796875,165.12370246798733,124.97739646750485,8.45312,3497.58,4061.46,2019-01-15 19:45:06+00:00,THY322,LTBA,,300.0,8.572682067001027e-07,0.8580495612972044
1547581507,4ba9a9,41.091522216796875,29.3631591796875,165.66374872434585,117.3607747298173,13.004800000000001,3512.82,3733.8,2019-01-15 19:45:07+00:00,THY322,LTBA,,300.0,8.572682067001027e-07,0.8580495612972044
1547581508,4ba9a9,41.091522216796875,29.3631591796875,165.41914622221816,125.12339882578617,7.80288,3870.96,4076.7000000000003,2019-01-15 19:45:08+00:00,THY322,LTBA,,300.0,8.572682067001027e-07,0.8580495612972044
1547581509,4ba9a9,41.09001159667969,29.365966796875,165.41914622221816,125.12339882578617,7.80288,3863.34,4084.32,2019-01-15 19:45:09+00:00,THY322,LTBA,,300.0,8.572682067001027e-07,0.8580495612972044
1547581510,4ba9a9,41.08821545617055,29.369326504794035,166.43277149804194,125.31121343963319,7.477760000000001,3878.58,4091.94,2019-01-15 19:45:10+00:00,THY322,LTBA,,300.0,8.572682067001027e-07,0.8580495612972044
1547581511,4ba9a9,41.086944580078125,29.3717041015625,166.43277149804194,125.31121343963319,7.477760000000001,3893.8200000000006,4099.56,2019-01-15 19:45:11+00:00,THY322,LTBA,,300.0,8.572682067001027e-07,0.8580495612972044
1547581512,4ba9a9,41.08616715770657,29.373071843927555,166.7306575421732,125.45547443444185,7.152640000000001,3893.82,4107.18,2019-01-15 19:45:12+00:00,THY322,LTBA,,300.0,8.572682067001027e-07,0.8580495612972044
1547581513,4ba9a9,41.08525085449219,29.37481689453125,166.7306575421732,125.45547443444185,7.152640000000001,3901.44,4114.8,2019-01-15 19:45:13+00:00,THY322,LTBA,,300.0,8.572682067001027e-07,0.8580495612972044
1547581514,4ba9a9,41.084305068193856,29.37656749378551,167.02959679538748,125.59921995897618,7.152640000000001,3909.06,4122.42,2019-01-15 19:45:14+00:00,THY322,LTBA,,300.0,7.743051544780386e-07,0.8215143784028355
1547581515,4ba9a9,41.08374644134004,29.377628673206676,167.32958361291722,125.74245097125268,7.152640000000001,3924.3,4130.04,2019-01-15 19:45:15+00:00,THY322,LTBA,,300.0,7.743051544780386e-07,0.8215143784028355
1547581516,4ba9a9,41.08282470703125,29.3792724609375,168.04768205656993,125.78235579006133,6.827520000000001,3924.2999999999997,4137.66,2019-01-15 19:45:16+00:00,THY322,LTBA,,300.0,7.743051544780386e-07,0.8215143784028355
1547581517,4ba9a9,41.08183779958951,29.38106190074574,168.04768205656993,125.78235579006133,6.827520000000001,3931.9200000000005,4145.280000000001,2019-01-15 19:45:17+00:00,THY322,LTBA,,300.0,7.743051544780386e-07,0.8215143784028355
1547581518,4ba9a9,41.08183779958951,29.38106190074574,168.34899881361073,125.92439298911907,6.502400000000001,3939.5400000000004,4152.900000000001,2019-01-15 19:45:18+00:00,THY322,LTBA,,300.0,7.743051544780386e-07,0.8215143784028355
1547581519,4ba9a9,41.08030700683594,29.38385009765625,168.34899881361073,125.92439298911907,6.502400000000001,3939.5400000000004,4160.52,2019-01-15 19:45:19+00:00,THY322,LTBA,,300.0,7.743051544780386e-07,0.8215143784028355
1547581520,4ba9a9,41.079417083222985,29.385556307705965,169.0674634867208,125.96328417300403,6.1772800000000005,3954.78,4168.14,2019-01-15 19:45:20+00:00,THY322,LTBA,,300.0,7.743051544780386e-07,0.8215143784028355
1547581521,4ba9a9,41.07843017578125,29.38726806640625,169.37009115339495,126.10414303033672,6.1772800000000005,3954.78,4168.14,2019-01-15 19:45:21+00:00,THY322,LTBA,,300.0,7.743051544780386e-07,0.8215143784028355
1547581522,4ba9a9,41.07764809818591,29.388677423650567,169.37009115339495,126.10414303033672,6.1772800000000005,3962.4,4175.76,2019-01-15 19:45:22+00:00,THY322,LTBA,,300.0,7.743051544780386e-07,0.8215143784028355
1547581523,4ba9a9,41.076530844478285,29.390737360174004,169.67373883439717,126.24449857216273,6.1772800000000005,3970.02,4183.38,2019-01-15 19:45:23+00:00,THY322,LTBA,,300.0,7.743051544780386e-07,0.8215143784028355
1547581524,4ba9a9,41.07554626464844,29.39251708984375,170.08891057729983,126.14204123637165,6.827520000000001,3977.64,4191.0,2019-01-15 19:45:24+00:00,THY322,LTBA,,300.0,7.743051544780386e-07,0.8215143784028355
1547581525,4ba9a9,41.07554626464844,29.39251708984375,170.08891057729983,126.14204123637165,6.827520000000001,3977.64,4198.62,2019-01-15 19:45:25+00:00,THY322,LTBA,,300.0,7.743051544780386e-07,0.8215143784028355
1547581526,4ba9a9,41.07380676269531,29.3956298828125,170.39283048111173,126.28173699486311,7.80288,3992.8799999999997,4206.24,2019-01-15 19:45:26+00:00,THY322,LTBA,,300.0,7.743051544780386e-07,0.8215143784028355
1547581527,4ba9a9,41.07280666545286,29.397416548295453,170.39283048111173,126.28173699486311,8.128,4000.5000000000005,4213.860000000001,2019-01-15 19:45:27+00:00,THY322,LTBA,,300.0,7.743051544780386e-07,0.8215143784028355
1547581528,4ba9a9,41.0718756206965,29.39910195090554,170.6977596883314,126.42093448198787,8.45312,4015.7400000000002,4229.1,2019-01-15 19:45:28+00:00,THY322,LTBA,,300.0,7.743051544780386e-07,0.8215143784028355
1547581529,4ba9a9,41.071037680415785,29.400537664240055,171.11199349900372,126.3186624158767,8.77824,4023.36,4236.72,2019-01-15 19:45:29+00:00,THY322,LTBA,,300.0,7.743051544780386e-07,0.8215143784028355
1547581530,4ba9a9,41.070098876953125,29.40228271484375,171.11199349900372,126.3186624158767,8.77824,4023.36,4244.34,2019-01-15 19:45:30+00:00,THY322,LTBA,,300.0,7.743051544780386e-07,0.8215143784028355
1547581531,4ba9a9,41.06931524761652,29.40372120250355,171.11199349900372,126.3186624158767,9.10336,4038.6,4251.96,2019-01-15 19:45:31+00:00,THY322,LTBA,,300.0,7.743051544780386e-07,0.8215143784028355
1547581532,4ba9a9,41.068359375,29.4053955078125,171.11199349900372,126.3186624158767,9.42848,4038.6,4267.2,2019-01-15 19:45:32+00:00,THY322,LTBA,,300.0,7.743051544780386e-07,0.8215143784028355
1547581533,4ba9a9,41.067535400390625,29.4068603515625,171.11199349900372,126.3186624158767,9.7536,4053.8400000000006,4274.820000000001,2019-01-15 19:45:33+00:00,THY322,LTBA,,300.0,7.743051544780386e-07,0.8215143784028355
1547581534,4ba9a9,41.06749971034163,29.406904740767043,171.11199349900372,126.3186624158767,9.7536,4053.8400000000006,4282.4400000000005,2019-01-15 19:45:34+00:00,THY322,LTBA,,300.0,7.743051544780386e-07,0.8215143784028355
1547581535,4ba9a9,41.065637620828916,29.410337968306106,171.11199349900372,126.3186624158767,10.40384,4076.7000000000003,4297.68,2019-01-15 19:45:35+00:00,THY322,LTBA,,300.0,7.743051544780386e-07,0.8215143784028355
1547581536,4ba9a9,41.06465148925781,29.412109375,171.11199349900372,126.3186624158767,10.40384,4091.94,4305.3,2019-01-15 19:45:36+00:00,THY322,LTBA,,300.0,7.743051544780386e-07,0.8215143784028355
1547581537,4ba9a9,41.063507080078125,29.41412353515625,171.52676986712342,126.21688464388224,10.40384,4091.94,4320.54,2019-01-15 19:45:37+00:00,THY322,LTBA,,300.0,7.743051544780386e-07,0.8215143784028355
1547581538,4ba9a9,41.0628662109375,29.415283203125,171.52676986712342,126.21688464388224,10.40384,4114.8,4328.16,2019-01-15 19:45:38+00:00,THY322,LTBA,,300.0,7.743051544780386e-07,0.8215143784028355
1547581539,4ba9a9,41.0619134418035,29.416954734108664,171.52676986712342,126.21688464388224,10.40384,4114.800000000001,4335.780000000001,2019-01-15 19:45:39+00:00,THY322,LTBA,,300.0,7.743051544780386e-07,0.8215143784028355
1547581540,4ba9a9,41.060943603515625,29.41876220703125,171.52676986712342,126.21688464388224,10.07872,4130.040000000001,4351.02,2019-01-15 19:45:40+00:00,THY322,LTBA,,300.0,7.743051544780386e-07,0.8215143784028355
1547581541,4ba9a9,41.05998229980469,29.4205322265625,171.52676986712342,126.21688464388224,10.07872,4122.42,4358.64,2019-01-15 19:45:41+00:00,THY322,LTBA,,300.0,7.743051544780386e-07,0.8215143784028355
1547581542,4ba9a9,41.05902720305879,29.42226063121449,171.52676986712342,126.21688464388224,9.7536,4152.9,4373.88,2019-01-15 19:45:42+00:00,THY322,LTBA,,300.0,7.743051544780386e-07,0.8215143784028355
1547581543,4ba9a9,41.05860823291843,29.4229472767223,171.52676986712342,126.21688464388224,9.7536,4152.9,4373.88,2019-01-15 19:45:43+00:00,THY322,LTBA,,300.0,7.743051544780386e-07,0.8215143784028355
1547581544,4ba9a9,41.057464599609375,29.42510986328125,171.94208486625206,126.11559822883625,9.42848,4168.139999999999,4389.12,2019-01-15 19:45:44+00:00,THY322,LTBA,,300.0,7.743051544780386e-07,0.8215143784028355
1547581545,4ba9a9,41.05646682997881,29.4268798828125,171.94208486625206,126.11559822883625,9.42848,4175.76,4396.74,2019-01-15 19:45:45+00:00,THY322,LTBA,,300.0,7.743051544780386e-07,0.8215143784028355
1547581546,4ba9a9,41.05567544193591,29.428253173828125,172.24580789285451,126.2538377374448,9.42848,4183.380000000001,4411.9800000000005,2019-01-15 19:45:46+00:00,THY322,LTBA,,300.0,7.743051544780386e-07,0.8215143784028355
1547581547,4ba9a9,41.054697844941735,29.430063421075992,172.24580789285451,126.2538377374448,9.42848,4191.0,4419.6,2019-01-15 19:45:47+00:00,THY322,LTBA,,300.0,7.743051544780386e-07,0.8215143784028355
1547581548,4ba9a9,41.05353403899629,29.432185779918324,172.6609261211833,126.15288420189665,9.10336,4206.24,4427.22,2019-01-15 19:45:48+00:00,THY322,LTBA,,300.0,7.743051544780386e-07,0.8215143784028355
1547581549,4ba9a9,41.05293273925781,29.4332275390625,172.6609261211833,126.15288420189665,9.10336,4213.860000000001,4434.84,2019-01-15 19:45:49+00:00,THY322,LTBA,,300.0,7.743051544780386e-07,0.8215143784028355
1547581550,4ba9a9,41.05293273925781,29.4332275390625,172.6609261211833,126.15288420189665,9.10336,4221.48,4442.46,2019-01-15 19:45:50+00:00,THY322,LTBA,,300.0,7.743051544780386e-07,0.8215143784028355
1547581551,4ba9a9,41.05102021815413,29.43674260919744,172.6609261211833,126.15288420189665,9.10336,4229.1,4457.7,2019-01-15 19:45:51+00:00,THY322,LTBA,,300.0,7.743051544780386e-07,0.8215143784028355
1547581552,4ba9a9,41.05000305175781,29.43853759765625,172.6609261211833,126.15288420189665,9.10336,4229.099999999999,4465.320000000001,2019-01-15 19:45:52+00:00,THY322,LTBA,,300.0,7.743051544780386e-07,0.8215143784028355
1547581553,4ba9a9,41.049065024165785,29.4402382590554,173.0765778106488,126.05241524518438,9.10336,4251.960000000001,4472.9400000000005,2019-01-15 19:45:53+00:00,THY322,LTBA,,300.0,7.743051544780386e-07,0.8215143784028355
1547581554,4ba9a9,41.04826354980469,29.44171142578125,173.0765778106488,126.05241524518438,8.45312,4259.58,4480.56,2019-01-15 19:45:54+00:00,THY322,LTBA,,300.0,7.743051544780386e-07,0.8215143784028355
1547581555,4ba9a9,41.0472960391287,29.44342179731889,173.49275912707333,125.95242800009929,7.80288,4259.58,4488.18,2019-01-15 19:45:55+00:00,THY322,LTBA,,300.0,7.743051544780386e-07,0.8215143784028355
1547581556,4ba9a9,41.046295166015625,29.44525146484375,173.49275912707333,125.95242800009929,7.80288,4274.82,4495.8,2019-01-15 19:45:56+00:00,THY322,LTBA,,300.0,7.743051544780386e-07,0.8215143784028355
1547581557,4ba9a9,41.046295166015625,29.44525146484375,173.49275912707333,125.95242800009929,7.477760000000001,4267.2,4503.42,2019-01-15 19:45:57+00:00,THY322,LTBA,,300.0,7.743051544780386e-07,0.8215143784028355
1547581558,4ba9a9,41.0445556640625,29.448486328125,174.21127848514595,125.99005525348548,7.152640000000001,4290.0599999999995,4511.04,2019-01-15 19:45:58+00:00,THY322,LTBA,,300.0,7.743051544780386e-07,0.8215143784028355
1547581559,4ba9a9,41.043525307865465,29.450288252397016,174.21127848514595,125.99005525348548,7.152640000000001,4290.0599999999995,4518.66,2019-01-15 19:45:59+00:00,THY322,LTBA,,300.0,7.743051544780386e-07,0.8215143784028355
1547581560,4ba9a9,41.04277038574219,29.45172119140625,174.6277865771216,125.89086647972252,6.827520000000001,4297.68,4526.280000000001,2019-01-15 19:46:00+00:00,THY322,LTBA,,300.0,7.743051544780386e-07,0.8215143784028355
1547581561,4ba9a9,41.04175632282839,29.453534212979402,174.6277865771216,125.89086647972252,6.827520000000001,4305.300000000001,4533.900000000001,2019-01-15 19:46:01+00:00,THY322,LTBA,,300.0,7.743051544780386e-07,0.8215143784028355
1547581562,4ba9a9,41.041011487023304,29.454969926313918,175.0448155287059,125.79215002842734,6.502400000000001,4312.92,4541.52,2019-01-15 19:46:02+00:00,THY322,LTBA,,300.0,7.743051544780386e-07,0.8215143784028355
1547581563,4ba9a9,41.0402200989804,29.456405639648438,175.34618285695282,125.92850242282286,6.502400000000001,4320.540000000001,4541.52,2019-01-15 19:46:03+00:00,THY322,LTBA,,300.0,7.743051544780386e-07,0.8215143784028355
1547581564,4ba9a9,41.0390625,29.45855712890625,175.76301302155738,125.83010012285443,6.502400000000001,4328.16,4549.14,2019-01-15 19:46:04+00:00,THY322,LTBA,,300.0,7.743051544780386e-07,0.8215143784028355
1547581565,4ba9a9,41.038032143802965,29.460400668057527,175.76301302155738,125.83010012285443,6.502400000000001,4335.780000000001,4556.76,2019-01-15 19:46:05+00:00,THY322,LTBA,,300.0,7.743051544780386e-07,0.8215143784028355
1547581566,4ba9a9,41.03800964355469,29.46044921875,176.4812869962993,125.86774132200638,6.1772800000000005,4343.4,4564.38,2019-01-15 19:46:06+00:00,THY322,LTBA,,300.0,7.743051544780386e-07,0.8215143784028355
1547581567,4ba9a9,41.03626315876589,29.463646628639914,176.4812869962993,125.86774132200638,6.1772800000000005,4343.4,4572.0,2019-01-15 19:46:07+00:00,THY322,LTBA,,300.0,7.743051544780386e-07,0.8215143784028355
1547581568,4ba9a9,41.035052800582626,29.465831409801137,176.4812869962993,125.86774132200638,6.1772800000000005,4343.4,4579.62,2019-01-15 19:46:08+00:00,THY322,LTBA,,300.0,7.743051544780386e-07,0.8215143784028355
1547581569,4ba9a9,41.03407287597656,29.46759033203125,176.89843462930617,125.7701137562723,5.8521600000000005,4358.639999999999,4579.62,2019-01-15 19:46:09+00:00,THY322,LTBA,,300.0,7.743051544780386e-07,0.8215143784028355
1547581570,4ba9a9,41.033843994140625,29.468017578125,176.89843462930617,125.7701137562723,5.8521600000000005,4358.639999999999,4587.24,2019-01-15 19:46:10+00:00,THY322,LTBA,,300.0,7.743051544780386e-07,0.8215143784028355
1547581571,4ba9a9,41.032864845405186,29.469888860529117,177.61658707318904,125.80775690715421,5.8521600000000005,4366.26,4594.860000000001,2019-01-15 19:46:11+00:00,THY322,LTBA,,300.0,7.743051544780386e-07,0.8215143784028355
1547581572,4ba9a9,41.03165448722193,29.47207364169034,178.03404766637487,125.71089258695065,5.52704,3512.82,3741.42,2019-01-15 19:46:12+00:00,THY322,LTBA,,300.0,7.743051544780386e-07,0.8215143784028355
1547581573,4ba9a9,41.03165448722193,29.47207364169034,178.03404766637487,125.71089258695065,5.52704,4366.26,4602.4800000000005,2019-01-15 19:46:13+00:00,THY322,LTBA,,300.0,7.743051544780386e-07,0.8215143784028355
1547581574,4ba9a9,41.03165448722193,29.47207364169034,178.33481556688002,125.84509686478769,5.52704,4381.5,3756.6600000000003,2019-01-15 19:46:14+00:00,THY322,LTBA,,300.0,7.743051544780386e-07,0.8215143784028355
1547581575,4ba9a9,41.03165448722193,29.47207364169034,178.75207935427406,125.74853450972951,5.52704,4389.12,4617.72,2019-01-15 19:46:15+00:00,THY322,LTBA,,300.0,7.743051544780386e-07,0.8215143784028355
1547581576,4ba9a9,41.02825617386123,29.478315873579543,165.08202561157688,123.6900675259798,14.630400000000002,3619.5,4625.34,2019-01-15 19:46:16+00:00,THY322,LTBA,,300.0,7.743051544780386e-07,0.8215143784028355
1547581577,4ba9a9,41.02825617386123,29.478315873579543,179.88776019984516,125.69005982501398,4.8768,3604.26,3832.86,2019-01-15 19:46:17+00:00,THY322,LTBA,,300.0,7.743051544780386e-07,0.8215143784028355
1547581578,4ba9a9,41.02825617386123,29.478315873579543,179.88776019984516,125.69005982501398,4.8768,4404.36,4632.96,2019-01-15 19:46:18+00:00,THY322,LTBA,,300.0,7.743051544780386e-07,0.8215143784028355
1547581579,4ba9a9,41.02825617386123,29.478315873579543,163.95274590172127,124.38815388006108,13.980160000000001,3688.0800000000004,4640.58,2019-01-15 19:46:19+00:00,THY322,LTBA,,300.0,7.743051544780386e-07,0.8215143784028355
1547581580,4ba9a9,41.02825617386123,29.478315873579543,180.60574891462343,125.72739822279969,4.55168,4411.98,4640.58,2019-01-15 19:46:20+00:00,THY322,LTBA,,300.0,7.743051544780386e-07,0.8215143784028355
1547581581,4ba9a9,41.02825617386123,29.478315873579543,181.02362606093342,125.63231890099934,4.55168,4411.98,4648.2,2019-01-15 19:46:21+00:00,THY322,LTBA,,300.0,7.743051544780386e-07,0.8215143784028355
1547581582,4ba9a9,41.02825617386123,29.478315873579543,164.53604891393513,124.68382353741032,9.10336,3840.4800000000005,4648.2,2019-01-15 19:46:22+00:00,THY322,LTBA,,300.0,7.743051544780386e-07,0.8215143784028355
1547581583,4ba9a9,41.02825617386123,29.478315873579543,165.41914622221816,125.12339882578617,8.128,3863.34,4069.0800000000004,2019-01-15 19:46:23+00:00,THY322,LTBA,,300.0,7.743051544780386e-07,0.8215143784028355
1547581584,4ba9a9,41.02825617386123,29.478315873579543,165.41914622221816,125.12339882578617,7.80288,3870.96,4084.32,2019-01-15 19:46:24+00:00,THY322,LTBA,,300.0,7.743051544780386e-07,0.8215143784028355
1547581585,4ba9a9,41.02825617386123,29.478315873579543,182.45944255342022,125.70669140060289,4.55168,4434.84,4663.4400000000005,2019-01-15 19:46:25+00:00,THY322,LTBA,,300.0,7.743051544780386e-07,0.8215143784028355
1547581586,4ba9a9,41.01852675615731,29.496231079101562,182.45944255342022,125.70669140060289,4.55168,4434.84,4671.06,2019-01-15 19:46:26+00:00,THY322,LTBA,,300.0,7.743051544780386e-07,0.8215143784028355
1547581587,4ba9a9,41.01731639797404,29.498478282581676,183.29589907083593,125.51898422672804,4.22656,4442.46,4671.06,2019-01-15 19:46:27+00:00,THY322,LTBA,,300.0,7.743051544780386e-07,0.8215143784028355
1547581588,4ba9a9,41.016265869140625,29.50042724609375,183.5952544519534,125.64965637157623,4.22656,4450.08,4678.68,2019-01-15 19:46:28+00:00,THY322,LTBA,,300.0,7.743051544780386e-07,0.8215143784028355
1547581589,4ba9a9,41.016265869140625,29.50042724609375,184.01353383598044,125.556298454144,4.22656,4450.08,4678.68,2019-01-15 19:46:29+00:00,THY322,LTBA,,300.0,7.743051544780386e-07,0.8215143784028355
1547581590,4ba9a9,41.016265869140625,29.50042724609375,184.01353383598044,125.556298454144,4.22656,3916.6800000000007,4145.280000000001,2019-01-15 19:46:30+00:00,THY322,LTBA,,300.0,7.743051544780386e-07,0.8215143784028355
1547581591,4ba9a9,41.016265869140625,29.50042724609375,184.01353383598044,125.556298454144,4.22656,4457.7,4686.3,2019-01-15 19:46:31+00:00,THY322,LTBA,,300.0,7.743051544780386e-07,0.8215143784028355
1547581592,4ba9a9,41.012786865234375,29.5068359375,185.14981785566542,125.50066501965973,4.22656,4465.32,4693.92,2019-01-15 19:46:32+00:00,THY322,LTBA,,300.0,7.743051544780386e-07,0.8215143784028355
1547581593,4ba9a9,41.011322021484375,29.50958251953125,185.14981785566542,125.50066501965973,4.22656,4465.32,4693.92,2019-01-15 19:46:33+00:00,THY322,LTBA,,300.0,7.743051544780386e-07,0.8215143784028355
1547581594,4ba9a9,41.010498046875,29.51104736328125,185.86741402649602,125.53767779197439,3.90144,4472.94,4160.52,2019-01-15 19:46:34+00:00,THY322,LTBA,,300.0,7.743051544780386e-07,0.8215143784028355
1547581595,4ba9a9,41.010498046875,29.51104736328125,185.86741402649602,125.53767779197439,3.90144,4472.94,4701.54,2019-01-15 19:46:35+00:00,THY322,LTBA,,300.0,7.743051544780386e-07,0.8215143784028355
1547581596,4ba9a9,41.010498046875,29.51104736328125,186.28627430773852,125.44571032759825,3.90144,4480.5599999999995,4709.16,2019-01-15 19:46:36+00:00,THY322,LTBA,,300.0,7.743051544780386e-07,0.8215143784028355
1547581597,4ba9a9,41.010498046875,29.51104736328125,170.08891057729983,126.14204123637165,6.827520000000001,4488.18,4709.16,2019-01-15 19:46:37+00:00,THY322,LTBA,,300.0,7.743051544780386e-07,0.8215143784028355
1547581598,4ba9a9,41.010498046875,29.51104736328125,187.0037551926261,125.48270904051837,3.90144,3992.8800000000006,4229.1,2019-01-15 19:46:38+00:00,THY322,LTBA,,300.0,7.743051544780386e-07,0.8215143784028355
1547581599,4ba9a9,41.010498046875,29.51104736328125,171.11199349900372,126.3186624158767,8.77824,4503.420000000001,4724.400000000001,2019-01-15 19:46:39+00:00,THY322,LTBA,,300.0,7.743051544780386e-07,0.8215143784028355
1547581600,4ba9a9,41.010498046875,29.51104736328125,187.42290005551956,125.39142213130593,3.90144,4495.8,4724.400000000001,2019-01-15 19:46:40+00:00,THY322,LTBA,,300.0,7.743051544780386e-07,0.8215143784028355
1547581601,4ba9a9,41.010498046875,29.51104736328125,188.1402664016444,125.42840434624335,3.90144,4495.8,4732.02,2019-01-15 19:46:41+00:00,THY322,LTBA,,300.0,7.743051544780386e-07,0.8215143784028355
1547581602,4ba9a9,41.010498046875,29.51104736328125,188.1402664016444,125.42840434624335,3.90144,4503.42,4732.02,2019-01-15 19:46:42+00:00,THY322,LTBA,,300.0,7.743051544780386e-07,0.8215143784028355
1547581603,4ba9a9,41.00193786621094,29.5269775390625,188.85771053536237,125.46510559580908,3.90144,4503.42,4739.64,2019-01-15 19:46:43+00:00,THY322,LTBA,,300.0,7.743051544780386e-07,0.8215143784028355
1547581604,4ba9a9,41.00130242816472,29.5281288840554,171.11199349900372,126.3186624158767,10.40384,4518.66,4739.64,2019-01-15 19:46:44+00:00,THY322,LTBA,,300.0,7.743051544780386e-07,0.8215143784028355
1547581605,4ba9a9,41.00130242816472,29.5281288840554,189.2769445904894,125.37475184387608,3.90144,4076.7000000000003,4747.26,2019-01-15 19:46:45+00:00,THY322,LTBA,,300.0,7.743051544780386e-07,0.8215143784028355
1547581606,4ba9a9,41.00130242816472,29.5281288840554,189.99427532497657,125.41143611505622,3.90144,4518.66,4747.26,2019-01-15 19:46:46+00:00,THY322,LTBA,,300.0,7.743051544780386e-07,0.8215143784028355
1547581607,4ba9a9,41.00130242816472,29.5281288840554,189.99427532497657,125.41143611505622,3.90144,4518.66,4754.88,2019-01-15 19:46:47+00:00,THY322,LTBA,,300.0,7.743051544780386e-07,0.8215143784028355
1547581608,4ba9a9,41.00130242816472,29.5281288840554,190.2928286461745,125.53767779197439,4.8768,4145.28,4754.88,2019-01-15 19:46:48+00:00,THY322,LTBA,,300.0,7.743051544780386e-07,0.8215143784028355
1547581609,4ba9a9,41.00130242816472,29.5281288840554,172.24580789285451,126.2538377374448,9.42848,4541.52,4762.5,2019-01-15 19:46:49+00:00,THY322,LTBA,,300.0,7.743051544780386e-07,0.8215143784028355
1547581610,4ba9a9,41.00130242816472,29.5281288840554,191.01050089638778,125.57355491910313,5.52704,4541.5199999999995,4770.12,2019-01-15 19:46:50+00:00,THY322,LTBA,,300.0,7.743051544780386e-07,0.8215143784028355
1547581611,4ba9a9,41.00130242816472,29.5281288840554,191.01050089638778,125.57355491910313,5.52704,4541.5199999999995,4777.740000000001,2019-01-15 19:46:51+00:00,THY322,LTBA,,300.0,7.743051544780386e-07,0.8215143784028355
1547581612,4ba9a9,41.00130242816472,29.5281288840554,191.72824747994784,125.60916344360652,5.8521600000000005,4213.86,4777.740000000001,2019-01-15 19:46:52+00:00,THY322,LTBA,,300.0,7.743051544780386e-07,0.8215143784028355
1547581613,4ba9a9,41.00130242816472,29.5281288840554,173.0765778106488,126.05241524518438,9.10336,4244.34,4465.320000000001,2019-01-15 19:46:53+00:00,THY322,LTBA,,300.0,7.743051544780386e-07,0.8215143784028355
1547581614,4ba9a9,41.00130242816472,29.5281288840554,192.1467278608139,125.51984530592924,6.502400000000001,4564.38,4792.9800000000005,2019-01-15 19:46:54+00:00,THY322,LTBA,,300.0,7.743051544780386e-07,0.8215143784028355
1547581615,4ba9a9,41.00130242816472,29.5281288840554,192.1467278608139,125.51984530592924,6.502400000000001,4572.0,4800.6,2019-01-15 19:46:55+00:00,THY322,LTBA,,300.0,7.743051544780386e-07,0.8215143784028355
1547581616,4ba9a9,41.00130242816472,29.5281288840554,192.1467278608139,125.51984530592924,6.502400000000001,4572.0,4808.22,2019-01-15 19:46:56+00:00,THY322,LTBA,,300.0,7.743051544780386e-07,0.8215143784028355
1547581617,4ba9a9,41.00130242816472,29.5281288840554,192.44606756515407,125.6445063434699,7.152640000000001,4320.54,4815.84,2019-01-15 19:46:57+00:00,THY322,LTBA,,300.0,7.743051544780386e-07,0.8215143784028355
1547581618,4ba9a9,41.03328381554555,29.469139792702414,177.61658707318904,125.80775690715421,5.8521600000000005,4358.639999999999,4587.24,2019-01-15 19:46:58+00:00,THY322,LTBA,,300.0,7.743051544780386e-07,0.8215143784028355
1547581619,4ba9a9,41.03328381554555,29.469139792702414,192.8643626293766,125.55544392458735,7.477760000000001,4602.48,4831.08,2019-01-15 19:46:59+00:00,THY322,LTBA,,300.0,7.743051544780386e-07,0.8215143784028355
1547581620,4ba9a9,41.03328381554555,29.469139792702414,192.8643626293766,125.55544392458735,7.477760000000001,4594.86,4838.7,2019-01-15 19:47:00+00:00,THY322,LTBA,,300.0,7.743051544780386e-07,0.8215143784028355
1547581621,4ba9a9,40.98440396583686,29.559340043501418,178.33481556688002,125.84509686478769,5.52704,4373.88,4846.320000000001,2019-01-15 19:47:01+00:00,THY322,LTBA,,300.0,7.743051544780386e-07,0.8215143784028355
1547581622,4ba9a9,40.98440396583686,29.559340043501418,179.88776019984516,125.69005982501398,4.8768,4396.74,4853.9400000000005,2019-01-15 19:47:02+00:00,THY322,LTBA,,300.0,7.743051544780386e-07,0.8215143784028355
1547581623,4ba9a9,40.98440396583686,29.559340043501418,193.58207129734458,125.59077859188983,7.80288,4632.96,4861.56,2019-01-15 19:47:03+00:00,THY322,LTBA,,300.0,7.743051544780386e-07,0.8215143784028355
1547581624,4ba9a9,40.98440396583686,29.559340043501418,181.02362606093342,125.63231890099934,4.55168,4640.58,4869.18,2019-01-15 19:47:04+00:00,THY322,LTBA,,300.0,7.743051544780386e-07,0.8215143784028355
1547581625,4ba9a9,40.98440396583686,29.559340043501418,181.74149603026405,125.66965204248017,4.55168,4648.2,4876.8,2019-01-15 19:47:05+00:00,THY322,LTBA,,300.0,7.743051544780386e-07,0.8215143784028355
1547581626,4ba9a9,40.98440396583686,29.559340043501418,194.00064533251057,125.50235364138639,7.80288,4655.82,4884.42,2019-01-15 19:47:06+00:00,THY322,LTBA,,300.0,7.743051544780386e-07,0.8215143784028355
1547581627,4ba9a9,40.98440396583686,29.559340043501418,194.2998530458046,125.6258522060734,7.80288,4663.44,4899.66,2019-01-15 19:47:07+00:00,THY322,LTBA,,300.0,7.743051544780386e-07,0.8215143784028355
1547581628,4ba9a9,40.98440396583686,29.559340043501418,194.2998530458046,125.6258522060734,8.128,4663.44,4899.66,2019-01-15 19:47:08+00:00,THY322,LTBA,,300.0,7.743051544780386e-07,0.8215143784028355
1547581629,4ba9a9,40.9757080078125,29.5753173828125,194.2998530458046,125.6258522060734,8.128,4678.68,4914.900000000001,2019-01-15 19:47:09+00:00,THY322,LTBA,,300.0,7.743051544780386e-07,0.8215143784028355
1547581630,4ba9a9,40.97529602050781,29.57611083984375,194.2998530458046,125.6258522060734,8.128,4671.06,4922.52,2019-01-15 19:47:10+00:00,THY322,LTBA,,300.0,7.743051544780386e-07,0.8215143784028355
1547581631,4ba9a9,40.97373962402344,29.5789794921875,194.2998530458046,125.6258522060734,8.128,4686.3,4930.14,2019-01-15 19:47:11+00:00,THY322,LTBA,,300.0,7.743051544780386e-07,0.8215143784028355
1547581632,4ba9a9,40.972719354144594,29.580875743519176,194.2998530458046,125.6258522060734,8.128,4693.92,4937.76,2019-01-15 19:47:12+00:00,THY322,LTBA,,300.0,7.743051544780386e-07,0.8215143784028355
1547581633,4ba9a9,40.971588134765625,29.58294677734375,194.71824326585298,125.53767779197439,7.80288,4716.78,4945.38,2019-01-15 19:47:13+00:00,THY322,LTBA,,300.0,7.743051544780386e-07,0.8215143784028355
1547581634,4ba9a9,40.97029863777807,29.585370150479402,194.71824326585298,125.53767779197439,7.80288,4716.78,4953.0,2019-01-15 19:47:14+00:00,THY322,LTBA,,300.0,7.743051544780386e-07,0.8215143784028355
1547581635,4ba9a9,40.969207763671875,29.58740234375,195.01770706781699,125.66066762349065,7.477760000000001,4724.4,4960.62,2019-01-15 19:47:15+00:00,THY322,LTBA,,300.0,7.743051544780386e-07,0.8215143784028355
1547581636,4ba9a9,40.96833801269531,29.5889892578125,195.01770706781699,125.66066762349065,7.477760000000001,4732.02,4968.240000000001,2019-01-15 19:47:16+00:00,THY322,LTBA,,300.0,7.743051544780386e-07,0.8215143784028355
1547581637,4ba9a9,40.96833801269531,29.5889892578125,195.43591466812282,125.5727425241408,7.152640000000001,4724.400000000001,4975.860000000001,2019-01-15 19:47:17+00:00,THY322,LTBA,,300.0,7.743051544780386e-07,0.8215143784028355
1547581638,4ba9a9,40.966574458752646,29.592236605557527,195.7356325681991,125.69522765935669,6.502400000000001,4739.64,4983.4800000000005,2019-01-15 19:47:18+00:00,THY322,LTBA,,300.0,7.743051544780386e-07,0.8215143784028355
1547581639,4ba9a9,40.96527099609375,29.594608653675426,195.7356325681991,125.69522765935669,6.502400000000001,4747.26,4983.4800000000005,2019-01-15 19:47:19+00:00,THY322,LTBA,,300.0,7.743051544780386e-07,0.8215143784028355
1547581640,4ba9a9,40.96440124511719,29.59625244140625,196.15365873291333,125.60755065918107,6.1772800000000005,4754.88,4991.1,2019-01-15 19:47:20+00:00,THY322,LTBA,,300.0,7.743051544780386e-07,0.8215143784028355
1547581641,4ba9a9,40.96440124511719,29.59625244140625,196.15365873291333,125.60755065918107,6.1772800000000005,4762.5,4998.72,2019-01-15 19:47:21+00:00,THY322,LTBA,,300.0,7.743051544780386e-07,0.8215143784028355
1547581642,4ba9a9,40.96243130958686,29.599852128462356,196.87147466549644,125.64210497800742,5.8521600000000005,4770.12,5006.34,2019-01-15 19:47:22+00:00,THY322,LTBA,,300.0,7.743051544780386e-07,0.8215143784028355
1547581643,4ba9a9,40.961314055879235,29.601912064985793,196.87147466549644,125.64210497800742,5.8521600000000005,4770.12,5006.34,2019-01-15 19:47:23+00:00,THY322,LTBA,,300.0,7.743051544780386e-07,0.8215143784028355
1547581644,4ba9a9,40.9604295633607,29.60353504527699,196.87147466549644,125.64210497800742,5.8521600000000005,4777.74,5013.96,2019-01-15 19:47:24+00:00,THY322,LTBA,,300.0,7.743051544780386e-07,0.8215143784028355
1547581645,4ba9a9,40.959320068359375,29.6055908203125,196.87147466549644,125.64210497800742,5.8521600000000005,4785.36,5021.58,2019-01-15 19:47:25+00:00,THY322,LTBA,,300.0,7.743051544780386e-07,0.8215143784028355
1547581646,4ba9a9,40.95890808105469,29.6063232421875,197.58936168261368,125.67640822186199,6.1772800000000005,4792.98,5029.2,2019-01-15 19:47:26+00:00,THY322,LTBA,,300.0,7.743051544780386e-07,0.8215143784028355
1547581647,4ba9a9,40.95689392089844,29.6099853515625,197.58936168261368,125.67640822186199,6.1772800000000005,4800.6,5036.820000000001,2019-01-15 19:47:27+00:00,THY322,LTBA,,300.0,7.743051544780386e-07,0.8215143784028355
1547581648,4ba9a9,40.95597839355469,29.6116943359375,197.58936168261368,125.67640822186199,6.502400000000001,4800.6,5044.4400000000005,2019-01-15 19:47:28+00:00,THY322,LTBA,,300.0,7.743051544780386e-07,0.8215143784028355
1547581649,4ba9a9,40.95488984706038,29.6136474609375,198.0074840589434,125.58959180330072,6.502400000000001,4808.22,5052.06,2019-01-15 19:47:29+00:00,THY322,LTBA,,300.0,7.743051544780386e-07,0.8215143784028355
1547581650,4ba9a9,40.954010009765625,29.6153564453125,198.30731901227142,125.71046309301487,6.502400000000001,4815.84,5059.68,2019-01-15 19:47:30+00:00,THY322,LTBA,,300.0,7.743051544780386e-07,0.8215143784028355
1547581651,4ba9a9,40.95314025878906,29.61688232421875,198.30731901227142,125.71046309301487,6.502400000000001,4823.46,5067.3,2019-01-15 19:47:31+00:00,THY322,LTBA,,300.0,7.743051544780386e-07,0.8215143784028355
1547581652,4ba9a9,40.95200360831568,29.619015780362215,198.30731901227142,125.71046309301487,6.827520000000001,4831.08,5067.3,2019-01-15 19:47:32+00:00,THY322,LTBA,,300.0,7.743051544780386e-07,0.8215143784028355
1547581653,4ba9a9,40.95112609863281,29.62060546875,198.72526254178922,125.62388865004485,6.827520000000001,4838.7,5074.92,2019-01-15 19:47:33+00:00,THY322,LTBA,,300.0,7.743051544780386e-07,0.8215143784028355
1547581654,4ba9a9,40.949798583984375,29.62310791015625,198.72526254178922,125.62388865004485,7.152640000000001,4838.7,5082.54,2019-01-15 19:47:34+00:00,THY322,LTBA,,300.0,7.743051544780386e-07,0.8215143784028355
1547581655,4ba9a9,40.94892883300781,29.62469482421875,198.72526254178922,125.62388865004485,7.152640000000001,4853.94,5090.16,2019-01-15 19:47:35+00:00,THY322,LTBA,,300.0,7.743051544780386e-07,0.8215143784028355
1547581656,4ba9a9,40.94823287705243,29.62594465775923,199.0253458935404,125.74427225544778,7.152640000000001,4861.56,5097.780000000001,2019-01-15 19:47:36+00:00,THY322,LTBA,,300.0,5.86174328006544e-07,0.7060491557153507
1547581657,4ba9a9,40.94665010096663,29.628816084428266,199.44311171802835,125.65793862184206,7.152640000000001,4869.18,5105.400000000001,2019-01-15 19:47:37+00:00,THY322,LTBA,,300.0,5.86174328006544e-07,0.7060491557153507
1547581658,4ba9a9,40.94576560844809,29.63043906471946,199.44311171802835,125.65793862184206,7.152640000000001,4876.8,5113.02,2019-01-15 19:47:38+00:00,THY322,LTBA,,300.0,5.86174328006544e-07,0.7060491557153507
1547581659,4ba9a9,40.944648354740465,29.6324990012429,199.44311171802835,125.65793862184206,7.152640000000001,4884.42,5120.64,2019-01-15 19:47:39+00:00,THY322,LTBA,,300.0,5.86174328006544e-07,0.7060491557153507
1547581660,4ba9a9,40.94352722167969,29.634521484375,199.74344157635952,125.77783833552348,7.152640000000001,4892.04,5128.26,2019-01-15 19:47:40+00:00,THY322,LTBA,,300.0,5.86174328006544e-07,0.7060491557153507
1547581661,4ba9a9,40.94241384732521,29.636618874289773,200.16103082706522,125.69174435091573,7.152640000000001,4899.66,5135.88,2019-01-15 19:47:41+00:00,THY322,LTBA,,300.0,5.86174328006544e-07,0.7060491557153507
1547581662,4ba9a9,40.94241384732521,29.636618874289773,200.16103082706522,125.69174435091573,6.827520000000001,4907.28,5143.5,2019-01-15 19:47:42+00:00,THY322,LTBA,,300.0,5.86174328006544e-07,0.7060491557153507
1547581663,4ba9a9,40.94041210109904,29.640301791104402,200.16103082706522,125.69174435091573,6.827520000000001,4899.66,5151.12,2019-01-15 19:47:43+00:00,THY322,LTBA,,300.0,5.86174328006544e-07,0.7060491557153507
1547581664,4ba9a9,40.939527608580505,29.641924771395598,200.16103082706522,125.69174435091573,6.502400000000001,4907.28,5158.740000000001,2019-01-15 19:47:44+00:00,THY322,LTBA,,300.0,5.86174328006544e-07,0.7060491557153507
1547581665,4ba9a9,40.9383544921875,29.64404296875,200.87901911910396,125.7253084325423,6.1772800000000005,4922.52,5166.360000000001,2019-01-15 19:47:45+00:00,THY322,LTBA,,300.0,5.86174328006544e-07,0.7060491557153507
1547581666,4ba9a9,40.93794250488281,29.644775390625,200.87901911910396,125.7253084325423,6.1772800000000005,4922.52,5166.360000000001,2019-01-15 19:47:46+00:00,THY322,LTBA,,300.0,5.86174328006544e-07,0.7060491557153507
1547581667,4ba9a9,40.93794250488281,29.644775390625,200.87901911910396,125.7253084325423,6.502400000000001,4930.14,4716.780000000001,2019-01-15 19:47:47+00:00,THY322,LTBA,,300.0,5.86174328006544e-07,0.7060491557153507
1547581668,4ba9a9,40.93794250488281,29.644775390625,201.17983639959667,125.84425156987886,6.502400000000001,4937.76,5181.6,2019-01-15 19:47:48+00:00,THY322,LTBA,,300.0,5.86174328006544e-07,0.7060491557153507
1547581669,4ba9a9,40.93794250488281,29.644775390625,201.59707585495838,125.75863342569106,6.827520000000001,4945.38,5189.22,2019-01-15 19:47:49+00:00,THY322,LTBA,,300.0,5.86174328006544e-07,0.7060491557153507
1547581670,4ba9a9,40.93794250488281,29.644775390625,188.1402664016444,125.42840434624335,3.90144,4968.24,4732.02,2019-01-15 19:47:50+00:00,THY322,LTBA,,300.0,5.86174328006544e-07,0.7060491557153507
1547581671,4ba9a9,40.93794250488281,29.644775390625,189.99427532497657,125.41143611505622,3.90144,4518.66,5204.46,2019-01-15 19:47:51+00:00,THY322,LTBA,,300.0,5.86174328006544e-07,0.7060491557153507
1547581672,4ba9a9,40.93794250488281,29.644775390625,191.01050089638778,125.57355491910313,5.52704,4541.5199999999995,4777.740000000001,2019-01-15 19:47:52+00:00,THY322,LTBA,,300.0,5.86174328006544e-07,0.7060491557153507
1547581673,4ba9a9,40.93794250488281,29.644775390625,201.59707585495838,125.75863342569106,8.128,4541.52,5219.7,2019-01-15 19:47:53+00:00,THY322,LTBA,,300.0,5.86174328006544e-07,0.7060491557153507
1547581674,4ba9a9,40.93794250488281,29.644775390625,202.0147636140227,125.67336914163818,8.45312,4983.4800000000005,5227.320000000001,2019-01-15 19:47:54+00:00,THY322,LTBA,,300.0,5.86174328006544e-07,0.7060491557153507
1547581675,4ba9a9,40.93794250488281,29.644775390625,202.0147636140227,125.67336914163818,8.77824,4991.1,5234.9400000000005,2019-01-15 19:47:55+00:00,THY322,LTBA,,300.0,5.86174328006544e-07,0.7060491557153507
1547581676,4ba9a9,40.92704772949219,29.664794921875,192.1467278608139,125.51984530592924,6.502400000000001,4572.0,5250.18,2019-01-15 19:47:56+00:00,THY322,LTBA,,300.0,5.86174328006544e-07,0.7060491557153507
1547581677,4ba9a9,40.92704772949219,29.664794921875,202.0147636140227,125.67336914163818,9.42848,5013.96,5257.8,2019-01-15 19:47:57+00:00,THY322,LTBA,,300.0,5.86174328006544e-07,0.7060491557153507
1547581678,4ba9a9,40.92704772949219,29.664794921875,192.44606756515407,125.6445063434699,6.827520000000001,5036.82,5273.04,2019-01-15 19:47:58+00:00,THY322,LTBA,,300.0,5.86174328006544e-07,0.7060491557153507
1547581679,4ba9a9,40.92704772949219,29.664794921875,192.8643626293766,125.55544392458735,7.477760000000001,4610.099999999999,5280.66,2019-01-15 19:47:59+00:00,THY322,LTBA,,300.0,5.86174328006544e-07,0.7060491557153507
1547581680,4ba9a9,40.92704772949219,29.664794921875,202.0147636140227,125.67336914163818,9.7536,5036.820000000001,5288.280000000001,2019-01-15 19:48:00+00:00,THY322,LTBA,,300.0,5.86174328006544e-07,0.7060491557153507
1547581681,4ba9a9,40.92704772949219,29.664794921875,202.0147636140227,125.67336914163818,10.40384,5052.06,5303.52,2019-01-15 19:48:01+00:00,THY322,LTBA,,300.0,5.86174328006544e-07,0.7060491557153507
1547581682,4ba9a9,40.92704772949219,29.664794921875,202.0147636140227,125.67336914163818,10.72896,5067.3,5311.14,2019-01-15 19:48:02+00:00,THY322,LTBA,,300.0,5.86174328006544e-07,0.7060491557153507
1547581683,4ba9a9,40.92704772949219,29.664794921875,201.59707585495838,125.75863342569106,10.72896,5067.3,5326.38,2019-01-15 19:48:03+00:00,THY322,LTBA,,300.0,5.86174328006544e-07,0.7060491557153507
1547581684,4ba9a9,40.92704772949219,29.664794921875,201.59707585495838,125.75863342569106,11.05408,5090.16,5334.0,2019-01-15 19:48:04+00:00,THY322,LTBA,,300.0,5.86174328006544e-07,0.7060491557153507
1547581685,4ba9a9,40.91734313964844,29.68255615234375,201.59707585495838,125.75863342569106,11.3792,5097.780000000001,5349.240000000001,2019-01-15 19:48:05+00:00,THY322,LTBA,,300.0,5.86174328006544e-07,0.7060491557153507
1547581686,4ba9a9,40.91688537597656,29.68341064453125,194.2998530458046,125.6258522060734,8.128,4671.06,5364.4800000000005,2019-01-15 19:48:06+00:00,THY322,LTBA,,300.0,5.86174328006544e-07,0.7060491557153507
1547581687,4ba9a9,40.91688537597656,29.68341064453125,201.59707585495838,125.75863342569106,12.029440000000001,4693.92,5372.1,2019-01-15 19:48:07+00:00,THY322,LTBA,,300.0,5.86174328006544e-07,0.7060491557153507
1547581688,4ba9a9,40.91688537597656,29.68341064453125,201.29688209645644,125.63980919808668,12.354560000000001,5143.5,5387.34,2019-01-15 19:48:08+00:00,THY322,LTBA,,300.0,5.86174328006544e-07,0.7060491557153507
1547581689,4ba9a9,40.91688537597656,29.68341064453125,201.29688209645644,125.63980919808668,12.354560000000001,5143.5,5394.96,2019-01-15 19:48:09+00:00,THY322,LTBA,,300.0,5.86174328006544e-07,0.7060491557153507
1547581690,4ba9a9,40.91688537597656,29.68341064453125,200.87901911910396,125.7253084325423,12.679680000000001,5158.74,5410.2,2019-01-15 19:48:10+00:00,THY322,LTBA,,300.0,5.86174328006544e-07,0.7060491557153507
1547581691,4ba9a9,40.91688537597656,29.68341064453125,200.87901911910396,125.7253084325423,12.679680000000001,4747.26,5425.4400000000005,2019-01-15 19:48:11+00:00,THY322,LTBA,,300.0,5.86174328006544e-07,0.7060491557153507
1547581692,4ba9a9,40.91688537597656,29.68341064453125,200.87901911910396,125.7253084325423,13.004800000000001,4762.5,5440.68,2019-01-15 19:48:12+00:00,THY322,LTBA,,300.0,5.86174328006544e-07,0.7060491557153507
1547581693,4ba9a9,40.91688537597656,29.68341064453125,200.16103082706522,125.69174435091573,13.329920000000001,5196.84,5448.3,2019-01-15 19:48:13+00:00,THY322,LTBA,,300.0,5.86174328006544e-07,0.7060491557153507
1547581694,4ba9a9,40.91688537597656,29.68341064453125,200.16103082706522,125.69174435091573,13.329920000000001,5189.22,5463.54,2019-01-15 19:48:14+00:00,THY322,LTBA,,300.0,5.86174328006544e-07,0.7060491557153507
1547581695,4ba9a9,40.91688537597656,29.68341064453125,200.16103082706522,125.69174435091573,13.980160000000001,4777.74,5478.780000000001,2019-01-15 19:48:15+00:00,THY322,LTBA,,300.0,5.86174328006544e-07,0.7060491557153507
1547581696,4ba9a9,40.91688537597656,29.68341064453125,200.16103082706522,125.69174435091573,13.980160000000001,5242.56,5494.02,2019-01-15 19:48:16+00:00,THY322,LTBA,,300.0,5.86174328006544e-07,0.7060491557153507
1547581697,4ba9a9,40.91688537597656,29.68341064453125,199.44311171802835,125.65793862184206,13.655040000000001,4792.9800000000005,5509.26,2019-01-15 19:48:17+00:00,THY322,LTBA,,300.0,5.86174328006544e-07,0.7060491557153507
1547581698,4ba9a9,40.91688537597656,29.68341064453125,198.72526254178922,125.62388865004485,6.827520000000001,5288.28,5524.5,2019-01-15 19:48:18+00:00,THY322,LTBA,,300.0,5.86174328006544e-07,0.7060491557153507
1547581699,4ba9a9,40.91688537597656,29.68341064453125,199.44311171802835,125.65793862184206,13.329920000000001,5280.66,5539.740000000001,2019-01-15 19:48:19+00:00,THY322,LTBA,,300.0,5.86174328006544e-07,0.7060491557153507
1547581700,4ba9a9,40.91688537597656,29.68341064453125,199.14365788553147,125.53767779197439,13.004800000000001,5295.900000000001,5554.9800000000005,2019-01-15 19:48:20+00:00,THY322,LTBA,,300.0,5.86174328006544e-07,0.7060491557153507
1547581701,4ba9a9,40.91688537597656,29.68341064453125,199.14365788553147,125.53767779197439,12.679680000000001,4861.56,5113.02,2019-01-15 19:48:21+00:00,THY322,LTBA,,300.0,5.86174328006544e-07,0.7060491557153507
1547581702,4ba9a9,40.91688537597656,29.68341064453125,199.44311171802835,125.65793862184206,7.152640000000001,5334.0,5577.84,2019-01-15 19:48:22+00:00,THY322,LTBA,,300.0,5.86174328006544e-07,0.7060491557153507
1547581703,4ba9a9,40.91688537597656,29.68341064453125,198.72526254178922,125.62388865004485,12.029440000000001,4892.04,5585.46,2019-01-15 19:48:23+00:00,THY322,LTBA,,300.0,5.86174328006544e-07,0.7060491557153507
1547581704,4ba9a9,40.91688537597656,29.68341064453125,199.0253458935404,125.74427225544778,10.72896,5341.62,5593.08,2019-01-15 19:48:24+00:00,THY322,LTBA,,300.0,5.86174328006544e-07,0.7060491557153507
1547581705,4ba9a9,40.91688537597656,29.68341064453125,200.87901911910396,125.7253084325423,6.1772800000000005,4922.52,5608.320000000001,2019-01-15 19:48:25+00:00,THY322,LTBA,,300.0,5.86174328006544e-07,0.7060491557153507
1547581706,4ba9a9,40.93547058105469,29.64935302734375,199.0253458935404,125.74427225544778,10.07872,5364.4800000000005,5615.9400000000005,2019-01-15 19:48:26+00:00,THY322,LTBA,,300.0,5.86174328006544e-07,0.7060491557153507
1547581707,4ba9a9,40.93547058105469,29.64935302734375,201.17983639959667,125.84425156987886,6.502400000000001,4937.76,5181.6,2019-01-15 19:48:27+00:00,THY322,LTBA,,300.0,5.86174328006544e-07,0.7060491557153507
1547581708,4ba9a9,40.93547058105469,29.64935302734375,199.44311171802835,125.65793862184206,9.10336,4937.76,5631.18,2019-01-15 19:48:28+00:00,THY322,LTBA,,300.0,5.86174328006544e-07,0.7060491557153507
1547581709,4ba9a9,40.93547058105469,29.64935302734375,199.44311171802835,125.65793862184206,8.77824,5387.34,5646.42,2019-01-15 19:48:29+00:00,THY322,LTBA,,300.0,5.86174328006544e-07,0.7060491557153507
1547581710,4ba9a9,40.93547058105469,29.64935302734375,201.59707585495838,125.75863342569106,7.80288,5410.2,5654.04,2019-01-15 19:48:30+00:00,THY322,LTBA,,300.0,5.86174328006544e-07,0.7060491557153507
1547581711,4ba9a9,40.93547058105469,29.64935302734375,199.44311171802835,125.65793862184206,7.477760000000001,5402.58,5661.66,2019-01-15 19:48:31+00:00,THY322,LTBA,,300.0,5.86174328006544e-07,0.7060491557153507
1547581712,4ba9a9,40.93547058105469,29.64935302734375,199.74344157635952,125.77783833552348,7.152640000000001,5410.2,5669.280000000001,2019-01-15 19:48:32+00:00,THY322,LTBA,,300.0,5.86174328006544e-07,0.7060491557153507
1547581713,4ba9a9,40.93547058105469,29.64935302734375,202.0147636140227,125.67336914163818,9.7536,5029.2,5669.280000000001,2019-01-15 19:48:33+00:00,THY322,LTBA,,300.0,5.86174328006544e-07,0.7060491557153507
1547581714,4ba9a9,40.92160499702066,29.674696488813918,200.16103082706522,125.69174435091573,6.827520000000001,5417.820000000001,5676.900000000001,2019-01-15 19:48:34+00:00,THY322,LTBA,,300.0,5.86174328006544e-07,0.7060491557153507
1547581715,4ba9a9,40.92160499702066,29.674696488813918,201.59707585495838,125.75863342569106,10.72896,5067.3,5318.76,2019-01-15 19:48:35+00:00,THY322,LTBA,,300.0,5.86174328006544e-07,0.7060491557153507
1547581716,4ba9a9,40.92160499702066,29.674696488813918,200.16103082706522,125.69174435091573,6.1772800000000005,5074.92,5692.14,2019-01-15 19:48:36+00:00,THY322,LTBA,,300.0,5.86174328006544e-07,0.7060491557153507
1547581717,4ba9a9,40.92160499702066,29.674696488813918,200.87901911910396,125.7253084325423,5.52704,5067.3,5326.38,2019-01-15 19:48:37+00:00,THY322,LTBA,,300.0,5.86174328006544e-07,0.7060491557153507
1547581718,4ba9a9,40.91510009765625,29.68670654296875,200.87901911910396,125.7253084325423,5.20192,5440.68,5699.76,2019-01-15 19:48:38+00:00,THY322,LTBA,,300.0,5.86174328006544e-07,0.7060491557153507
1547581719,4ba9a9,40.912628173828125,29.69122314453125,200.16103082706522,125.69174435091573,13.329920000000001,5196.84,5448.3,2019-01-15 19:48:39+00:00,THY322,LTBA,,300.0,5.86174328006544e-07,0.7060491557153507
1547581720,4ba9a9,40.912628173828125,29.69122314453125,201.59707585495838,125.75863342569106,4.8768,5448.3,5707.38,2019-01-15 19:48:40+00:00,THY322,LTBA,,300.0,5.86174328006544e-07,0.7060491557153507
1547581721,4ba9a9,40.912628173828125,29.69122314453125,201.59707585495838,125.75863342569106,4.8768,5455.92,5715.0,2019-01-15 19:48:41+00:00,THY322,LTBA,,300.0,5.86174328006544e-07,0.7060491557153507
1547581722,4ba9a9,40.912628173828125,29.69122314453125,199.86132847740893,125.57196610596195,13.980160000000001,5250.18,5501.64,2019-01-15 19:48:42+00:00,THY322,LTBA,,300.0,5.86174328006544e-07,0.7060491557153507
1547581723,4ba9a9,40.912628173828125,29.69122314453125,202.3152003058665,125.79172185365107,4.8768,5463.54,5722.62,2019-01-15 19:48:43+00:00,THY322,LTBA,,300.0,5.86174328006544e-07,0.7060491557153507
1547581724,4ba9a9,40.912628173828125,29.69122314453125,202.73271394824468,125.70669140060289,4.8768,5471.160000000001,5730.240000000001,2019-01-15 19:48:44+00:00,THY322,LTBA,,300.0,5.86174328006544e-07,0.7060491557153507
1547581725,4ba9a9,40.900543212890625,29.71343994140625,199.14365788553147,125.53767779197439,12.679680000000001,5303.52,5737.860000000001,2019-01-15 19:48:45+00:00,THY322,LTBA,,300.0,5.86174328006544e-07,0.7060491557153507
1547581726,4ba9a9,40.900543212890625,29.71343994140625,203.45073237058813,125.73977846882853,4.8768,5478.780000000001,5737.860000000001,2019-01-15 19:48:46+00:00,THY322,LTBA,,300.0,5.86174328006544e-07,0.7060491557153507
1547581727,4ba9a9,40.87291135626324,29.764147671786223,203.45073237058813,125.73977846882853,4.8768,5486.400000000001,5745.4800000000005,2019-01-15 19:48:47+00:00,THY322,LTBA,,300.0,6.319563131929908e-07,0.7388465125543366
1547581728,4ba9a9,40.87174987792969,29.7662353515625,203.45073237058813,125.73977846882853,4.8768,5494.02,5753.1,2019-01-15 19:48:48+00:00,THY322,LTBA,,300.0,6.319563131929908e-07,0.7388465125543366
1547581729,4ba9a9,40.870630296610166,29.768267544833098,203.86851680105764,125.65532809790031,5.20192,5494.02,5760.72,2019-01-15 19:48:49+00:00,THY322,LTBA,,300.0,6.319563131929908e-07,0.7388465125543366
1547581730,4ba9a9,40.86968994140625,29.77001953125,204.16881816269859,125.77263280571067,5.52704,5501.64,5760.72,2019-01-15 19:48:50+00:00,THY322,LTBA,,300.0,6.319563131929908e-07,0.7388465125543366
1547581731,4ba9a9,40.8687744140625,29.77166748046875,204.16881816269859,125.77263280571067,5.8521600000000005,5509.26,5768.34,2019-01-15 19:48:51+00:00,THY322,LTBA,,300.0,6.319563131929908e-07,0.7388465125543366
1547581732,4ba9a9,40.867401123046875,29.774169921875,204.58642979373244,125.68841173700888,6.1772800000000005,5516.88,5775.96,2019-01-15 19:48:52+00:00,THY322,LTBA,,300.0,6.319563131929908e-07,0.7388465125543366
1547581733,4ba9a9,40.86671447753906,29.77545166015625,204.58642979373244,125.68841173700888,6.502400000000001,5524.5,5783.58,2019-01-15 19:48:53+00:00,THY322,LTBA,,300.0,6.319563131929908e-07,0.7388465125543366
1547581734,4ba9a9,40.865556102688025,29.77756847034801,204.58642979373244,125.68841173700888,6.827520000000001,5532.120000000001,5791.200000000001,2019-01-15 19:48:54+00:00,THY322,LTBA,,300.0,6.319563131929908e-07,0.7388465125543366
1547581735,4ba9a9,40.86467161016949,29.779191450639203,204.58642979373244,125.68841173700888,6.827520000000001,5532.120000000001,5798.820000000001,2019-01-15 19:48:55+00:00,THY322,LTBA,,300.0,6.319563131929908e-07,0.7388465125543366
1547581736,4ba9a9,40.863555908203125,29.78125,204.8869706162255,125.80525683678009,7.152640000000001,5547.360000000001,5806.4400000000005,2019-01-15 19:48:56+00:00,THY322,LTBA,,300.0,6.319563131929908e-07,0.7388465125543366
1547581737,4ba9a9,40.862576759467686,29.782999212091617,204.8869706162255,125.80525683678009,7.152640000000001,5554.9800000000005,5814.06,2019-01-15 19:48:57+00:00,THY322,LTBA,,300.0,6.319563131929908e-07,0.7388465125543366
1547581738,4ba9a9,40.86071466995498,29.78643243963068,205.30441052092633,125.72126398997852,7.80288,5562.6,5821.68,2019-01-15 19:48:58+00:00,THY322,LTBA,,300.0,6.319563131929908e-07,0.7388465125543366
1547581739,4ba9a9,40.860062938625525,29.787680886008523,205.30441052092633,125.72126398997852,8.128,5570.22,5829.3,2019-01-15 19:48:59+00:00,THY322,LTBA,,300.0,6.319563131929908e-07,0.7388465125543366
1547581740,4ba9a9,40.85893249511719,29.78973388671875,205.30441052092633,125.72126398997852,8.128,5577.84,5836.92,2019-01-15 19:49:00+00:00,THY322,LTBA,,300.0,6.319563131929908e-07,0.7388465125543366
1547581741,4ba9a9,40.85797119140625,29.79144287109375,205.30441052092633,125.72126398997852,8.45312,5585.46,5844.54,2019-01-15 19:49:01+00:00,THY322,LTBA,,300.0,6.319563131929908e-07,0.7388465125543366
1547581742,4ba9a9,40.85792153568591,29.79155106977983,205.30441052092633,125.72126398997852,8.77824,5593.08,5852.16,2019-01-15 19:49:02+00:00,THY322,LTBA,,300.0,6.319563131929908e-07,0.7388465125543366
1547581743,4ba9a9,40.85591125488281,29.79522705078125,205.30441052092633,125.72126398997852,9.42848,5600.700000000001,5867.400000000001,2019-01-15 19:49:03+00:00,THY322,LTBA,,300.0,6.319563131929908e-07,0.7388465125543366
1547581744,4ba9a9,40.854290461136124,29.798167835582387,205.30441052092633,125.72126398997852,10.07872,5615.9400000000005,5882.64,2019-01-15 19:49:04+00:00,THY322,LTBA,,300.0,6.319563131929908e-07,0.7388465125543366
1547581745,4ba9a9,40.85340596861758,29.799853238192473,205.30441052092633,125.72126398997852,10.72896,5623.56,5890.26,2019-01-15 19:49:05+00:00,THY322,LTBA,,300.0,6.319563131929908e-07,0.7388465125543366
1547581746,4ba9a9,40.85243225097656,29.80157470703125,205.30441052092633,125.72126398997852,11.3792,5631.18,5905.5,2019-01-15 19:49:06+00:00,THY322,LTBA,,300.0,6.319563131929908e-07,0.7388465125543366
1547581747,4ba9a9,40.8513576701536,29.803598577325992,204.8869706162255,125.80525683678009,12.029440000000001,5646.42,5913.12,2019-01-15 19:49:07+00:00,THY322,LTBA,,300.0,6.319563131929908e-07,0.7388465125543366
1547581748,4ba9a9,40.850189208984375,29.80572509765625,204.8869706162255,125.80525683678009,12.679680000000001,5661.660000000001,5928.360000000001,2019-01-15 19:49:08+00:00,THY322,LTBA,,300.0,6.319563131929908e-07,0.7388465125543366
1547581749,4ba9a9,40.84950256347656,29.8070068359375,204.58642979373244,125.68841173700888,13.329920000000001,5676.900000000001,5943.6,2019-01-15 19:49:09+00:00,THY322,LTBA,,300.0,6.319563131929908e-07,0.7388465125543366
1547581750,4ba9a9,40.84812927246094,29.80950927734375,204.58642979373244,125.68841173700888,13.980160000000001,5692.14,5958.84,2019-01-15 19:49:10+00:00,THY322,LTBA,,300.0,6.319563131929908e-07,0.7388465125543366
1547581751,4ba9a9,40.84693520756091,29.811651056463067,204.16881816269859,125.77263280571067,14.630400000000002,5699.76,5974.08,2019-01-15 19:49:11+00:00,THY322,LTBA,,300.0,6.319563131929908e-07,0.7388465125543366
1547581752,4ba9a9,40.8460693359375,29.81329345703125,203.86851680105764,125.65532809790031,15.280640000000002,5722.620000000001,5989.320000000001,2019-01-15 19:49:12+00:00,THY322,LTBA,,300.0,6.319563131929908e-07,0.7388465125543366
1547581753,4ba9a9,40.84488690909693,29.81539639559659,203.86851680105764,125.65532809790031,15.280640000000002,5722.620000000001,6004.56,2019-01-15 19:49:13+00:00,THY322,LTBA,,300.0,6.319563131929908e-07,0.7388465125543366
1547581754,4ba9a9,40.843780517578125,29.81744384765625,203.45073237058813,125.73977846882853,16.256,5745.4800000000005,6027.42,2019-01-15 19:49:14+00:00,THY322,LTBA,,300.0,6.319563131929908e-07,0.7388465125543366
1547581755,4ba9a9,40.84332275390625,29.81829833984375,203.45073237058813,125.73977846882853,16.256,5753.1,6035.04,2019-01-15 19:49:15+00:00,THY322,LTBA,,300.0,6.319563131929908e-07,0.7388465125543366
1547581756,4ba9a9,40.84148859573623,29.821638627485793,202.73271394824468,125.70669140060289,15.93088,5783.580000000001,6057.900000000001,2019-01-15 19:49:16+00:00,THY322,LTBA,,300.0,6.319563131929908e-07,0.7388465125543366
1547581757,4ba9a9,40.84039306640625,29.82366943359375,202.3152003058665,125.79172185365107,15.280640000000002,5798.820000000001,6073.14,2019-01-15 19:49:17+00:00,THY322,LTBA,,300.0,6.319563131929908e-07,0.7388465125543366
1547581758,4ba9a9,40.84039306640625,29.82366943359375,202.3152003058665,125.79172185365107,15.280640000000002,5798.820000000001,6080.76,2019-01-15 19:49:18+00:00,THY322,LTBA,,300.0,6.319563131929908e-07,0.7388465125543366
1547581759,4ba9a9,40.8385558047537,29.82700694691051,202.3152003058665,125.79172185365107,13.655040000000001,5829.3,6096.0,2019-01-15 19:49:19+00:00,THY322,LTBA,,300.0,6.319563131929908e-07,0.7388465125543366
1547581760,4ba9a9,40.83720578985699,29.8294414173473,202.3152003058665,125.79172185365107,13.655040000000001,5829.3,6111.240000000001,2019-01-15 19:49:20+00:00,THY322,LTBA,,300.0,6.319563131929908e-07,0.7388465125543366
1547581761,4ba9a9,40.8365478515625,29.8306884765625,201.89813409252514,125.87710379462155,12.029440000000001,5844.540000000001,6118.860000000001,2019-01-15 19:49:21+00:00,THY322,LTBA,,300.0,6.319563131929908e-07,0.7388465125543366
1547581762,4ba9a9,40.83562301377118,29.832312844016336,201.89813409252514,125.87710379462155,11.3792,5867.400000000001,6134.1,2019-01-15 19:49:22+00:00,THY322,LTBA,,300.0,6.319563131929908e-07,0.7388465125543366
1547581763,4ba9a9,40.83448791503906,29.83441162109375,201.89813409252514,125.87710379462155,10.40384,5867.400000000001,6141.72,2019-01-15 19:49:23+00:00,THY322,LTBA,,300.0,6.319563131929908e-07,0.7388465125543366
1547581764,4ba9a9,40.83334195411811,29.836557561700992,201.89813409252514,125.87710379462155,9.7536,5882.64,6149.34,2019-01-15 19:49:24+00:00,THY322,LTBA,,300.0,6.319563131929908e-07,0.7388465125543366
1547581765,4ba9a9,40.832427978515625,29.838134765625,201.89813409252514,125.87710379462155,9.42848,5890.26,6156.96,2019-01-15 19:49:25+00:00,THY322,LTBA,,300.0,6.319563131929908e-07,0.7388465125543366
1547581766,4ba9a9,40.83110046386719,29.84063720703125,202.3152003058665,125.79172185365107,8.45312,5897.88,6164.58,2019-01-15 19:49:26+00:00,THY322,LTBA,,300.0,6.319563131929908e-07,0.7388465125543366
1547581767,4ba9a9,40.82994364075741,29.842737371271305,202.3152003058665,125.79172185365107,8.45312,5905.500000000001,6172.200000000001,2019-01-15 19:49:27+00:00,THY322,LTBA,,300.0,6.319563131929908e-07,0.7388465125543366
1547581768,4ba9a9,40.82882638704979,29.84473488547585,202.3152003058665,125.79172185365107,6.827520000000001,5913.120000000001,6179.820000000001,2019-01-15 19:49:28+00:00,THY322,LTBA,,300.0,6.319563131929908e-07,0.7388465125543366
1547581769,4ba9a9,40.82789534229343,29.84648271040483,202.3152003058665,125.79172185365107,6.827520000000001,5920.740000000001,6187.4400000000005,2019-01-15 19:49:29+00:00,THY322,LTBA,,300.0,6.319563131929908e-07,0.7388465125543366
1547581770,4ba9a9,40.82679748535156,29.8485107421875,203.03339175330865,125.82457620464503,5.8521600000000005,5920.740000000001,6195.06,2019-01-15 19:49:30+00:00,THY322,LTBA,,300.0,6.319563131929908e-07,0.7388465125543366
1547581771,4ba9a9,40.82584704382945,29.85022804953835,203.03339175330865,125.82457620464503,5.20192,5928.360000000001,6195.06,2019-01-15 19:49:31+00:00,THY322,LTBA,,300.0,6.319563131929908e-07,0.7388465125543366
1547581772,4ba9a9,40.824737548828125,29.85223388671875,203.03339175330865,125.82457620464503,4.55168,5935.9800000000005,6202.68,2019-01-15 19:49:32+00:00,THY322,LTBA,,300.0,6.319563131929908e-07,0.7388465125543366
1547581773,4ba9a9,40.823565984176376,29.854347922585227,203.45073237058813,125.73977846882853,4.22656,5935.9800000000005,6210.3,2019-01-15 19:49:33+00:00,THY322,LTBA,,300.0,6.319563131929908e-07,0.7388465125543366
1547581774,4ba9a9,40.82354736328125,29.85443115234375,203.75164948882903,125.85719893243059,3.5763200000000004,5943.6,6210.3,2019-01-15 19:49:34+00:00,THY322,LTBA,,300.0,6.319563131929908e-07,0.7388465125543366
1547581775,4ba9a9,40.821517685712394,29.85815568403764,204.16881816269859,125.77263280571067,3.5763200000000004,5943.6,6210.3,2019-01-15 19:49:35+00:00,THY322,LTBA,,300.0,6.319563131929908e-07,0.7388465125543366
1547581776,4ba9a9,40.820343017578125,29.8602294921875,204.16881816269859,125.77263280571067,3.2512000000000003,5951.22,6217.92,2019-01-15 19:49:36+00:00,THY322,LTBA,,300.0,6.319563131929908e-07,0.7388465125543366
1547581777,4ba9a9,40.81993103027344,29.86102294921875,204.8869706162255,125.80525683678009,3.2512000000000003,5951.22,6217.92,2019-01-15 19:49:37+00:00,THY322,LTBA,,300.0,6.319563131929908e-07,0.7388465125543366
1547581778,4ba9a9,40.818538342492054,29.86358642578125,204.8869706162255,125.80525683678009,2.9260800000000002,5951.22,6217.92,2019-01-15 19:49:38+00:00,THY322,LTBA,,300.0,6.319563131929908e-07,0.7388465125543366
1547581779,4ba9a9,40.81736755371094,29.86572265625,205.30441052092633,125.72126398997852,2.9260800000000002,5958.84,6225.54,2019-01-15 19:49:39+00:00,THY322,LTBA,,300.0,6.319563131929908e-07,0.7388465125543366
1547581780,4ba9a9,40.81621073060116,29.86783114346591,205.60518903264955,125.8376529542783,2.9260800000000002,5958.84,6225.54,2019-01-15 19:49:40+00:00,THY322,LTBA,,300.0,6.319563131929908e-07,0.7388465125543366
1547581781,4ba9a9,40.8153076171875,29.8695068359375,206.02245827448235,125.75388725443676,3.2512000000000003,5958.840000000001,6233.160000000001,2019-01-15 19:49:41+00:00,THY322,LTBA,,300.0,6.319563131929908e-07,0.7388465125543366
1547581782,4ba9a9,40.81411587989936,29.871638904918324,206.02245827448235,125.75388725443676,3.2512000000000003,5958.840000000001,6233.160000000001,2019-01-15 19:49:42+00:00,THY322,LTBA,,300.0,6.319563131929908e-07,0.7388465125543366
1547581783,4ba9a9,40.81297302246094,29.87371826171875,206.3234727231141,125.86982351772131,3.2512000000000003,5966.460000000001,6233.160000000001,2019-01-15 19:49:43+00:00,THY322,LTBA,,300.0,6.319563131929908e-07,0.7388465125543366
1547581784,4ba9a9,40.81182861328125,29.8758544921875,206.74057235601612,125.78628389529698,3.2512000000000003,5974.080000000001,6240.780000000001,2019-01-15 19:49:44+00:00,THY322,LTBA,,300.0,2.6732055949726615e-07,0.3807878934443723
1547581785,4ba9a9,40.810624462063025,29.878005981445312,207.04182100825957,125.90177085445247,3.90144,5974.080000000001,6248.400000000001,2019-01-15 19:49:45+00:00,THY322,LTBA,,300.0,2.6732055949726615e-07,0.3807878934443723
1547581786,4ba9a9,40.80969341730667,29.8796913840554,207.04182100825957,125.90177085445247,4.55168,5974.080000000001,6248.400000000001,2019-01-15 19:49:46+00:00,THY322,LTBA,,300.0,2.6732055949726615e-07,0.3807878934443723
1547581787,4ba9a9,40.80857849121094,29.8817138671875,207.04182100825957,125.90177085445247,4.55168,5974.080000000001,6256.02,2019-01-15 19:49:47+00:00,THY322,LTBA,,300.0,2.6732055949726615e-07,0.3807878934443723
1547581788,4ba9a9,40.808110641220864,29.882625233043324,207.458752076749,125.8184562453094,5.20192,5989.320000000001,6263.64,2019-01-15 19:49:48+00:00,THY322,LTBA,,300.0,2.6732055949726615e-07,0.3807878934443723
1547581789,4ba9a9,40.806427001953125,29.8856201171875,207.458752076749,125.8184562453094,5.52704,5996.9400000000005,6263.64,2019-01-15 19:49:49+00:00,THY322,LTBA,,300.0,2.6732055949726615e-07,0.3807878934443723
1547581790,4ba9a9,40.80601501464844,29.88641357421875,199.44311171802835,125.65793862184206,9.10336,5364.4800000000005,6271.26,2019-01-15 19:49:50+00:00,THY322,LTBA,,300.0,2.6732055949726615e-07,0.3807878934443723
1547581791,4ba9a9,40.80601501464844,29.88641357421875,208.17699675734448,125.8504066056009,4.8768,6004.56,6278.88,2019-01-15 19:49:51+00:00,THY322,LTBA,,300.0,2.6732055949726615e-07,0.3807878934443723
1547581792,4ba9a9,40.80601501464844,29.88641357421875,208.59419636281774,125.76764814909964,5.20192,6012.18,6278.88,2019-01-15 19:49:52+00:00,THY322,LTBA,,300.0,2.6732055949726615e-07,0.3807878934443723
1547581793,4ba9a9,40.80601501464844,29.88641357421875,208.59419636281774,125.76764814909964,5.20192,6012.18,6286.5,2019-01-15 19:49:53+00:00,THY322,LTBA,,300.0,2.6732055949726615e-07,0.3807878934443723
1547581794,4ba9a9,40.80601501464844,29.88641357421875,208.59419636281774,125.76764814909964,5.8521600000000005,6019.8,6294.12,2019-01-15 19:49:54+00:00,THY322,LTBA,,300.0,2.6732055949726615e-07,0.3807878934443723
1547581795,4ba9a9,40.80601501464844,29.88641357421875,200.87901911910396,125.7253084325423,5.20192,5440.68,5707.38,2019-01-15 19:49:55+00:00,THY322,LTBA,,300.0,2.6732055949726615e-07,0.3807878934443723
1547581796,4ba9a9,40.80601501464844,29.88641357421875,208.59419636281774,125.76764814909964,6.827520000000001,6035.040000000001,6309.360000000001,2019-01-15 19:49:56+00:00,THY322,LTBA,,300.0,2.6732055949726615e-07,0.3807878934443723
1547581797,4ba9a9,40.80601501464844,29.88641357421875,201.59707585495838,125.75863342569106,4.8768,5448.3,6316.9800000000005,2019-01-15 19:49:57+00:00,THY322,LTBA,,300.0,2.6732055949726615e-07,0.3807878934443723
1547581798,4ba9a9,40.80601501464844,29.88641357421875,208.59419636281774,125.76764814909964,9.10336,5440.68,6332.22,2019-01-15 19:49:58+00:00,THY322,LTBA,,300.0,2.6732055949726615e-07,0.3807878934443723
1547581799,4ba9a9,40.80601501464844,29.88641357421875,208.59419636281774,125.76764814909964,9.10336,6065.52,6339.84,2019-01-15 19:49:59+00:00,THY322,LTBA,,300.0,2.6732055949726615e-07,0.3807878934443723
1547581800,4ba9a9,40.80601501464844,29.88641357421875,208.59419636281774,125.76764814909964,10.07872,5448.3,6347.46,2019-01-15 19:50:00+00:00,THY322,LTBA,,300.0,2.6732055949726615e-07,0.3807878934443723
1547581801,4ba9a9,40.80601501464844,29.88641357421875,208.59419636281774,125.76764814909964,10.07872,6080.76,6362.700000000001,2019-01-15 19:50:01+00:00,THY322,LTBA,,300.0,2.6732055949726615e-07,0.3807878934443723
1547581802,4ba9a9,40.791961669921875,29.912109375,208.59419636281774,125.76764814909964,11.3792,6096.000000000001,6377.9400000000005,2019-01-15 19:50:02+00:00,THY322,LTBA,,300.0,2.6732055949726615e-07,0.3807878934443723
1547581803,4ba9a9,40.791025969941735,29.913836392489348,207.8761200458727,125.73547601486702,11.704320000000001,6111.240000000001,6385.56,2019-01-15 19:50:03+00:00,THY322,LTBA,,300.0,2.6732055949726615e-07,0.3807878934443723
1547581804,4ba9a9,40.791025969941735,29.913836392489348,207.8761200458727,125.73547601486702,12.354560000000001,6126.4800000000005,6400.8,2019-01-15 19:50:04+00:00,THY322,LTBA,,300.0,2.6732055949726615e-07,0.3807878934443723
1547581805,4ba9a9,40.791025969941735,29.913836392489348,207.8761200458727,125.73547601486702,13.004800000000001,5463.540000000001,5737.860000000001,2019-01-15 19:50:05+00:00,THY322,LTBA,,300.0,2.6732055949726615e-07,0.3807878934443723
1547581806,4ba9a9,40.791025969941735,29.913836392489348,207.458752076749,125.8184562453094,13.655040000000001,6149.340000000001,6423.660000000001,2019-01-15 19:50:06+00:00,THY322,LTBA,,300.0,2.6732055949726615e-07,0.3807878934443723
1547581807,4ba9a9,40.791025969941735,29.913836392489348,207.15810972520228,125.7030808530298,14.305280000000002,6156.960000000001,6438.900000000001,2019-01-15 19:50:07+00:00,THY322,LTBA,,300.0,2.6732055949726615e-07,0.3807878934443723
1547581808,4ba9a9,40.791025969941735,29.913836392489348,203.45073237058813,125.73977846882853,4.8768,5486.400000000001,5753.1,2019-01-15 19:50:08+00:00,THY322,LTBA,,300.0,2.6732055949726615e-07,0.3807878934443723
1547581809,4ba9a9,40.791025969941735,29.913836392489348,203.86851680105764,125.65532809790031,5.20192,6210.3,6477.0,2019-01-15 19:50:09+00:00,THY322,LTBA,,300.0,2.6732055949726615e-07,0.3807878934443723
1547581810,4ba9a9,40.791025969941735,29.913836392489348,206.02245827448235,125.75388725443676,15.60576,6217.920000000001,6492.240000000001,2019-01-15 19:50:10+00:00,THY322,LTBA,,300.0,2.6732055949726615e-07,0.3807878934443723
1547581811,4ba9a9,40.791025969941735,29.913836392489348,204.16881816269859,125.77263280571067,5.52704,5501.64,6507.4800000000005,2019-01-15 19:50:11+00:00,THY322,LTBA,,300.0,2.6732055949726615e-07,0.3807878934443723
1547581812,4ba9a9,40.791025969941735,29.913836392489348,205.60518903264955,125.8376529542783,15.60576,6248.400000000001,6522.72,2019-01-15 19:50:12+00:00,THY322,LTBA,,300.0,2.6732055949726615e-07,0.3807878934443723
1547581813,4ba9a9,40.791025969941735,29.913836392489348,205.30441052092633,125.72126398997852,15.60576,5509.260000000001,5791.200000000001,2019-01-15 19:50:13+00:00,THY322,LTBA,,300.0,2.6732055949726615e-07,0.3807878934443723
1547581814,4ba9a9,40.791025969941735,29.913836392489348,204.8869706162255,125.80525683678009,15.60576,6271.260000000001,6553.200000000001,2019-01-15 19:50:14+00:00,THY322,LTBA,,300.0,2.6732055949726615e-07,0.3807878934443723
1547581815,4ba9a9,40.791025969941735,29.913836392489348,204.8869706162255,125.80525683678009,15.60576,5524.500000000001,6576.06,2019-01-15 19:50:15+00:00,THY322,LTBA,,300.0,2.6732055949726615e-07,0.3807878934443723
1547581816,4ba9a9,40.791025969941735,29.913836392489348,204.16881816269859,125.77263280571067,16.256,6309.360000000001,5806.4400000000005,2019-01-15 19:50:16+00:00,THY322,LTBA,,300.0,2.6732055949726615e-07,0.3807878934443723
1547581817,4ba9a9,40.791025969941735,29.913836392489348,204.16881816269859,125.77263280571067,16.581120000000002,6324.6,6614.160000000001,2019-01-15 19:50:17+00:00,THY322,LTBA,,300.0,2.6732055949726615e-07,0.3807878934443723
1547581818,4ba9a9,40.791025969941735,29.913836392489348,203.45073237058813,125.73977846882853,16.581120000000002,6339.840000000001,6621.780000000001,2019-01-15 19:50:18+00:00,THY322,LTBA,,300.0,2.6732055949726615e-07,0.3807878934443723
1547581819,4ba9a9,40.791025969941735,29.913836392489348,205.30441052092633,125.72126398997852,8.45312,6370.320000000001,6644.64,2019-01-15 19:50:19+00:00,THY322,LTBA,,300.0,2.6732055949726615e-07,0.3807878934443723
1547581820,4ba9a9,40.791025969941735,29.913836392489348,202.73271394824468,125.70669140060289,16.581120000000002,6370.320000000001,6652.26,2019-01-15 19:50:20+00:00,THY322,LTBA,,300.0,2.6732055949726615e-07,0.3807878934443723
1547581821,4ba9a9,40.791025969941735,29.913836392489348,205.30441052092633,125.72126398997852,8.77824,6400.8,6675.12,2019-01-15 19:50:21+00:00,THY322,LTBA,,300.0,2.6732055949726615e-07,0.3807878934443723
1547581822,4ba9a9,40.791025969941735,29.913836392489348,202.0147636140227,125.67336914163818,16.256,6408.420000000001,6690.360000000001,2019-01-15 19:50:22+00:00,THY322,LTBA,,300.0,2.6732055949726615e-07,0.3807878934443723
1547581823,4ba9a9,40.791025969941735,29.913836392489348,201.59707585495838,125.75863342569106,16.256,6423.660000000001,6713.22,2019-01-15 19:50:23+00:00,THY322,LTBA,,300.0,2.6732055949726615e-07,0.3807878934443723
1547581824,4ba9a9,40.791025969941735,29.913836392489348,201.59707585495838,125.75863342569106,16.256,5615.9400000000005,6728.46,2019-01-15 19:50:24+00:00,THY322,LTBA,,300.0,2.6732055949726615e-07,0.3807878934443723
1547581825,4ba9a9,40.791025969941735,29.913836392489348,201.17983639959667,125.84425156987886,15.60576,6446.52,5928.360000000001,2019-01-15 19:50:25+00:00,THY322,LTBA,,300.0,2.6732055949726615e-07,0.3807878934443723
1547581826,4ba9a9,40.791025969941735,29.913836392489348,204.8869706162255,125.80525683678009,12.679680000000001,5661.660000000001,6751.320000000001,2019-01-15 19:50:26+00:00,THY322,LTBA,,300.0,2.6732055949726615e-07,0.3807878934443723
1547581827,4ba9a9,40.791025969941735,29.913836392489348,200.46160532134388,125.81116392264124,13.980160000000001,6484.620000000001,6766.56,2019-01-15 19:50:27+00:00,THY322,LTBA,,300.0,2.6732055949726615e-07,0.3807878934443723
1547581828,4ba9a9,40.791025969941735,29.913836392489348,204.58642979373244,125.68841173700888,13.329920000000001,5676.900000000001,5958.84,2019-01-15 19:50:28+00:00,THY322,LTBA,,300.0,2.6732055949726615e-07,0.3807878934443723
1547581829,4ba9a9,40.84332275390625,29.81829833984375,203.45073237058813,125.73977846882853,16.256,5753.1,6035.04,2019-01-15 19:50:29+00:00,THY322,LTBA,,300.0,6.319563131929908e-07,0.7388465125543366
1547581830,4ba9a9,40.84332275390625,29.81829833984375,200.46160532134388,125.81116392264124,12.354560000000001,6522.720000000001,6804.660000000001,2019-01-15 19:50:30+00:00,THY322,LTBA,,300.0,6.319563131929908e-07,0.7388465125543366
1547581831,4ba9a9,40.84332275390625,29.81829833984375,200.46160532134388,125.81116392264124,12.354560000000001,5859.780000000001,6812.280000000001,2019-01-15 19:50:31+00:00,THY322,LTBA,,300.0,6.319563131929908e-07,0.7388465125543366
1547581832,4ba9a9,40.84332275390625,29.81829833984375,199.74344157635952,125.77783833552348,11.05408,6545.580000000001,6827.52,2019-01-15 19:50:32+00:00,THY322,LTBA,,300.0,6.319563131929908e-07,0.7388465125543366
1547581833,4ba9a9,40.84332275390625,29.81829833984375,201.89813409252514,125.87710379462155,9.42848,5890.26,6156.96,2019-01-15 19:50:33+00:00,THY322,LTBA,,300.0,6.319563131929908e-07,0.7388465125543366
1547581834,4ba9a9,40.84332275390625,29.81829833984375,199.74344157635952,125.77783833552348,10.07872,5882.64,6850.38,2019-01-15 19:50:34+00:00,THY322,LTBA,,300.0,6.319563131929908e-07,0.7388465125543366
1547581835,4ba9a9,40.84332275390625,29.81829833984375,199.74344157635952,125.77783833552348,10.07872,6560.82,6858.0,2019-01-15 19:50:35+00:00,THY322,LTBA,,300.0,6.319563131929908e-07,0.7388465125543366
1547581836,4ba9a9,40.84332275390625,29.81829833984375,199.74344157635952,125.77783833552348,8.77824,6576.06,6865.620000000001,2019-01-15 19:50:36+00:00,THY322,LTBA,,300.0,6.319563131929908e-07,0.7388465125543366
1547581837,4ba9a9,40.84332275390625,29.81829833984375,202.3152003058665,125.79172185365107,6.827520000000001,5913.120000000001,6873.240000000001,2019-01-15 19:50:37+00:00,THY322,LTBA,,300.0,6.319563131929908e-07,0.7388465125543366
1547581838,4ba9a9,40.84332275390625,29.81829833984375,200.04464351495497,125.89737751170809,7.80288,6598.920000000001,6880.860000000001,2019-01-15 19:50:38+00:00,THY322,LTBA,,300.0,6.319563131929908e-07,0.7388465125543366
1547581839,4ba9a9,40.84332275390625,29.81829833984375,200.04464351495497,125.89737751170809,7.152640000000001,6598.92,6888.4800000000005,2019-01-15 19:50:39+00:00,THY322,LTBA,,300.0,6.319563131929908e-07,0.7388465125543366
1547581840,4ba9a9,40.84332275390625,29.81829833984375,200.46160532134388,125.81116392264124,6.502400000000001,5913.12,6202.68,2019-01-15 19:50:40+00:00,THY322,LTBA,,300.0,6.319563131929908e-07,0.7388465125543366
1547581841,4ba9a9,40.84332275390625,29.81829833984375,200.46160532134388,125.81116392264124,6.1772800000000005,6606.54,6896.1,2019-01-15 19:50:41+00:00,THY322,LTBA,,300.0,6.319563131929908e-07,0.7388465125543366
1547581842,4ba9a9,40.84332275390625,29.81829833984375,200.46160532134388,125.81116392264124,5.8521600000000005,6614.16,6903.72,2019-01-15 19:50:42+00:00,THY322,LTBA,,300.0,6.319563131929908e-07,0.7388465125543366
1547581843,4ba9a9,40.84332275390625,29.81829833984375,205.30441052092633,125.72126398997852,2.9260800000000002,5958.84,6225.54,2019-01-15 19:50:43+00:00,THY322,LTBA,,300.0,6.319563131929908e-07,0.7388465125543366
1547581844,4ba9a9,40.84332275390625,29.81829833984375,200.7630480430236,125.93022539688597,5.52704,6621.78,6918.96,2019-01-15 19:50:44+00:00,THY322,LTBA,,300.0,6.319563131929908e-07,0.7388465125543366
1547581845,4ba9a9,40.81411587989936,29.871638904918324,206.3234727231141,125.86982351772131,3.2512000000000003,5974.080000000001,6240.780000000001,2019-01-15 19:50:45+00:00,THY322,LTBA,,300.0,6.319563131929908e-07,0.7388465125543366
1547581846,4ba9a9,40.80903625488281,29.88092041015625,201.17983639959667,125.84425156987886,5.52704,6637.0199999999995,6256.02,2019-01-15 19:50:46+00:00,THY322,LTBA,,300.0,2.6732055949726615e-07,0.3807878934443723
1547581847,4ba9a9,40.80903625488281,29.88092041015625,201.17983639959667,125.84425156987886,5.52704,6644.64,6934.200000000001,2019-01-15 19:50:47+00:00,THY322,LTBA,,300.0,2.6732055949726615e-07,0.3807878934443723
1547581848,4ba9a9,40.80903625488281,29.88092041015625,201.48151808675132,125.96283902585759,5.8521600000000005,6644.64,6941.820000000001,2019-01-15 19:50:48+00:00,THY322,LTBA,,300.0,2.6732055949726615e-07,0.3807878934443723
1547581849,4ba9a9,40.80903625488281,29.88092041015625,208.17699675734448,125.8504066056009,4.8768,6004.56,6949.4400000000005,2019-01-15 19:50:49+00:00,THY322,LTBA,,300.0,2.6732055949726615e-07,0.3807878934443723
1547581850,4ba9a9,40.80903625488281,29.88092041015625,201.48151808675132,125.96283902585759,6.1772800000000005,6659.88,6949.4400000000005,2019-01-15 19:50:50+00:00,THY322,LTBA,,300.0,2.6732055949726615e-07,0.3807878934443723
1547581851,4ba9a9,40.80903625488281,29.88092041015625,208.59419636281774,125.76764814909964,5.20192,6004.56,6957.06,2019-01-15 19:50:51+00:00,THY322,LTBA,,300.0,2.6732055949726615e-07,0.3807878934443723
1547581852,4ba9a9,40.80903625488281,29.88092041015625,208.59419636281774,125.76764814909964,5.8521600000000005,6012.18,6294.12,2019-01-15 19:50:52+00:00,THY322,LTBA,,300.0,2.6732055949726615e-07,0.3807878934443723
1547581853,4ba9a9,40.80903625488281,29.88092041015625,208.59419636281774,125.76764814909964,6.827520000000001,6027.420000000001,6972.3,2019-01-15 19:50:53+00:00,THY322,LTBA,,300.0,2.6732055949726615e-07,0.3807878934443723
1547581854,4ba9a9,40.80903625488281,29.88092041015625,201.78406030351752,126.08107138204616,5.8521600000000005,6019.8,6979.92,2019-01-15 19:50:54+00:00,THY322,LTBA,,300.0,2.6732055949726615e-07,0.3807878934443723
1547581855,4ba9a9,40.80903625488281,29.88092041015625,208.59419636281774,125.76764814909964,9.10336,6050.280000000001,6332.22,2019-01-15 19:50:55+00:00,THY322,LTBA,,300.0,2.6732055949726615e-07,0.3807878934443723
1547581856,4ba9a9,40.80903625488281,29.88092041015625,202.2000529477551,125.99522087472269,6.1772800000000005,6697.98,6987.54,2019-01-15 19:50:56+00:00,THY322,LTBA,,300.0,2.6732055949726615e-07,0.3807878934443723
1547581857,4ba9a9,40.786137984970864,29.92276278409091,207.458752076749,125.8184562453094,13.655040000000001,6141.72,6446.52,2019-01-15 19:50:57+00:00,THY322,LTBA,,300.0,2.6732055949726615e-07,0.3807878934443723
1547581858,4ba9a9,40.786137984970864,29.92276278409091,202.2000529477551,125.99522087472269,6.502400000000001,6713.22,7002.780000000001,2019-01-15 19:50:58+00:00,THY322,LTBA,,300.0,2.6732055949726615e-07,0.3807878934443723
1547581859,4ba9a9,40.786137984970864,29.92276278409091,202.50282857126942,126.11298524445724,6.502400000000001,6720.84,7010.400000000001,2019-01-15 19:50:59+00:00,THY322,LTBA,,300.0,2.6732055949726615e-07,0.3807878934443723
1547581860,4ba9a9,40.73032185182733,30.024323896928266,202.50282857126942,126.11298524445724,6.502400000000001,6720.84,7018.02,2019-01-15 19:51:00+00:00,THY322,LTBA,,300.0,2.6732055949726615e-07,0.3807878934443723
1547581861,4ba9a9,40.72990288168697,30.025135387073863,202.50282857126942,126.11298524445724,6.502400000000001,6728.46,7025.64,2019-01-15 19:51:01+00:00,THY322,LTBA,,300.0,2.6732055949726615e-07,0.3807878934443723
1547581862,4ba9a9,40.728273553363344,30.02806923606179,202.50282857126942,126.11298524445724,6.827520000000001,6736.08,7025.64,2019-01-15 19:51:02+00:00,THY322,LTBA,,300.0,2.6732055949726615e-07,0.3807878934443723
1547581863,4ba9a9,40.727142333984375,30.03009033203125,202.50282857126942,126.11298524445724,6.827520000000001,6743.7,7033.26,2019-01-15 19:51:03+00:00,THY322,LTBA,,300.0,2.6732055949726615e-07,0.3807878934443723
1547581864,4ba9a9,40.7266845703125,30.03094482421875,202.918651937481,126.02737338510362,7.152640000000001,6751.32,7040.88,2019-01-15 19:51:04+00:00,THY322,LTBA,,300.0,2.6732055949726615e-07,0.3807878934443723
1547581865,4ba9a9,40.725294210143005,30.033437555486504,202.918651937481,126.02737338510362,7.152640000000001,6758.94,7048.5,2019-01-15 19:51:05+00:00,THY322,LTBA,,300.0,2.6732055949726615e-07,0.3807878934443723
1547581866,4ba9a9,40.72370910644531,30.0362548828125,202.918651937481,126.02737338510362,6.827520000000001,6766.56,7056.120000000001,2019-01-15 19:51:06+00:00,THY322,LTBA,,300.0,2.6732055949726615e-07,0.3807878934443723
1547581867,4ba9a9,40.722780389300844,30.037994384765625,202.918651937481,126.02737338510362,6.827520000000001,6766.56,7063.740000000001,2019-01-15 19:51:07+00:00,THY322,LTBA,,300.0,2.6732055949726615e-07,0.3807878934443723
1547581868,4ba9a9,40.721649169921875,30.0400390625,202.918651937481,126.02737338510362,6.827520000000001,6781.8,7071.360000000001,2019-01-15 19:51:08+00:00,THY322,LTBA,,300.0,2.6732055949726615e-07,0.3807878934443723
1547581869,4ba9a9,40.72049932964777,30.0421142578125,202.918651937481,126.02737338510362,6.827520000000001,6789.42,7078.9800000000005,2019-01-15 19:51:09+00:00,THY322,LTBA,,300.0,2.6732055949726615e-07,0.3807878934443723
1547581870,4ba9a9,40.71933552370233,30.044174194335938,203.22165922133598,126.14467334678478,6.827520000000001,6797.04,7086.6,2019-01-15 19:51:10+00:00,THY322,LTBA,,300.0,2.6732055949726615e-07,0.3807878934443723
1547581871,4ba9a9,40.71933552370233,30.044174194335938,203.22165922133598,126.14467334678478,6.827520000000001,6789.42,7094.22,2019-01-15 19:51:11+00:00,THY322,LTBA,,300.0,2.6732055949726615e-07,0.3807878934443723
1547581872,4ba9a9,40.717054464049255,30.048294067382812,203.22165922133598,126.14467334678478,6.827520000000001,6804.66,7101.84,2019-01-15 19:51:12+00:00,THY322,LTBA,,300.0,2.6732055949726615e-07,0.3807878934443723
1547581873,4ba9a9,40.717054464049255,30.048294067382812,203.22165922133598,126.14467334678478,6.827520000000001,6812.28,7109.46,2019-01-15 19:51:13+00:00,THY322,LTBA,,300.0,2.6732055949726615e-07,0.3807878934443723
1547581874,4ba9a9,40.71519470214844,30.0516357421875,203.22165922133598,126.14467334678478,6.827520000000001,6819.9,7117.08,2019-01-15 19:51:14+00:00,THY322,LTBA,,300.0,2.6732055949726615e-07,0.3807878934443723
1547581875,4ba9a9,40.71382141113281,30.05413818359375,203.63731437703333,126.05929896473772,6.502400000000001,6827.5199999999995,7117.08,2019-01-15 19:51:15+00:00,THY322,LTBA,,300.0,2.6732055949726615e-07,0.3807878934443723
1547581876,4ba9a9,40.71336364746094,30.054931640625,203.63731437703333,126.05929896473772,6.502400000000001,6827.5199999999995,7124.700000000001,2019-01-15 19:51:16+00:00,THY322,LTBA,,300.0,2.6732055949726615e-07,0.3807878934443723
1547581877,4ba9a9,40.71171569824219,30.057861328125,203.63731437703333,126.05929896473772,6.1772800000000005,6842.76,7132.320000000001,2019-01-15 19:51:17+00:00,THY322,LTBA,,300.0,2.6732055949726615e-07,0.3807878934443723
1547581878,4ba9a9,40.710845947265625,30.05950927734375,203.63731437703333,126.05929896473772,6.1772800000000005,6850.38,7139.9400000000005,2019-01-15 19:51:18+00:00,THY322,LTBA,,300.0,2.6732055949726615e-07,0.3807878934443723
1547581879,4ba9a9,40.709930419921875,30.0611572265625,203.63731437703333,126.05929896473772,6.1772800000000005,6858.0,7147.56,2019-01-15 19:51:19+00:00,THY322,LTBA,,300.0,2.6732055949726615e-07,0.3807878934443723
1547581880,4ba9a9,40.709233688095864,30.062401511452414,203.63731437703333,126.05929896473772,6.1772800000000005,6850.38,7147.56,2019-01-15 19:51:20+00:00,THY322,LTBA,,300.0,2.6732055949726615e-07,0.3807878934443723
1547581881,4ba9a9,40.70760435977225,30.06533536044034,203.63731437703333,126.05929896473772,6.1772800000000005,6858.0,7155.18,2019-01-15 19:51:21+00:00,THY322,LTBA,,300.0,2.6732055949726615e-07,0.3807878934443723
1547581882,4ba9a9,40.706451416015625,30.0673828125,204.0534198242384,125.97427258518817,6.1772800000000005,6858.0,7162.8,2019-01-15 19:51:22+00:00,THY322,LTBA,,300.0,2.6732055949726615e-07,0.3807878934443723
1547581883,4ba9a9,40.70578882249735,30.068643743341617,204.0534198242384,125.97427258518817,5.8521600000000005,6880.86,7170.42,2019-01-15 19:51:23+00:00,THY322,LTBA,,300.0,2.6732055949726615e-07,0.3807878934443723
1547581884,4ba9a9,40.70578882249735,30.068643743341617,204.35603959700677,126.09099998805839,5.8521600000000005,6873.24,7178.04,2019-01-15 19:51:24+00:00,THY322,LTBA,,300.0,2.6732055949726615e-07,0.3807878934443723
1547581885,4ba9a9,40.70301818847656,30.07366943359375,204.35603959700677,126.09099998805839,5.8521600000000005,6888.48,7178.04,2019-01-15 19:51:25+00:00,THY322,LTBA,,300.0,2.6732055949726615e-07,0.3807878934443723
1547581886,4ba9a9,40.70301818847656,30.07366943359375,204.35603959700677,126.09099998805839,5.8521600000000005,6888.4800000000005,7185.660000000001,2019-01-15 19:51:26+00:00,THY322,LTBA,,300.0,2.6732055949726615e-07,0.3807878934443723
1547581887,4ba9a9,40.70113359871557,30.077008334073152,204.35603959700677,126.09099998805839,5.8521600000000005,6888.4800000000005,7193.280000000001,2019-01-15 19:51:27+00:00,THY322,LTBA,,300.0,2.6732055949726615e-07,0.3807878934443723
1547581888,4ba9a9,40.70045471191406,30.0782470703125,204.77197698979185,126.00620760124444,5.8521600000000005,6896.1,7193.280000000001,2019-01-15 19:51:28+00:00,THY322,LTBA,,300.0,2.6732055949726615e-07,0.3807878934443723
1547581889,4ba9a9,40.699783583818856,30.079505226828836,204.77197698979185,126.00620760124444,5.52704,6903.72,7208.52,2019-01-15 19:51:29+00:00,THY322,LTBA,,300.0,2.6732055949726615e-07,0.3807878934443723
1547581890,4ba9a9,40.697688733117054,30.083250565962356,204.77197698979185,126.00620760124444,5.52704,6911.34,7208.52,2019-01-15 19:51:30+00:00,THY322,LTBA,,300.0,2.6732055949726615e-07,0.3807878934443723
1547581891,4ba9a9,40.697688733117054,30.083250565962356,204.77197698979185,126.00620760124444,5.52704,6911.34,7216.14,2019-01-15 19:51:31+00:00,THY322,LTBA,,300.0,2.6732055949726615e-07,0.3807878934443723
1547581892,4ba9a9,40.69651794433594,30.08538818359375,204.77197698979185,126.00620760124444,5.52704,6918.96,7216.14,2019-01-15 19:51:32+00:00,THY322,LTBA,,300.0,2.6732055949726615e-07,0.3807878934443723
1547581893,4ba9a9,40.69540767346398,30.087432861328125,205.4905973254381,126.03791926746439,5.52704,6926.58,9441.18,2019-01-15 19:51:33+00:00,THY322,LTBA,,300.0,2.6732055949726615e-07,0.3807878934443723
1547581894,4ba9a9,40.69441223144531,30.08917236328125,205.4905973254381,126.03791926746439,5.52704,6934.2,7231.38,2019-01-15 19:51:34+00:00,THY322,LTBA,,300.0,2.6732055949726615e-07,0.3807878934443723
1547581895,4ba9a9,40.69441223144531,30.08917236328125,205.4905973254381,126.03791926746439,5.52704,6934.2,7239.0,2019-01-15 19:51:35+00:00,THY322,LTBA,,300.0,2.6732055949726615e-07,0.3807878934443723
1547581896,4ba9a9,40.69163694220074,30.094174471768465,205.4905973254381,126.03791926746439,5.8521600000000005,6941.82,9441.18,2019-01-15 19:51:36+00:00,THY322,LTBA,,300.0,2.6732055949726615e-07,0.3807878934443723
1547581897,4ba9a9,40.690521240234375,30.09625244140625,205.4905973254381,126.03791926746439,5.8521600000000005,6949.4400000000005,7246.620000000001,2019-01-15 19:51:37+00:00,THY322,LTBA,,300.0,2.6732055949726615e-07,0.3807878934443723
1547581898,4ba9a9,40.689355882547666,30.09835676713423,205.4905973254381,126.03791926746439,5.8521600000000005,6949.4400000000005,7254.240000000001,2019-01-15 19:51:38+00:00,THY322,LTBA,,300.0,2.6732055949726615e-07,0.3807878934443723
1547581899,4ba9a9,40.68814552436441,30.100479125976562,205.4905973254381,126.03791926746439,6.1772800000000005,6957.06,7261.860000000001,2019-01-15 19:51:39+00:00,THY322,LTBA,,300.0,2.6732055949726615e-07,0.3807878934443723
1547581900,4ba9a9,40.68745422363281,30.10174560546875,205.4905973254381,126.03791926746439,6.1772800000000005,6964.68,7269.4800000000005,2019-01-15 19:51:40+00:00,THY322,LTBA,,300.0,2.6732055949726615e-07,0.3807878934443723
1547581901,4ba9a9,40.68586446471133,30.10466142134233,205.4905973254381,126.03791926746439,6.502400000000001,6972.3,7277.1,2019-01-15 19:51:41+00:00,THY322,LTBA,,300.0,2.6732055949726615e-07,0.3807878934443723
1547581902,4ba9a9,40.68580627441406,30.104736328125,205.9068134866264,125.95370140943174,6.827520000000001,6979.92,7284.72,2019-01-15 19:51:42+00:00,THY322,LTBA,,300.0,2.6732055949726615e-07,0.3807878934443723
1547581903,4ba9a9,40.683769614009535,30.10840676047585,205.9068134866264,125.95370140943174,6.827520000000001,6987.54,7292.34,2019-01-15 19:51:43+00:00,THY322,LTBA,,300.0,2.6732055949726615e-07,0.3807878934443723
1547581904,4ba9a9,40.68260192871094,30.11053466796875,205.9068134866264,125.95370140943174,6.827520000000001,6995.16,7299.96,2019-01-15 19:51:44+00:00,THY322,LTBA,,300.0,2.6732055949726615e-07,0.3807878934443723
1547581905,4ba9a9,40.681442002118644,30.112589055841617,205.9068134866264,125.95370140943174,7.152640000000001,7002.78,7307.58,2019-01-15 19:51:45+00:00,THY322,LTBA,,300.0,2.6732055949726615e-07,0.3807878934443723
1547581906,4ba9a9,40.680790270789196,30.11383750221946,205.9068134866264,125.95370140943174,7.152640000000001,7010.4,7315.200000000001,2019-01-15 19:51:46+00:00,THY322,LTBA,,300.0,2.6732055949726615e-07,0.3807878934443723
1547581907,4ba9a9,40.680790270789196,30.11383750221946,205.9068134866264,125.95370140943174,7.152640000000001,7018.02,7315.200000000001,2019-01-15 19:51:47+00:00,THY322,LTBA,,300.0,2.6732055949726615e-07,0.3807878934443723
1547581908,4ba9a9,40.678416106660485,30.118082219904117,205.9068134866264,125.95370140943174,7.152640000000001,7025.64,7330.4400000000005,2019-01-15 19:51:48+00:00,THY322,LTBA,,300.0,2.6732055949726615e-07,0.3807878934443723
1547581909,4ba9a9,40.67729885295286,30.120142156427555,205.9068134866264,125.95370140943174,7.152640000000001,7033.26,7330.4400000000005,2019-01-15 19:51:49+00:00,THY322,LTBA,,300.0,2.6732055949726615e-07,0.3807878934443723
1547581910,4ba9a9,40.67610168457031,30.12225341796875,205.9068134866264,125.95370140943174,7.152640000000001,7033.26,7345.68,2019-01-15 19:51:50+00:00,THY322,LTBA,,300.0,2.6732055949726615e-07,0.3807878934443723
1547581911,4ba9a9,40.67492468882415,30.124386874112215,205.9068134866264,125.95370140943174,7.80288,7056.12,7353.3,2019-01-15 19:51:51+00:00,THY322,LTBA,,300.0,2.6732055949726615e-07,0.3807878934443723
1547581912,4ba9a9,40.67422640525688,30.12569774280895,205.9068134866264,125.95370140943174,8.128,7063.74,7360.92,2019-01-15 19:51:52+00:00,THY322,LTBA,,300.0,4.216922370466127e-07,0.5597975945235233
1547581913,4ba9a9,40.673126220703125,30.12774658203125,206.74057235601612,125.78628389529698,15.280640000000002,6202.68,6484.62,2019-01-15 19:51:53+00:00,THY322,LTBA,,300.0,4.216922370466127e-07,0.5597975945235233
1547581914,4ba9a9,40.673126220703125,30.12774658203125,206.02245827448235,125.75388725443676,15.60576,6233.160000000001,7376.160000000001,2019-01-15 19:51:54+00:00,THY322,LTBA,,300.0,4.216922370466127e-07,0.5597975945235233
1547581915,4ba9a9,40.673126220703125,30.12774658203125,205.60518903264955,125.8376529542783,15.60576,6248.400000000001,7383.780000000001,2019-01-15 19:51:55+00:00,THY322,LTBA,,300.0,4.216922370466127e-07,0.5597975945235233
1547581916,4ba9a9,40.673126220703125,30.12774658203125,205.4905973254381,126.03791926746439,8.77824,7094.22,7391.400000000001,2019-01-15 19:51:56+00:00,THY322,LTBA,,300.0,4.216922370466127e-07,0.5597975945235233
1547581917,4ba9a9,40.673126220703125,30.12774658203125,205.4905973254381,126.03791926746439,9.10336,7101.84,7399.02,2019-01-15 19:51:57+00:00,THY322,LTBA,,300.0,4.216922370466127e-07,0.5597975945235233
1547581918,4ba9a9,40.66822814941406,30.13653564453125,205.4905973254381,126.03791926746439,9.10336,7094.22,7406.64,2019-01-15 19:51:58+00:00,THY322,LTBA,,300.0,4.216922370466127e-07,0.5597975945235233
1547581919,4ba9a9,40.66822814941406,30.13653564453125,203.45073237058813,125.73977846882853,16.581120000000002,7139.9400000000005,6629.400000000001,2019-01-15 19:51:59+00:00,THY322,LTBA,,300.0,4.216922370466127e-07,0.5597975945235233
1547581920,4ba9a9,40.66822814941406,30.13653564453125,205.4905973254381,126.03791926746439,8.77824,7124.7,7429.5,2019-01-15 19:52:00+00:00,THY322,LTBA,,300.0,4.216922370466127e-07,0.5597975945235233
1547581921,4ba9a9,40.66429138183594,30.1436767578125,205.4905973254381,126.03791926746439,8.77824,7132.320000000001,7437.120000000001,2019-01-15 19:52:01+00:00,THY322,LTBA,,300.0,4.216922370466127e-07,0.5597975945235233
1547581922,4ba9a9,40.66383361816406,30.14447021484375,202.3152003058665,125.79172185365107,16.581120000000002,6385.5599999999995,6682.740000000001,2019-01-15 19:52:02+00:00,THY322,LTBA,,300.0,4.216922370466127e-07,0.5597975945235233
1547581923,4ba9a9,40.66383361816406,30.14447021484375,205.18836103955937,125.92175916460666,8.77824,7147.56,7459.9800000000005,2019-01-15 19:52:03+00:00,THY322,LTBA,,300.0,4.216922370466127e-07,0.5597975945235233
1547581924,4ba9a9,40.66383361816406,30.14447021484375,201.59707585495838,125.75863342569106,16.256,7178.040000000001,6736.08,2019-01-15 19:52:04+00:00,THY322,LTBA,,300.0,4.216922370466127e-07,0.5597975945235233
1547581925,4ba9a9,40.66383361816406,30.14447021484375,205.18836103955937,125.92175916460666,8.45312,7170.42,7475.22,2019-01-15 19:52:05+00:00,THY322,LTBA,,300.0,4.216922370466127e-07,0.5597975945235233
1547581926,4ba9a9,40.66383361816406,30.14447021484375,199.74344157635952,125.77783833552348,11.05408,6545.58,6835.14,2019-01-15 19:52:06+00:00,THY322,LTBA,,300.0,4.216922370466127e-07,0.5597975945235233
1547581927,4ba9a9,40.66383361816406,30.14447021484375,205.18836103955937,125.92175916460666,8.45312,7193.28,7490.46,2019-01-15 19:52:07+00:00,THY322,LTBA,,300.0,4.216922370466127e-07,0.5597975945235233
1547581928,4ba9a9,40.66383361816406,30.14447021484375,204.77197698979185,126.00620760124444,8.45312,7185.66,7498.08,2019-01-15 19:52:08+00:00,THY322,LTBA,,300.0,4.216922370466127e-07,0.5597975945235233
1547581929,4ba9a9,40.66383361816406,30.14447021484375,199.74344157635952,125.77783833552348,8.77824,7223.76,6873.240000000001,2019-01-15 19:52:09+00:00,THY322,LTBA,,300.0,4.216922370466127e-07,0.5597975945235233
1547581930,4ba9a9,40.66383361816406,30.14447021484375,204.77197698979185,126.00620760124444,8.45312,7208.52,7513.320000000001,2019-01-15 19:52:10+00:00,THY322,LTBA,,300.0,4.216922370466127e-07,0.5597975945235233
1547581931,4ba9a9,40.66383361816406,30.14447021484375,204.77197698979185,126.00620760124444,8.45312,7223.76,7528.56,2019-01-15 19:52:11+00:00,THY322,LTBA,,300.0,4.216922370466127e-07,0.5597975945235233
1547581932,4ba9a9,40.66383361816406,30.14447021484375,204.77197698979185,126.00620760124444,8.45312,7231.38,7536.18,2019-01-15 19:52:12+00:00,THY322,LTBA,,300.0,4.216922370466127e-07,0.5597975945235233
1547581933,4ba9a9,40.66383361816406,30.14447021484375,204.77197698979185,126.00620760124444,8.45312,7239.0,7543.8,2019-01-15 19:52:13+00:00,THY322,LTBA,,300.0,4.216922370466127e-07,0.5597975945235233
1547581934,4ba9a9,40.66383361816406,30.14447021484375,204.77197698979185,126.00620760124444,8.45312,7246.62,7551.42,2019-01-15 19:52:14+00:00,THY322,LTBA,,300.0,4.216922370466127e-07,0.5597975945235233
1547581935,4ba9a9,40.66383361816406,30.14447021484375,204.77197698979185,126.00620760124444,8.45312,6637.02,7559.04,2019-01-15 19:52:15+00:00,THY322,LTBA,,300.0,4.216922370466127e-07,0.5597975945235233
1547581936,4ba9a9,40.66383361816406,30.14447021484375,204.77197698979185,126.00620760124444,8.45312,6637.02,7566.660000000001,2019-01-15 19:52:16+00:00,THY322,LTBA,,300.0,4.216922370466127e-07,0.5597975945235233
1547581937,4ba9a9,40.64676058494438,30.175385908647016,204.77197698979185,126.00620760124444,8.128,7277.1,7574.280000000001,2019-01-15 19:52:17+00:00,THY322,LTBA,,300.0,4.216922370466127e-07,0.5597975945235233
1547581938,4ba9a9,40.64630126953125,30.17626953125,204.77197698979185,126.00620760124444,8.128,7277.1,7581.900000000001,2019-01-15 19:52:18+00:00,THY322,LTBA,,300.0,4.216922370466127e-07,0.5597975945235233
1547581939,4ba9a9,40.64630126953125,30.17626953125,204.77197698979185,126.00620760124444,7.80288,6690.360000000001,7589.52,2019-01-15 19:52:19+00:00,THY322,LTBA,,300.0,4.216922370466127e-07,0.5597975945235233
1547581940,4ba9a9,40.64630126953125,30.17626953125,204.77197698979185,126.00620760124444,7.80288,7292.34,7597.14,2019-01-15 19:52:20+00:00,THY322,LTBA,,300.0,4.216922370466127e-07,0.5597975945235233
1547581941,4ba9a9,40.64630126953125,30.17626953125,204.77197698979185,126.00620760124444,7.80288,7292.34,7604.76,2019-01-15 19:52:21+00:00,THY322,LTBA,,300.0,4.216922370466127e-07,0.5597975945235233
1547581942,4ba9a9,40.64630126953125,30.17626953125,204.4699728138617,125.88959245688991,7.477760000000001,7307.58,7612.38,2019-01-15 19:52:22+00:00,THY322,LTBA,,300.0,4.216922370466127e-07,0.5597975945235233
1547581943,4ba9a9,40.64630126953125,30.17626953125,204.4699728138617,125.88959245688991,7.477760000000001,6720.84,7620.0,2019-01-15 19:52:23+00:00,THY322,LTBA,,300.0,4.216922370466127e-07,0.5597975945235233
1547581944,4ba9a9,40.64630126953125,30.17626953125,202.50282857126942,126.11298524445724,6.827520000000001,6736.08,7033.26,2019-01-15 19:52:24+00:00,THY322,LTBA,,300.0,4.216922370466127e-07,0.5597975945235233
1547581945,4ba9a9,40.637969970703125,30.1912841796875,204.4699728138617,125.88959245688991,7.152640000000001,7330.4400000000005,7635.240000000001,2019-01-15 19:52:25+00:00,THY322,LTBA,,300.0,4.216922370466127e-07,0.5597975945235233
1547581946,4ba9a9,40.636798406051376,30.193363536487926,204.77197698979185,126.00620760124444,6.827520000000001,6743.7,7642.860000000001,2019-01-15 19:52:26+00:00,THY322,LTBA,,300.0,4.216922370466127e-07,0.5597975945235233
1547581947,4ba9a9,40.636798406051376,30.193363536487926,204.77197698979185,126.00620760124444,6.827520000000001,7345.68,7650.4800000000005,2019-01-15 19:52:27+00:00,THY322,LTBA,,300.0,4.216922370466127e-07,0.5597975945235233
1547581948,4ba9a9,40.636798406051376,30.193363536487926,204.77197698979185,126.00620760124444,6.827520000000001,6751.320000000001,7658.1,2019-01-15 19:52:28+00:00,THY322,LTBA,,300.0,4.216922370466127e-07,0.5597975945235233
1547581949,4ba9a9,40.636798406051376,30.193363536487926,204.77197698979185,126.00620760124444,6.502400000000001,7360.92,7665.72,2019-01-15 19:52:29+00:00,THY322,LTBA,,300.0,4.216922370466127e-07,0.5597975945235233
1547581950,4ba9a9,40.636798406051376,30.193363536487926,204.77197698979185,126.00620760124444,6.502400000000001,7368.54,7673.34,2019-01-15 19:52:30+00:00,THY322,LTBA,,300.0,4.216922370466127e-07,0.5597975945235233
1547581951,4ba9a9,40.636798406051376,30.193363536487926,203.22165922133598,126.14467334678478,6.502400000000001,6819.9,7109.46,2019-01-15 19:52:31+00:00,THY322,LTBA,,300.0,4.216922370466127e-07,0.5597975945235233
1547581952,4ba9a9,40.636798406051376,30.193363536487926,204.35603959700677,126.09099998805839,6.827520000000001,7383.780000000001,7688.580000000001,2019-01-15 19:52:32+00:00,THY322,LTBA,,300.0,4.216922370466127e-07,0.5597975945235233
1547581953,4ba9a9,40.636798406051376,30.193363536487926,204.35603959700677,126.09099998805839,7.477760000000001,7383.780000000001,7696.200000000001,2019-01-15 19:52:33+00:00,THY322,LTBA,,300.0,4.216922370466127e-07,0.5597975945235233
1547581954,4ba9a9,40.636798406051376,30.193363536487926,204.35603959700677,126.09099998805839,7.477760000000001,7383.780000000001,7703.820000000001,2019-01-15 19:52:34+00:00,THY322,LTBA,,300.0,4.216922370466127e-07,0.5597975945235233
1547581955,4ba9a9,40.628082275390625,30.2091064453125,204.35603959700677,126.09099998805839,7.80288,6835.14,7703.820000000001,2019-01-15 19:52:35+00:00,THY322,LTBA,,300.0,4.216922370466127e-07,0.5597975945235233
1547581956,4ba9a9,40.628082275390625,30.2091064453125,204.35603959700677,126.09099998805839,7.80288,7406.64,7719.06,2019-01-15 19:52:36+00:00,THY322,LTBA,,300.0,4.216922370466127e-07,0.5597975945235233
1547581957,4ba9a9,40.628082275390625,30.2091064453125,204.0534198242384,125.97427258518817,6.1772800000000005,6865.62,7726.68,2019-01-15 19:52:37+00:00,THY322,LTBA,,300.0,4.216922370466127e-07,0.5597975945235233
1547581958,4ba9a9,40.628082275390625,30.2091064453125,204.77197698979185,126.00620760124444,5.52704,6903.72,7734.3,2019-01-15 19:52:38+00:00,THY322,LTBA,,300.0,4.216922370466127e-07,0.5597975945235233
1547581959,4ba9a9,40.628082275390625,30.2091064453125,204.35603959700677,126.09099998805839,8.128,6911.34,7741.92,2019-01-15 19:52:39+00:00,THY322,LTBA,,300.0,4.216922370466127e-07,0.5597975945235233
1547581960,4ba9a9,40.628082275390625,30.2091064453125,203.94055159407904,126.17613805695952,8.77824,6941.820000000001,7749.54,2019-01-15 19:52:40+00:00,THY322,LTBA,,300.0,4.216922370466127e-07,0.5597975945235233
1547581961,4ba9a9,40.628082275390625,30.2091064453125,203.94055159407904,126.17613805695952,8.77824,6957.06,7764.780000000001,2019-01-15 19:52:41+00:00,THY322,LTBA,,300.0,4.216922370466127e-07,0.5597975945235233
1547581962,4ba9a9,40.628082275390625,30.2091064453125,203.94055159407904,126.17613805695952,9.10336,7452.360000000001,7772.400000000001,2019-01-15 19:52:42+00:00,THY322,LTBA,,300.0,4.216922370466127e-07,0.5597975945235233
1547581963,4ba9a9,40.628082275390625,30.2091064453125,205.9068134866264,125.95370140943174,7.152640000000001,7002.78,7307.58,2019-01-15 19:52:43+00:00,THY322,LTBA,,300.0,4.216922370466127e-07,0.5597975945235233
1547581964,4ba9a9,40.628082275390625,30.2091064453125,203.94055159407904,126.17613805695952,8.77824,7048.5,7360.92,2019-01-15 19:52:44+00:00,THY322,LTBA,,300.0,4.216922370466127e-07,0.5597975945235233
1547581965,4ba9a9,40.628082275390625,30.2091064453125,205.9068134866264,125.95370140943174,8.128,7498.08,7376.160000000001,2019-01-15 19:52:45+00:00,THY322,LTBA,,300.0,4.216922370466127e-07,0.5597975945235233
1547581966,4ba9a9,40.628082275390625,30.2091064453125,203.94055159407904,126.17613805695952,8.77824,7056.120000000001,7802.88,2019-01-15 19:52:46+00:00,THY322,LTBA,,300.0,4.216922370466127e-07,0.5597975945235233
1547581967,4ba9a9,40.628082275390625,30.2091064453125,203.22165922133598,126.14467334678478,9.10336,7094.22,7818.120000000001,2019-01-15 19:52:47+00:00,THY322,LTBA,,300.0,4.216922370466127e-07,0.5597975945235233
1547581968,4ba9a9,40.628082275390625,30.2091064453125,203.22165922133598,126.14467334678478,9.10336,7505.700000000001,7825.740000000001,2019-01-15 19:52:48+00:00,THY322,LTBA,,300.0,4.216922370466127e-07,0.5597975945235233
1547581969,4ba9a9,40.628082275390625,30.2091064453125,203.22165922133598,126.14467334678478,9.10336,7520.9400000000005,7833.360000000001,2019-01-15 19:52:49+00:00,THY322,LTBA,,300.0,4.216922370466127e-07,0.5597975945235233
1547581970,4ba9a9,40.611968994140625,30.23809814453125,203.22165922133598,126.14467334678478,9.10336,7528.56,7840.9800000000005,2019-01-15 19:52:50+00:00,THY322,LTBA,,300.0,3.091956756262965e-07,0.4331709784857027
1547581971,4ba9a9,40.610321044921875,30.2410888671875,203.22165922133598,126.14467334678478,8.77824,7536.18,7848.6,2019-01-15 19:52:51+00:00,THY322,LTBA,,300.0,3.091956756262965e-07,0.4331709784857027
1547581972,4ba9a9,40.609146376787606,30.243176546963777,203.22165922133598,126.14467334678478,8.77824,7543.8,7856.22,2019-01-15 19:52:52+00:00,THY322,LTBA,,300.0,3.091956756262965e-07,0.4331709784857027
1547581973,4ba9a9,40.608489990234375,30.24432373046875,203.22165922133598,126.14467334678478,8.128,7551.42,7863.84,2019-01-15 19:52:53+00:00,THY322,LTBA,,300.0,3.091956756262965e-07,0.4331709784857027
1547581974,4ba9a9,40.607098078323624,30.24685946377841,203.22165922133598,126.14467334678478,7.80288,7559.04,7871.46,2019-01-15 19:52:54+00:00,THY322,LTBA,,300.0,3.091956756262965e-07,0.4331709784857027
1547581975,4ba9a9,40.60597229003906,30.2489013671875,203.22165922133598,126.14467334678478,7.80288,7566.660000000001,7886.700000000001,2019-01-15 19:52:55+00:00,THY322,LTBA,,300.0,3.091956756262965e-07,0.4331709784857027
1547581976,4ba9a9,40.60505676269531,30.25048828125,203.22165922133598,126.14467334678478,7.80288,7574.280000000001,7894.320000000001,2019-01-15 19:52:56+00:00,THY322,LTBA,,300.0,3.091956756262965e-07,0.4331709784857027
1547581977,4ba9a9,40.603912353515625,30.2525634765625,203.22165922133598,126.14467334678478,7.80288,7574.280000000001,7901.9400000000005,2019-01-15 19:52:57+00:00,THY322,LTBA,,300.0,3.091956756262965e-07,0.4331709784857027
1547581978,4ba9a9,40.60272216796875,30.254662253639914,203.22165922133598,126.14467334678478,7.80288,7589.52,7909.56,2019-01-15 19:52:58+00:00,THY322,LTBA,,300.0,3.091956756262965e-07,0.4331709784857027
1547581979,4ba9a9,40.60162353515625,30.2567138671875,202.80645712578576,126.23039749075862,7.477760000000001,7604.76,7917.18,2019-01-15 19:52:59+00:00,THY322,LTBA,,300.0,3.091956756262965e-07,0.4331709784857027
1547581980,4ba9a9,40.60067386950477,30.258407592773438,202.80645712578576,126.23039749075862,7.477760000000001,7612.38,7924.8,2019-01-15 19:53:00+00:00,THY322,LTBA,,300.0,3.091956756262965e-07,0.4331709784857027
1547581981,4ba9a9,40.59978937698623,30.26003057306463,202.80645712578576,126.23039749075862,7.152640000000001,7612.38,7932.42,2019-01-15 19:53:01+00:00,THY322,LTBA,,300.0,3.091956756262965e-07,0.4331709784857027
1547581982,4ba9a9,40.59811349642479,30.262964422052555,202.80645712578576,126.23039749075862,6.827520000000001,7620.0,7940.04,2019-01-15 19:53:02+00:00,THY322,LTBA,,300.0,3.091956756262965e-07,0.4331709784857027
1547581983,4ba9a9,40.59722900390625,30.26458740234375,202.80645712578576,126.23039749075862,6.827520000000001,7627.62,7940.04,2019-01-15 19:53:03+00:00,THY322,LTBA,,300.0,3.091956756262965e-07,0.4331709784857027
1547581984,4ba9a9,40.595832436771715,30.26702187278054,203.22165922133598,126.14467334678478,6.1772800000000005,7635.240000000001,7947.660000000001,2019-01-15 19:53:04+00:00,THY322,LTBA,,300.0,3.091956756262965e-07,0.4331709784857027
1547581985,4ba9a9,40.59494794425318,30.26864485307173,203.22165922133598,126.14467334678478,5.52704,7635.240000000001,7955.280000000001,2019-01-15 19:53:05+00:00,THY322,LTBA,,300.0,3.091956756262965e-07,0.4331709784857027
1547581986,4ba9a9,40.59397888183594,30.2703857421875,203.22165922133598,126.14467334678478,5.20192,7642.860000000001,7955.280000000001,2019-01-15 19:53:06+00:00,THY322,LTBA,,300.0,3.091956756262965e-07,0.4331709784857027
1547581987,4ba9a9,40.59397888183594,30.2703857421875,203.22165922133598,126.14467334678478,5.20192,7650.4800000000005,7962.900000000001,2019-01-15 19:53:07+00:00,THY322,LTBA,,300.0,3.091956756262965e-07,0.4331709784857027
1547581988,4ba9a9,40.59150307865466,30.274887084960938,203.22165922133598,126.14467334678478,4.8768,7650.4800000000005,7970.52,2019-01-15 19:53:08+00:00,THY322,LTBA,,300.0,3.091956756262965e-07,0.4331709784857027
1547581989,4ba9a9,40.59100341796875,30.27569580078125,203.22165922133598,126.14467334678478,4.55168,7658.1,7970.52,2019-01-15 19:53:09+00:00,THY322,LTBA,,300.0,3.091956756262965e-07,0.4331709784857027
1547581990,4ba9a9,40.58982719809322,30.277820933948863,203.52551573323507,126.2616235479028,4.55168,7665.72,7978.14,2019-01-15 19:53:10+00:00,THY322,LTBA,,300.0,3.091956756262965e-07,0.4331709784857027
1547581991,4ba9a9,40.5884771831965,30.280317826704543,203.52551573323507,126.2616235479028,4.22656,7665.72,7978.14,2019-01-15 19:53:11+00:00,THY322,LTBA,,300.0,3.091956756262965e-07,0.4331709784857027
1547581992,4ba9a9,40.58757019042969,30.28192138671875,203.94055159407904,126.17613805695952,4.22656,7665.72,7985.76,2019-01-15 19:53:12+00:00,THY322,LTBA,,300.0,3.091956756262965e-07,0.4331709784857027
1547581993,4ba9a9,40.5863823324947,30.284000743519176,203.94055159407904,126.17613805695952,4.22656,7665.72,7985.76,2019-01-15 19:53:13+00:00,THY322,LTBA,,300.0,3.091956756262965e-07,0.4331709784857027
1547581994,4ba9a9,40.585235595703125,30.28607177734375,203.94055159407904,126.17613805695952,3.90144,7673.34,7993.38,2019-01-15 19:53:14+00:00,THY322,LTBA,,300.0,3.091956756262965e-07,0.4331709784857027
1547581995,4ba9a9,40.58409118652344,30.28814697265625,203.94055159407904,126.17613805695952,3.90144,7680.96,7993.38,2019-01-15 19:53:15+00:00,THY322,LTBA,,300.0,3.091956756262965e-07,0.4331709784857027
1547581996,4ba9a9,40.583587646484375,30.28900146484375,203.94055159407904,126.17613805695952,3.90144,7688.58,8001.0,2019-01-15 19:53:16+00:00,THY322,LTBA,,300.0,3.091956756262965e-07,0.4331709784857027
1547581997,4ba9a9,40.58180236816406,30.29229736328125,204.35603959700677,126.09099998805839,4.55168,7696.200000000001,8008.620000000001,2019-01-15 19:53:17+00:00,THY322,LTBA,,300.0,3.091956756262965e-07,0.4331709784857027
1547581998,4ba9a9,40.58180236816406,30.29229736328125,204.6595050390726,126.20738171018202,4.55168,7696.200000000001,8008.620000000001,2019-01-15 19:53:18+00:00,THY322,LTBA,,300.0,3.091956756262965e-07,0.4331709784857027
1547581999,4ba9a9,40.57969665527344,30.2960205078125,204.6595050390726,126.20738171018202,4.55168,7703.820000000001,8016.240000000001,2019-01-15 19:53:19+00:00,THY322,LTBA,,300.0,3.091956756262965e-07,0.4331709784857027
1547582000,4ba9a9,40.57923889160156,30.296875,204.6595050390726,126.20738171018202,4.55168,7703.820000000001,8016.240000000001,2019-01-15 19:53:20+00:00,THY322,LTBA,,300.0,3.091956756262965e-07,0.4331709784857027
1547582001,4ba9a9,40.57923889160156,30.296875,204.6595050390726,126.20738171018202,4.55168,7711.4400000000005,8023.860000000001,2019-01-15 19:53:21+00:00,THY322,LTBA,,300.0,3.091956756262965e-07,0.4331709784857027
1547582002,4ba9a9,40.57740783691406,30.3001708984375,204.6595050390726,126.20738171018202,4.55168,7711.4400000000005,8031.4800000000005,2019-01-15 19:53:22+00:00,THY322,LTBA,,300.0,3.091956756262965e-07,0.4331709784857027
1547582003,4ba9a9,40.57595463122352,30.30272743918679,204.6595050390726,126.20738171018202,4.55168,7719.06,8031.4800000000005,2019-01-15 19:53:23+00:00,THY322,LTBA,,300.0,3.091956756262965e-07,0.4331709784857027
1547582004,4ba9a9,40.57525634765625,30.303955078125,204.6595050390726,126.20738171018202,4.55168,7726.68,8039.1,2019-01-15 19:53:24+00:00,THY322,LTBA,,300.0,3.091956756262965e-07,0.4331709784857027
1547582005,4ba9a9,40.57365417480469,30.30682373046875,205.07482693732214,126.12247879676362,4.8768,7726.68,8046.72,2019-01-15 19:53:25+00:00,THY322,LTBA,,300.0,3.091956756262965e-07,0.4331709784857027
1547582006,4ba9a9,40.573150634765625,30.30767822265625,205.37851891494321,126.2384066094815,4.55168,7734.3,8046.72,2019-01-15 19:53:26+00:00,THY322,LTBA,,300.0,3.091956756262965e-07,0.4331709784857027
1547582007,4ba9a9,40.57086181640625,30.31182861328125,205.37851891494321,126.2384066094815,4.55168,7741.92,8054.34,2019-01-15 19:53:27+00:00,THY322,LTBA,,300.0,3.091956756262965e-07,0.4331709784857027
1547582008,4ba9a9,40.57086181640625,30.31182861328125,205.37851891494321,126.2384066094815,4.55168,7741.92,8061.96,2019-01-15 19:53:28+00:00,THY322,LTBA,,300.0,3.091956756262965e-07,0.4331709784857027
1547582009,4ba9a9,40.568756103515625,30.31561279296875,205.37851891494321,126.2384066094815,4.55168,7749.54,8061.96,2019-01-15 19:53:29+00:00,THY322,LTBA,,300.0,3.091956756262965e-07,0.4331709784857027
1547582010,4ba9a9,40.56757522841631,30.31770879572088,205.37851891494321,126.2384066094815,4.55168,7749.54,8069.580000000001,2019-01-15 19:53:30+00:00,THY322,LTBA,,300.0,3.091956756262965e-07,0.4331709784857027
1547582011,4ba9a9,40.566650390625,30.3193359375,205.37851891494321,126.2384066094815,4.55168,7757.160000000001,8069.580000000001,2019-01-15 19:53:31+00:00,THY322,LTBA,,300.0,3.091956756262965e-07,0.4331709784857027
1547582012,4ba9a9,40.566650390625,30.3193359375,205.79367574706566,126.15373770037361,4.55168,7757.160000000001,8077.200000000001,2019-01-15 19:53:32+00:00,THY322,LTBA,,300.0,3.091956756262965e-07,0.4331709784857027
1547582013,4ba9a9,40.564361572265625,30.323486328125,205.79367574706566,126.15373770037361,4.55168,7764.780000000001,8077.200000000001,2019-01-15 19:53:33+00:00,THY322,LTBA,,300.0,3.091956756262965e-07,0.4331709784857027
1547582014,4ba9a9,40.56338552701271,30.325261896306817,205.79367574706566,126.15373770037361,4.55168,7764.780000000001,8084.820000000001,2019-01-15 19:53:34+00:00,THY322,LTBA,,300.0,3.091956756262965e-07,0.4331709784857027
1547582015,4ba9a9,40.562454482256356,30.32688487659801,205.79367574706566,126.15373770037361,4.55168,7772.400000000001,8092.4400000000005,2019-01-15 19:53:35+00:00,THY322,LTBA,,300.0,3.091956756262965e-07,0.4331709784857027
1547582016,4ba9a9,40.562454482256356,30.32688487659801,205.79367574706566,126.15373770037361,4.55168,7780.02,8092.4400000000005,2019-01-15 19:53:36+00:00,THY322,LTBA,,300.0,3.091956756262965e-07,0.4331709784857027
1547582017,4ba9a9,40.55992126464844,30.3314208984375,206.09759258921423,126.2692150262632,4.55168,7780.02,8100.06,2019-01-15 19:53:37+00:00,THY322,LTBA,,300.0,3.091956756262965e-07,0.4331709784857027
1547582018,4ba9a9,40.55992126464844,30.3314208984375,206.09759258921423,126.2692150262632,4.55168,7787.64,8100.06,2019-01-15 19:53:38+00:00,THY322,LTBA,,300.0,3.091956756262965e-07,0.4331709784857027
1547582019,4ba9a9,40.55849754204184,30.334001020951703,206.09759258921423,126.2692150262632,4.55168,7795.26,8107.68,2019-01-15 19:53:39+00:00,THY322,LTBA,,300.0,3.091956756262965e-07,0.4331709784857027
1547582020,4ba9a9,40.55663545252913,30.33730940385298,206.09759258921423,126.2692150262632,4.55168,7795.26,8115.3,2019-01-15 19:53:40+00:00,THY322,LTBA,,300.0,3.091956756262965e-07,0.4331709784857027
1547582021,4ba9a9,40.55663545252913,30.33730940385298,206.5125853843313,126.18477897677684,4.55168,7802.88,8115.3,2019-01-15 19:53:41+00:00,THY322,LTBA,,300.0,3.091956756262965e-07,0.4331709784857027
1547582022,4ba9a9,40.554959571967686,30.3403056751598,206.5125853843313,126.18477897677684,4.55168,7810.5,8122.92,2019-01-15 19:53:42+00:00,THY322,LTBA,,300.0,3.091956756262965e-07,0.4331709784857027
1547582023,4ba9a9,40.55356300483316,30.34280256791548,206.5125853843313,126.18477897677684,4.55168,7810.5,8122.92,2019-01-15 19:53:43+00:00,THY322,LTBA,,300.0,3.091956756262965e-07,0.4331709784857027
1547582024,4ba9a9,40.552642822265625,30.344482421875,206.5125853843313,126.18477897677684,4.55168,7818.12,8130.54,2019-01-15 19:53:44+00:00,THY322,LTBA,,300.0,3.091956756262965e-07,0.4331709784857027
1547582025,4ba9a9,40.551933676509535,30.34573641690341,206.5125853843313,126.18477897677684,4.55168,7825.740000000001,8138.160000000001,2019-01-15 19:53:45+00:00,THY322,LTBA,,300.0,3.091956756262965e-07,0.4331709784857027
1547582026,4ba9a9,40.55076599121094,30.34783935546875,206.8167254381529,126.29980920084515,4.55168,7825.740000000001,8138.160000000001,2019-01-15 19:53:46+00:00,THY322,LTBA,,300.0,3.091956756262965e-07,0.4331709784857027
1547582027,4ba9a9,40.549373303429554,30.350355668501418,206.8167254381529,126.29980920084515,4.55168,7833.360000000001,8145.780000000001,2019-01-15 19:53:47+00:00,THY322,LTBA,,300.0,3.091956756262965e-07,0.4331709784857027
1547582028,4ba9a9,40.54820251464844,30.3524169921875,207.23155521606643,126.21560487276514,4.55168,7833.360000000001,8145.780000000001,2019-01-15 19:53:48+00:00,THY322,LTBA,,300.0,3.091956756262965e-07,0.4331709784857027
1547582029,4ba9a9,40.54704569153866,30.354537963867188,207.23155521606643,126.21560487276514,4.55168,7840.9800000000005,8153.400000000001,2019-01-15 19:53:49+00:00,THY322,LTBA,,300.0,3.091956756262965e-07,0.4331709784857027
1547582030,4ba9a9,40.5458353333554,30.356660322709516,205.4905973254381,126.03791926746439,8.77824,7124.7,7421.88,2019-01-15 19:53:50+00:00,THY322,LTBA,,300.0,3.091956756262965e-07,0.4331709784857027
1547582031,4ba9a9,40.54541636321504,30.357471812855113,207.23155521606643,126.21560487276514,4.55168,7848.6,8161.02,2019-01-15 19:53:51+00:00,THY322,LTBA,,300.0,3.091956756262965e-07,0.4331709784857027
1547582032,4ba9a9,40.54541636321504,30.357471812855113,207.23155521606643,126.21560487276514,4.55168,7132.320000000001,8168.64,2019-01-15 19:53:52+00:00,THY322,LTBA,,300.0,3.091956756262965e-07,0.4331709784857027
1547582033,4ba9a9,40.54541636321504,30.357471812855113,204.77197698979185,126.00620760124444,8.45312,7871.46,8176.26,2019-01-15 19:53:53+00:00,THY322,LTBA,,300.0,3.091956756262965e-07,0.4331709784857027
1547582034,4ba9a9,40.54541636321504,30.357471812855113,207.23155521606643,126.21560487276514,4.55168,7200.900000000001,8176.26,2019-01-15 19:53:54+00:00,THY322,LTBA,,300.0,3.091956756262965e-07,0.4331709784857027
1547582035,4ba9a9,40.54541636321504,30.357471812855113,207.9505846179207,126.24621760455807,4.22656,7223.76,7543.8,2019-01-15 19:53:55+00:00,THY322,LTBA,,300.0,3.091956756262965e-07,0.4331709784857027
1547582036,4ba9a9,40.54541636321504,30.357471812855113,207.9505846179207,126.24621760455807,4.22656,7246.62,7559.04,2019-01-15 19:53:56+00:00,THY322,LTBA,,300.0,3.091956756262965e-07,0.4331709784857027
1547582037,4ba9a9,40.54541636321504,30.357471812855113,204.77197698979185,126.00620760124444,7.80288,7886.7,8191.5,2019-01-15 19:53:57+00:00,THY322,LTBA,,300.0,3.091956756262965e-07,0.4331709784857027
1547582038,4ba9a9,40.54541636321504,30.357471812855113,207.9505846179207,126.24621760455807,4.22656,7292.34,8191.5,2019-01-15 19:53:58+00:00,THY322,LTBA,,300.0,3.091956756262965e-07,0.4331709784857027
1547582039,4ba9a9,40.54541636321504,30.357471812855113,207.9505846179207,126.24621760455807,4.22656,7879.08,8199.12,2019-01-15 19:53:59+00:00,THY322,LTBA,,300.0,3.091956756262965e-07,0.4331709784857027
1547582040,4ba9a9,40.54541636321504,30.357471812855113,207.9505846179207,126.24621760455807,4.22656,7886.700000000001,8199.12,2019-01-15 19:54:00+00:00,THY322,LTBA,,300.0,3.091956756262965e-07,0.4331709784857027
1547582041,4ba9a9,40.533599853515625,30.3785400390625,207.9505846179207,126.24621760455807,4.22656,7886.7,8206.74,2019-01-15 19:54:01+00:00,THY322,LTBA,,300.0,6.414365803726301e-07,0.745236510983965
1547582042,4ba9a9,40.532684326171875,30.3802490234375,207.9505846179207,126.24621760455807,4.22656,7894.32,8206.74,2019-01-15 19:54:02+00:00,THY322,LTBA,,300.0,6.414365803726301e-07,0.745236510983965
1547582043,4ba9a9,40.53168345305879,30.381941361860793,208.36569729626996,126.16257827729977,4.55168,7901.9400000000005,8214.36,2019-01-15 19:54:03+00:00,THY322,LTBA,,300.0,6.414365803726301e-07,0.745236510983965
1547582044,4ba9a9,40.53168345305879,30.381941361860793,208.36569729626996,126.16257827729977,4.55168,7315.200000000001,8221.98,2019-01-15 19:54:04+00:00,THY322,LTBA,,300.0,6.414365803726301e-07,0.745236510983965
1547582045,4ba9a9,40.53168345305879,30.381941361860793,208.36569729626996,126.16257827729977,4.55168,7315.200000000001,7635.240000000001,2019-01-15 19:54:05+00:00,THY322,LTBA,,300.0,6.414365803726301e-07,0.745236510983965
1547582046,4ba9a9,40.53168345305879,30.381941361860793,208.66967297409784,126.276619358317,5.20192,7917.18,8229.6,2019-01-15 19:54:06+00:00,THY322,LTBA,,300.0,6.414365803726301e-07,0.745236510983965
1547582047,4ba9a9,40.53168345305879,30.381941361860793,204.77197698979185,126.00620760124444,6.827520000000001,7345.68,8237.220000000001,2019-01-15 19:54:07+00:00,THY322,LTBA,,300.0,6.414365803726301e-07,0.745236510983965
1547582048,4ba9a9,40.53168345305879,30.381941361860793,208.36569729626996,126.16257827729977,5.52704,7360.92,7673.34,2019-01-15 19:54:08+00:00,THY322,LTBA,,300.0,6.414365803726301e-07,0.745236510983965
1547582049,4ba9a9,40.53168345305879,30.381941361860793,208.78125222788776,126.07927172191819,5.52704,7360.92,7673.34,2019-01-15 19:54:09+00:00,THY322,LTBA,,300.0,6.414365803726301e-07,0.745236510983965
1547582050,4ba9a9,40.53168345305879,30.381941361860793,208.78125222788776,126.07927172191819,5.52704,7940.040000000001,8252.460000000001,2019-01-15 19:54:10+00:00,THY322,LTBA,,300.0,6.414365803726301e-07,0.745236510983965
1547582051,4ba9a9,40.53168345305879,30.381941361860793,208.78125222788776,126.07927172191819,5.52704,7932.420000000001,8260.08,2019-01-15 19:54:11+00:00,THY322,LTBA,,300.0,6.414365803726301e-07,0.745236510983965
1547582052,4ba9a9,40.53168345305879,30.381941361860793,208.78125222788776,126.07927172191819,5.52704,7940.04,8260.08,2019-01-15 19:54:12+00:00,THY322,LTBA,,300.0,6.414365803726301e-07,0.745236510983965
1547582053,4ba9a9,40.53168345305879,30.381941361860793,208.78125222788776,126.07927172191819,5.52704,7940.04,8260.08,2019-01-15 19:54:13+00:00,THY322,LTBA,,300.0,6.414365803726301e-07,0.745236510983965
1547582054,4ba9a9,40.5196729757018,30.403601906516336,208.89530572774814,125.88213724620422,5.52704,7955.28,8275.32,2019-01-15 19:54:14+00:00,THY322,LTBA,,300.0,6.414365803726301e-07,0.745236510983965
1547582055,4ba9a9,40.5196729757018,30.403601906516336,208.89530572774814,125.88213724620422,5.52704,7955.28,8282.94,2019-01-15 19:54:15+00:00,THY322,LTBA,,300.0,6.414365803726301e-07,0.745236510983965
1547582056,4ba9a9,40.5196729757018,30.403601906516336,209.37618000439477,125.09581678702611,5.52704,7970.52,8282.94,2019-01-15 19:54:16+00:00,THY322,LTBA,,300.0,6.414365803726301e-07,0.745236510983965
1547582057,4ba9a9,40.5164794921875,30.4095458984375,209.37618000439477,125.09581678702611,5.52704,7970.520000000001,8290.560000000001,2019-01-15 19:54:17+00:00,THY322,LTBA,,300.0,6.414365803726301e-07,0.745236510983965
1547582058,4ba9a9,40.5164794921875,30.4095458984375,203.94055159407904,126.17613805695952,8.77824,7482.84,7802.88,2019-01-15 19:54:18+00:00,THY322,LTBA,,300.0,6.414365803726301e-07,0.745236510983965
1547582059,4ba9a9,40.5164794921875,30.4095458984375,209.4570607302655,123.88521588413948,5.20192,7978.14,8298.18,2019-01-15 19:54:19+00:00,THY322,LTBA,,300.0,6.414365803726301e-07,0.745236510983965
1547582060,4ba9a9,40.5164794921875,30.4095458984375,209.51201652529855,122.3632907620757,5.52704,7978.14,8298.18,2019-01-15 19:54:20+00:00,THY322,LTBA,,300.0,6.414365803726301e-07,0.745236510983965
1547582061,4ba9a9,40.5164794921875,30.4095458984375,203.22165922133598,126.14467334678478,7.80288,7574.280000000001,7901.9400000000005,2019-01-15 19:54:21+00:00,THY322,LTBA,,300.0,6.414365803726301e-07,0.745236510983965
1547582062,4ba9a9,40.5164794921875,30.4095458984375,210.16784673873977,121.58912643561754,5.52704,7581.900000000001,7901.9400000000005,2019-01-15 19:54:22+00:00,THY322,LTBA,,300.0,6.414365803726301e-07,0.745236510983965
1547582063,4ba9a9,40.5164794921875,30.4095458984375,202.80645712578576,126.23039749075862,7.152640000000001,7604.76,7940.04,2019-01-15 19:54:23+00:00,THY322,LTBA,,300.0,6.414365803726301e-07,0.745236510983965
1547582064,4ba9a9,40.5164794921875,30.4095458984375,210.18799367930308,119.95360816780152,5.52704,7620.0,8328.66,2019-01-15 19:54:24+00:00,THY322,LTBA,,300.0,6.414365803726301e-07,0.745236510983965
1547582065,4ba9a9,40.5164794921875,30.4095458984375,203.22165922133598,126.14467334678478,6.502400000000001,8016.24,7947.660000000001,2019-01-15 19:54:25+00:00,THY322,LTBA,,300.0,6.414365803726301e-07,0.745236510983965
1547582066,4ba9a9,40.5164794921875,30.4095458984375,203.22165922133598,126.14467334678478,6.502400000000001,8016.24,7947.660000000001,2019-01-15 19:54:26+00:00,THY322,LTBA,,300.0,6.414365803726301e-07,0.745236510983965
1547582067,4ba9a9,40.5164794921875,30.4095458984375,203.22165922133598,126.14467334678478,6.502400000000001,8016.24,7947.660000000001,2019-01-15 19:54:27+00:00,THY322,LTBA,,300.0,6.414365803726301e-07,0.745236510983965
1547582068,4ba9a9,40.5164794921875,30.4095458984375,203.22165922133598,126.14467334678478,6.502400000000001,8016.24,7947.660000000001,2019-01-15 19:54:28+00:00,THY322,LTBA,,300.0,6.414365803726301e-07,0.745236510983965
1547582069,4ba9a9,40.5164794921875,30.4095458984375,211.3062682918374,114.75565552298795,4.8768,7627.620000000001,8351.52,2019-01-15 19:54:29+00:00,THY322,LTBA,,300.0,6.414365803726301e-07,0.745236510983965
1547582070,4ba9a9,40.5164794921875,30.4095458984375,211.3062682918374,114.75565552298795,4.8768,7627.620000000001,8359.140000000001,2019-01-15 19:54:30+00:00,THY322,LTBA,,300.0,6.414365803726301e-07,0.745236510983965
1547582071,4ba9a9,40.5164794921875,30.4095458984375,211.3062682918374,114.75565552298795,4.8768,7627.620000000001,7955.280000000001,2019-01-15 19:54:31+00:00,THY322,LTBA,,300.0,6.414365803726301e-07,0.745236510983965
1547582072,4ba9a9,40.5164794921875,30.4095458984375,203.22165922133598,126.14467334678478,4.55168,7650.4800000000005,8374.380000000001,2019-01-15 19:54:32+00:00,THY322,LTBA,,300.0,6.414365803726301e-07,0.745236510983965
1547582073,4ba9a9,40.5164794921875,30.4095458984375,203.52551573323507,126.2616235479028,4.55168,7665.72,7985.76,2019-01-15 19:54:33+00:00,THY322,LTBA,,300.0,6.414365803726301e-07,0.745236510983965
1547582074,4ba9a9,40.5164794921875,30.4095458984375,203.52551573323507,126.2616235479028,4.55168,7665.72,7985.76,2019-01-15 19:54:34+00:00,THY322,LTBA,,300.0,6.414365803726301e-07,0.745236510983965
1547582075,4ba9a9,40.5164794921875,30.4095458984375,203.52551573323507,126.2616235479028,4.55168,7665.72,8382.0,2019-01-15 19:54:35+00:00,THY322,LTBA,,300.0,6.414365803726301e-07,0.745236510983965
1547582076,4ba9a9,40.5164794921875,30.4095458984375,203.52551573323507,126.2616235479028,4.55168,7665.72,8389.62,2019-01-15 19:54:36+00:00,THY322,LTBA,,300.0,6.414365803726301e-07,0.745236510983965
1547582077,4ba9a9,40.5164794921875,30.4095458984375,204.35603959700677,126.09099998805839,4.55168,7696.200000000001,8008.620000000001,2019-01-15 19:54:37+00:00,THY322,LTBA,,300.0,6.414365803726301e-07,0.745236510983965
1547582078,4ba9a9,40.5164794921875,30.4095458984375,213.36033859425285,106.81833459727834,4.55168,7688.580000000001,8008.620000000001,2019-01-15 19:54:38+00:00,THY322,LTBA,,300.0,6.414365803726301e-07,0.745236510983965
1547582079,4ba9a9,40.5164794921875,30.4095458984375,213.36033859425285,106.81833459727834,4.55168,7688.580000000001,8404.86,2019-01-15 19:54:39+00:00,THY322,LTBA,,300.0,6.414365803726301e-07,0.745236510983965
1547582080,4ba9a9,40.5164794921875,30.4095458984375,214.13974816725747,105.03781590358226,4.8768,9136.38,8412.48,2019-01-15 19:54:40+00:00,THY322,LTBA,,300.0,6.414365803726301e-07,0.745236510983965
1547582081,4ba9a9,40.5164794921875,30.4095458984375,214.13974816725747,105.03781590358226,4.8768,9136.38,8412.48,2019-01-15 19:54:41+00:00,THY322,LTBA,,300.0,6.414365803726301e-07,0.745236510983965
1547582082,4ba9a9,40.5164794921875,30.4095458984375,214.13974816725747,105.03781590358226,4.8768,9136.38,8420.1,2019-01-15 19:54:42+00:00,THY322,LTBA,,300.0,6.414365803726301e-07,0.745236510983965
1547582083,4ba9a9,40.5164794921875,30.4095458984375,214.77528710991527,102.87117903780128,5.20192,7703.820000000001,8427.720000000001,2019-01-15 19:54:43+00:00,THY322,LTBA,,300.0,6.414365803726301e-07,0.745236510983965
1547582084,4ba9a9,40.5164794921875,30.4095458984375,214.939111267579,102.43956201884656,5.20192,8107.680000000001,8435.34,2019-01-15 19:54:44+00:00,THY322,LTBA,,300.0,6.414365803726301e-07,0.745236510983965
1547582085,4ba9a9,40.49662961798199,30.47339005903764,215.1151138447264,102.0086268570037,5.20192,8115.3,8435.34,2019-01-15 19:54:45+00:00,THY322,LTBA,,300.0,6.414365803726301e-07,0.745236510983965
1547582086,4ba9a9,40.49662961798199,30.47339005903764,215.00866796384994,101.87453708378004,5.20192,8122.920000000001,8442.960000000001,2019-01-15 19:54:46+00:00,THY322,LTBA,,300.0,6.414365803726301e-07,0.745236510983965
1547582087,4ba9a9,40.49662961798199,30.47339005903764,205.37851891494321,126.2384066094815,4.55168,7734.3,8061.96,2019-01-15 19:54:47+00:00,THY322,LTBA,,300.0,6.414365803726301e-07,0.745236510983965
1547582088,4ba9a9,40.49662961798199,30.47339005903764,214.9034008572382,101.7403152112119,5.52704,7741.92,8450.58,2019-01-15 19:54:48+00:00,THY322,LTBA,,300.0,6.414365803726301e-07,0.745236510983965
1547582089,4ba9a9,40.49662961798199,30.47339005903764,215.3032649751165,101.57842057211742,5.20192,8130.54,8092.4400000000005,2019-01-15 19:54:49+00:00,THY322,LTBA,,300.0,6.414365803726301e-07,0.745236510983965
1547582090,4ba9a9,40.49662961798199,30.47339005903764,206.09759258921423,126.2692150262632,4.55168,7787.64,8458.2,2019-01-15 19:54:50+00:00,THY322,LTBA,,300.0,6.414365803726301e-07,0.745236510983965
1547582091,4ba9a9,40.49662961798199,30.47339005903764,215.3032649751165,101.57842057211742,3.90144,7802.88,8122.92,2019-01-15 19:54:51+00:00,THY322,LTBA,,300.0,6.414365803726301e-07,0.745236510983965
1547582092,4ba9a9,40.49662961798199,30.47339005903764,215.3032649751165,101.57842057211742,4.22656,7795.26,8122.92,2019-01-15 19:54:52+00:00,THY322,LTBA,,300.0,6.414365803726301e-07,0.745236510983965
1547582093,4ba9a9,40.49662961798199,30.47339005903764,215.3032649751165,101.57842057211742,4.22656,7795.26,8473.44,2019-01-15 19:54:53+00:00,THY322,LTBA,,300.0,6.414365803726301e-07,0.745236510983965
1547582094,4ba9a9,40.49662961798199,30.47339005903764,215.3032649751165,101.57842057211742,4.22656,7795.26,8481.060000000001,2019-01-15 19:54:54+00:00,THY322,LTBA,,300.0,6.414365803726301e-07,0.745236510983965
1547582095,4ba9a9,40.49281311035156,30.49774169921875,215.3032649751165,101.57842057211742,4.22656,7795.26,8481.060000000001,2019-01-15 19:54:55+00:00,THY322,LTBA,,300.0,6.414365803726301e-07,0.745236510983965
1547582096,4ba9a9,40.49239336434057,30.5004189231179,215.40710806115288,101.71247231108752,4.8768,8161.020000000001,8488.68,2019-01-15 19:54:56+00:00,THY322,LTBA,,300.0,6.414365803726301e-07,0.745236510983965
1547582097,4ba9a9,40.491695080773304,30.504601218483664,215.51212913163715,101.84639413321945,4.8768,8168.64,8496.300000000001,2019-01-15 19:54:57+00:00,THY322,LTBA,,300.0,6.414365803726301e-07,0.745236510983965
1547582098,4ba9a9,40.49134826660156,30.50677490234375,215.51212913163715,101.84639413321945,4.8768,8168.640000000001,8503.92,2019-01-15 19:54:58+00:00,THY322,LTBA,,300.0,6.414365803726301e-07,0.745236510983965
1547582099,4ba9a9,40.49095024496822,30.50940773703835,215.61832646528907,101.98018476610856,5.52704,8176.26,8503.92,2019-01-15 19:54:59+00:00,THY322,LTBA,,300.0,6.414365803726301e-07,0.745236510983965
1547582100,4ba9a9,40.49076403601695,30.510468916459516,215.61832646528907,101.98018476610856,5.52704,8183.880000000001,8511.54,2019-01-15 19:55:00+00:00,THY322,LTBA,,300.0,6.414365803726301e-07,0.745236510983965
1547582101,4ba9a9,40.49034118652344,30.5130615234375,215.61832646528907,101.98018476610856,5.52704,8183.880000000001,8511.54,2019-01-15 19:55:01+00:00,THY322,LTBA,,300.0,6.414365803726301e-07,0.745236510983965
1547582102,4ba9a9,40.49034118652344,30.5130615234375,215.61832646528907,101.98018476610856,5.8521600000000005,8183.880000000001,8511.54,2019-01-15 19:55:02+00:00,THY322,LTBA,,300.0,6.414365803726301e-07,0.745236510983965
1547582103,4ba9a9,40.49034118652344,30.5130615234375,215.61832646528907,101.98018476610856,6.1772800000000005,8183.880000000001,8511.54,2019-01-15 19:55:03+00:00,THY322,LTBA,,300.0,6.414365803726301e-07,0.745236510983965
1547582104,4ba9a9,40.489134707693324,30.520518909801137,215.61832646528907,101.98018476610856,6.1772800000000005,8183.880000000001,8534.4,2019-01-15 19:55:04+00:00,THY322,LTBA,,300.0,6.414365803726301e-07,0.745236510983965
1547582105,4ba9a9,40.48878479003906,30.522705078125,215.61832646528907,101.98018476610856,6.1772800000000005,8183.880000000001,8542.02,2019-01-15 19:55:05+00:00,THY322,LTBA,,300.0,6.414365803726301e-07,0.745236510983965
1547582106,4ba9a9,40.48834331965042,30.52526300603693,215.61832646528907,101.98018476610856,6.1772800000000005,8183.880000000001,8549.640000000001,2019-01-15 19:55:06+00:00,THY322,LTBA,,300.0,6.414365803726301e-07,0.745236510983965
1547582107,4ba9a9,40.4879150390625,30.5279541015625,215.2227367508563,102.1425832591539,7.152640000000001,8221.980000000001,8557.26,2019-01-15 19:55:07+00:00,THY322,LTBA,,300.0,6.414365803726301e-07,0.745236510983965
1547582108,4ba9a9,40.487457275390625,30.53057861328125,215.2227367508563,102.1425832591539,7.152640000000001,8221.980000000001,8564.880000000001,2019-01-15 19:55:08+00:00,THY322,LTBA,,300.0,6.414365803726301e-07,0.745236510983965
1547582109,4ba9a9,40.48703985699152,30.533190640536223,214.82888244340276,102.3055785288675,8.128,8244.84,8572.5,2019-01-15 19:55:09+00:00,THY322,LTBA,,300.0,6.414365803726301e-07,0.745236510983965
1547582110,4ba9a9,40.48703985699152,30.533190640536223,214.939111267579,102.43956201884656,8.128,8237.22,8572.5,2019-01-15 19:55:10+00:00,THY322,LTBA,,300.0,6.414365803726301e-07,0.745236510983965
1547582111,4ba9a9,40.48703985699152,30.533190640536223,214.939111267579,102.43956201884656,7.80288,8260.08,8587.74,2019-01-15 19:55:11+00:00,THY322,LTBA,,300.0,6.414365803726301e-07,0.745236510983965
1547582112,4ba9a9,40.48703985699152,30.533190640536223,214.43677310515298,102.4691712180538,7.477760000000001,8267.7,8595.36,2019-01-15 19:55:12+00:00,THY322,LTBA,,300.0,6.414365803726301e-07,0.745236510983965
1547582113,4ba9a9,40.48703985699152,30.533190640536223,214.43677310515298,102.4691712180538,7.477760000000001,8267.7,8602.98,2019-01-15 19:55:13+00:00,THY322,LTBA,,300.0,6.414365803726301e-07,0.745236510983965
1547582114,4ba9a9,40.485076904296875,30.54473876953125,214.54843692188595,102.6033145325808,7.477760000000001,8282.94,8618.220000000001,2019-01-15 19:55:14+00:00,THY322,LTBA,,300.0,6.414365803726301e-07,0.745236510983965
1547582115,4ba9a9,40.4842529296875,30.549560546875,214.54843692188595,102.6033145325808,7.152640000000001,8290.560000000001,8625.84,2019-01-15 19:55:15+00:00,THY322,LTBA,,300.0,6.414365803726301e-07,0.745236510983965
1547582116,4ba9a9,40.4842529296875,30.549560546875,214.54843692188595,102.6033145325808,7.152640000000001,8298.18,8625.84,2019-01-15 19:55:16+00:00,THY322,LTBA,,300.0,6.414365803726301e-07,0.745236510983965
1547582117,4ba9a9,40.483827752582094,30.55210460316051,214.04641832587834,102.63336193527502,7.152640000000001,8305.800000000001,8633.460000000001,2019-01-15 19:55:17+00:00,THY322,LTBA,,300.0,6.414365803726301e-07,0.745236510983965
1547582118,4ba9a9,40.483176021252646,30.555849942294035,214.04641832587834,102.63336193527502,7.152640000000001,8298.18,8641.08,2019-01-15 19:55:18+00:00,THY322,LTBA,,300.0,6.414365803726301e-07,0.745236510983965
1547582119,4ba9a9,40.48292541503906,30.55743408203125,214.04641832587834,102.63336193527502,7.152640000000001,8321.04,8648.7,2019-01-15 19:55:19+00:00,THY322,LTBA,,300.0,6.414365803726301e-07,0.745236510983965
1547582120,4ba9a9,40.48228454589844,30.56103515625,214.04641832587834,102.63336193527502,6.1772800000000005,8328.66,8656.32,2019-01-15 19:55:20+00:00,THY322,LTBA,,300.0,6.414365803726301e-07,0.745236510983965
1547582121,4ba9a9,40.48182600635593,30.56371515447443,214.04641832587834,102.63336193527502,6.1772800000000005,8328.66,8663.94,2019-01-15 19:55:21+00:00,THY322,LTBA,,300.0,6.414365803726301e-07,0.745236510983965
1547582122,4ba9a9,40.48136901855469,30.5662841796875,214.04641832587834,102.63336193527502,5.20192,8336.28,8671.560000000001,2019-01-15 19:55:22+00:00,THY322,LTBA,,300.0,6.414365803726301e-07,0.745236510983965
1547582123,4ba9a9,40.48136901855469,30.5662841796875,214.15952145367902,102.76766314468288,5.20192,8343.900000000001,8671.560000000001,2019-01-15 19:55:23+00:00,THY322,LTBA,,300.0,6.414365803726301e-07,0.745236510983965
1547582124,4ba9a9,40.48072814941406,30.57000732421875,214.15952145367902,102.76766314468288,5.20192,8351.52,8679.18,2019-01-15 19:55:24+00:00,THY322,LTBA,,300.0,6.414365803726301e-07,0.745236510983965
1547582125,4ba9a9,40.48072814941406,30.57000732421875,214.15952145367902,102.76766314468288,5.52704,8351.52,8679.18,2019-01-15 19:55:25+00:00,THY322,LTBA,,300.0,6.414365803726301e-07,0.745236510983965
1547582126,4ba9a9,40.48033633474576,30.57226701216264,214.15952145367902,102.76766314468288,5.52704,8343.9,8686.800000000001,2019-01-15 19:55:26+00:00,THY322,LTBA,,300.0,6.414365803726301e-07,0.745236510983965
1547582127,4ba9a9,40.47931218551377,30.578384399414062,214.15952145367902,102.76766314468288,5.20192,8366.76,8694.42,2019-01-15 19:55:27+00:00,THY322,LTBA,,300.0,6.414365803726301e-07,0.745236510983965
1547582128,4ba9a9,40.47893976761123,30.5804443359375,214.15952145367902,102.76766314468288,5.20192,8359.14,8702.04,2019-01-15 19:55:28+00:00,THY322,LTBA,,300.0,6.414365803726301e-07,0.745236510983965
1547582129,4ba9a9,40.47893976761123,30.5804443359375,214.27379999817748,102.90182183694948,5.52704,8374.380000000001,8702.04,2019-01-15 19:55:29+00:00,THY322,LTBA,,300.0,6.414365803726301e-07,0.745236510983965
1547582130,4ba9a9,40.47893976761123,30.5804443359375,214.27379999817748,102.90182183694948,5.52704,8374.380000000001,9441.18,2019-01-15 19:55:30+00:00,THY322,LTBA,,300.0,6.414365803726301e-07,0.745236510983965
1547582131,4ba9a9,40.477915618379235,30.58624961159446,214.27379999817748,102.90182183694948,5.52704,8374.380000000001,8717.28,2019-01-15 19:55:31+00:00,THY322,LTBA,,300.0,6.414365803726301e-07,0.745236510983965
1547582132,4ba9a9,40.477915618379235,30.58624961159446,213.77237446272068,102.93260839673952,7.477760000000001,8389.62,8724.9,2019-01-15 19:55:32+00:00,THY322,LTBA,,300.0,6.414365803726301e-07,0.745236510983965
1547582133,4ba9a9,40.47698457362288,30.5914306640625,213.8880972029021,103.06692078392842,7.80288,8397.24,8732.52,2019-01-15 19:55:33+00:00,THY322,LTBA,,300.0,6.414365803726301e-07,0.745236510983965
1547582134,4ba9a9,40.47698457362288,30.5914306640625,213.8880972029021,103.06692078392842,7.80288,8397.24,8732.52,2019-01-15 19:55:34+00:00,THY322,LTBA,,300.0,6.414365803726301e-07,0.745236510983965
1547582135,4ba9a9,40.47698457362288,30.5914306640625,213.8880972029021,103.06692078392842,7.80288,8397.24,8732.52,2019-01-15 19:55:35+00:00,THY322,LTBA,,300.0,6.414365803726301e-07,0.745236510983965
1547582136,4ba9a9,40.47550964355469,30.59979248046875,213.8880972029021,103.06692078392842,7.80288,8397.24,8755.380000000001,2019-01-15 19:55:36+00:00,THY322,LTBA,,300.0,6.414365803726301e-07,0.745236510983965
1547582137,4ba9a9,40.47550964355469,30.59979248046875,213.8880972029021,103.06692078392842,7.80288,8397.24,8763.0,2019-01-15 19:55:37+00:00,THY322,LTBA,,300.0,6.414365803726301e-07,0.745236510983965
1547582138,4ba9a9,40.47550964355469,30.59979248046875,213.8880972029021,103.06692078392842,7.80288,8397.24,8763.0,2019-01-15 19:55:38+00:00,THY322,LTBA,,300.0,6.414365803726301e-07,0.745236510983965
1547582139,4ba9a9,40.47550964355469,30.59979248046875,213.8880972029021,103.06692078392842,7.80288,8397.24,8763.0,2019-01-15 19:55:39+00:00,THY322,LTBA,,300.0,6.414365803726301e-07,0.745236510983965
1547582140,4ba9a9,40.47386169433594,30.6092529296875,213.77237446272068,102.93260839673952,5.8521600000000005,8427.72,8778.24,2019-01-15 19:55:40+00:00,THY322,LTBA,,300.0,6.414365803726301e-07,0.745236510983965
1547582141,4ba9a9,40.47340005131091,30.6118427623402,213.77237446272068,102.93260839673952,5.8521600000000005,8427.72,8785.86,2019-01-15 19:55:41+00:00,THY322,LTBA,,300.0,6.414365803726301e-07,0.745236510983965
1547582142,4ba9a9,40.47322082519531,30.61297607421875,213.77237446272068,102.93260839673952,4.55168,8450.58,8785.86,2019-01-15 19:55:42+00:00,THY322,LTBA,,300.0,6.414365803726301e-07,0.745236510983965
1547582143,4ba9a9,40.47267150878906,30.61602783203125,213.77237446272068,102.93260839673952,4.55168,8450.58,8793.48,2019-01-15 19:55:43+00:00,THY322,LTBA,,300.0,6.414365803726301e-07,0.745236510983965
1547582144,4ba9a9,40.472050036414196,30.619707974520598,213.77237446272068,102.93260839673952,3.5763200000000004,8458.199999999999,8793.48,2019-01-15 19:55:44+00:00,THY322,LTBA,,300.0,6.414365803726301e-07,0.745236510983965
1547582145,4ba9a9,40.472050036414196,30.619707974520598,214.27379999817748,102.90182183694948,3.5763200000000004,8458.199999999999,9441.18,2019-01-15 19:55:45+00:00,THY322,LTBA,,300.0,6.414365803726301e-07,0.745236510983965
1547582146,4ba9a9,40.47129821777344,30.6239013671875,214.27379999817748,102.90182183694948,3.5763200000000004,8458.199999999999,8801.1,2019-01-15 19:55:46+00:00,THY322,LTBA,,300.0,6.414365803726301e-07,0.745236510983965
1547582147,4ba9a9,40.47129821777344,30.6239013671875,214.27379999817748,102.90182183694948,3.5763200000000004,8458.199999999999,8801.1,2019-01-15 19:55:47+00:00,THY322,LTBA,,300.0,6.414365803726301e-07,0.745236510983965
1547582148,4ba9a9,40.47129821777344,30.6239013671875,214.27379999817748,102.90182183694948,3.5763200000000004,8458.199999999999,8801.1,2019-01-15 19:55:48+00:00,THY322,LTBA,,300.0,6.414365803726301e-07,0.745236510983965
1547582149,4ba9a9,40.46992492675781,30.63177490234375,214.27379999817748,102.90182183694948,3.5763200000000004,8458.199999999999,8816.34,2019-01-15 19:55:49+00:00,THY322,LTBA,,300.0,7.973162597273931e-07,0.8324225873763802
1547582150,4ba9a9,40.46992492675781,30.63177490234375,214.27379999817748,102.90182183694948,3.5763200000000004,8458.199999999999,8816.34,2019-01-15 19:55:50+00:00,THY322,LTBA,,300.0,7.973162597273931e-07,0.8324225873763802
1547582151,4ba9a9,40.46992492675781,30.63177490234375,214.27379999817748,102.90182183694948,3.5763200000000004,8458.199999999999,9441.18,2019-01-15 19:55:51+00:00,THY322,LTBA,,300.0,7.973162597273931e-07,0.8324225873763802
1547582152,4ba9a9,40.46992492675781,30.63177490234375,206.5125853843313,126.18477897677684,4.55168,7818.12,8130.54,2019-01-15 19:55:52+00:00,THY322,LTBA,,300.0,7.973162597273931e-07,0.8324225873763802
1547582153,4ba9a9,40.46992492675781,30.63177490234375,206.5125853843313,126.18477897677684,4.55168,7818.12,8138.160000000001,2019-01-15 19:55:53+00:00,THY322,LTBA,,300.0,7.973162597273931e-07,0.8324225873763802
1547582154,4ba9a9,40.46992492675781,30.63177490234375,206.8167254381529,126.29980920084515,4.55168,8519.16,8138.160000000001,2019-01-15 19:55:54+00:00,THY322,LTBA,,300.0,7.973162597273931e-07,0.8324225873763802
1547582155,4ba9a9,40.46992492675781,30.63177490234375,206.8167254381529,126.29980920084515,4.55168,8519.16,9441.18,2019-01-15 19:55:55+00:00,THY322,LTBA,,300.0,7.973162597273931e-07,0.8324225873763802
1547582156,4ba9a9,40.46992492675781,30.63177490234375,207.23155521606643,126.21560487276514,4.55168,7833.360000000001,8153.400000000001,2019-01-15 19:55:56+00:00,THY322,LTBA,,300.0,7.973162597273931e-07,0.8324225873763802
1547582157,4ba9a9,40.46992492675781,30.63177490234375,207.23155521606643,126.21560487276514,4.55168,7856.22,8176.26,2019-01-15 19:55:57+00:00,THY322,LTBA,,300.0,7.973162597273931e-07,0.8324225873763802
1547582158,4ba9a9,40.46992492675781,30.63177490234375,207.23155521606643,126.21560487276514,4.55168,7856.22,8854.44,2019-01-15 19:55:58+00:00,THY322,LTBA,,300.0,7.973162597273931e-07,0.8324225873763802
1547582159,4ba9a9,40.53736282607256,30.371828946200285,207.9505846179207,126.24621760455807,4.22656,7879.08,8191.5,2019-01-15 19:55:59+00:00,THY322,LTBA,,300.0,3.091956756262965e-07,0.4331709784857027
1547582160,4ba9a9,40.53620910644531,30.3739013671875,214.77528710991527,102.87117903780128,5.8521600000000005,7856.22,8199.12,2019-01-15 19:56:00+00:00,THY322,LTBA,,300.0,3.091956756262965e-07,0.4331709784857027
1547582161,4ba9a9,40.53620910644531,30.3739013671875,207.9505846179207,126.24621760455807,4.22656,7879.080000000001,8199.12,2019-01-15 19:56:01+00:00,THY322,LTBA,,300.0,3.091956756262965e-07,0.4331709784857027
1547582162,4ba9a9,40.53620910644531,30.3739013671875,207.9505846179207,126.24621760455807,4.22656,7879.080000000001,8199.12,2019-01-15 19:56:02+00:00,THY322,LTBA,,300.0,3.091956756262965e-07,0.4331709784857027
1547582163,4ba9a9,40.53309631347656,30.37945556640625,207.9505846179207,126.24621760455807,4.22656,7879.080000000001,8206.74,2019-01-15 19:56:03+00:00,THY322,LTBA,,300.0,6.414365803726301e-07,0.745236510983965
1547582164,4ba9a9,40.53309631347656,30.37945556640625,207.9505846179207,126.24621760455807,4.22656,7879.080000000001,8206.74,2019-01-15 19:56:04+00:00,THY322,LTBA,,300.0,6.414365803726301e-07,0.745236510983965
1547582165,4ba9a9,40.53309631347656,30.37945556640625,208.36569729626996,126.16257827729977,4.22656,7894.32,8206.74,2019-01-15 19:56:05+00:00,THY322,LTBA,,300.0,6.414365803726301e-07,0.745236510983965
1547582166,4ba9a9,40.53309631347656,30.37945556640625,208.36569729626996,126.16257827729977,4.55168,7894.32,8214.36,2019-01-15 19:56:06+00:00,THY322,LTBA,,300.0,6.414365803726301e-07,0.745236510983965
1547582167,4ba9a9,40.53309631347656,30.37945556640625,208.66967297409784,126.276619358317,5.20192,7917.18,8229.6,2019-01-15 19:56:07+00:00,THY322,LTBA,,300.0,6.414365803726301e-07,0.745236510983965
1547582168,4ba9a9,40.53309631347656,30.37945556640625,208.66967297409784,126.276619358317,5.20192,7917.18,8229.6,2019-01-15 19:56:08+00:00,THY322,LTBA,,300.0,6.414365803726301e-07,0.745236510983965
1547582169,4ba9a9,40.53309631347656,30.37945556640625,208.78125222788776,126.07927172191819,5.52704,7924.8,8244.84,2019-01-15 19:56:09+00:00,THY322,LTBA,,300.0,6.414365803726301e-07,0.745236510983965
1547582170,4ba9a9,40.53309631347656,30.37945556640625,214.66127554069078,102.73731755372846,6.827520000000001,8587.740000000002,8260.08,2019-01-15 19:56:10+00:00,THY322,LTBA,,300.0,6.414365803726301e-07,0.745236510983965
1547582171,4ba9a9,40.53309631347656,30.37945556640625,214.66127554069078,102.73731755372846,6.827520000000001,8587.740000000002,8260.08,2019-01-15 19:56:11+00:00,THY322,LTBA,,300.0,6.414365803726301e-07,0.745236510983965
1547582172,4ba9a9,40.53309631347656,30.37945556640625,214.04641832587834,102.63336193527502,7.152640000000001,8602.980000000001,8945.880000000001,2019-01-15 19:56:12+00:00,THY322,LTBA,,300.0,6.414365803726301e-07,0.745236510983965
1547582173,4ba9a9,40.52013849807998,30.402727994051848,208.78125222788776,126.07927172191819,5.52704,8633.460000000001,8275.32,2019-01-15 19:56:13+00:00,THY322,LTBA,,300.0,6.414365803726301e-07,0.745236510983965
1547582174,4ba9a9,40.52013849807998,30.402727994051848,214.04641832587834,102.63336193527502,6.1772800000000005,8618.220000000001,8961.12,2019-01-15 19:56:14+00:00,THY322,LTBA,,300.0,6.414365803726301e-07,0.745236510983965
1547582175,4ba9a9,40.52013849807998,30.402727994051848,214.04641832587834,102.63336193527502,5.8521600000000005,7947.660000000001,8282.94,2019-01-15 19:56:15+00:00,THY322,LTBA,,300.0,6.414365803726301e-07,0.745236510983965
1547582176,4ba9a9,40.52013849807998,30.402727994051848,209.4570607302655,123.88521588413948,5.20192,7978.14,8298.18,2019-01-15 19:56:16+00:00,THY322,LTBA,,300.0,6.414365803726301e-07,0.745236510983965
1547582177,4ba9a9,40.52013849807998,30.402727994051848,209.4570607302655,123.88521588413948,5.20192,7978.14,8976.36,2019-01-15 19:56:17+00:00,THY322,LTBA,,300.0,6.414365803726301e-07,0.745236510983965
1547582178,4ba9a9,40.52013849807998,30.402727994051848,214.04641832587834,102.63336193527502,4.22656,7978.14,8313.42,2019-01-15 19:56:18+00:00,THY322,LTBA,,300.0,6.414365803726301e-07,0.745236510983965
1547582179,4ba9a9,40.52013849807998,30.402727994051848,210.16784673873977,121.58912643561754,5.52704,7993.38,8313.42,2019-01-15 19:56:19+00:00,THY322,LTBA,,300.0,6.414365803726301e-07,0.745236510983965
1547582180,4ba9a9,40.502727961136124,30.44436368075284,212.27283537159286,112.2139732255041,4.8768,8054.340000000001,8374.380000000001,2019-01-15 19:56:20+00:00,THY322,LTBA,,300.0,6.414365803726301e-07,0.745236510983965
1547582181,4ba9a9,40.502727961136124,30.44436368075284,212.27283537159286,112.2139732255041,4.8768,8054.340000000001,8991.6,2019-01-15 19:56:21+00:00,THY322,LTBA,,300.0,6.414365803726301e-07,0.745236510983965
1547582182,4ba9a9,40.502727961136124,30.44436368075284,214.66127554069078,102.73731755372846,3.2512000000000003,8648.7,8991.6,2019-01-15 19:56:22+00:00,THY322,LTBA,,300.0,6.414365803726301e-07,0.745236510983965
1547582183,4ba9a9,40.502727961136124,30.44436368075284,214.66127554069078,102.73731755372846,3.2512000000000003,8648.7,8991.6,2019-01-15 19:56:23+00:00,THY322,LTBA,,300.0,6.414365803726301e-07,0.745236510983965
1547582184,4ba9a9,40.502727961136124,30.44436368075284,214.66127554069078,102.73731755372846,4.22656,8656.320000000002,8999.220000000001,2019-01-15 19:56:24+00:00,THY322,LTBA,,300.0,6.414365803726301e-07,0.745236510983965
1547582185,4ba9a9,40.502727961136124,30.44436368075284,213.2933463592044,107.69202459446984,4.55168,8077.2,8397.24,2019-01-15 19:56:25+00:00,THY322,LTBA,,300.0,6.414365803726301e-07,0.745236510983965
1547582186,4ba9a9,40.502727961136124,30.44436368075284,213.9716014568556,105.90755193052586,4.8768,8077.200000000001,9014.460000000001,2019-01-15 19:56:26+00:00,THY322,LTBA,,300.0,6.414365803726301e-07,0.745236510983965
1547582187,4ba9a9,40.49821239406779,30.46390186656605,214.54843692188595,102.6033145325808,4.55168,8069.58,8412.48,2019-01-15 19:56:27+00:00,THY322,LTBA,,300.0,6.414365803726301e-07,0.745236510983965
1547582188,4ba9a9,40.49821239406779,30.46390186656605,214.66127554069078,102.73731755372846,4.22656,8069.58,8412.48,2019-01-15 19:56:28+00:00,THY322,LTBA,,300.0,6.414365803726301e-07,0.745236510983965
1547582189,4ba9a9,40.49821239406779,30.46390186656605,214.35715399909637,104.16964434331953,4.8768,8702.039999999999,9029.7,2019-01-15 19:56:29+00:00,THY322,LTBA,,300.0,6.414365803726301e-07,0.745236510983965
1547582190,4ba9a9,40.49821239406779,30.46390186656605,214.66127554069078,102.73731755372846,4.55168,8077.200000000001,8427.720000000001,2019-01-15 19:56:30+00:00,THY322,LTBA,,300.0,6.414365803726301e-07,0.745236510983965
1547582191,4ba9a9,40.49662961798199,30.47339005903764,215.1151138447264,102.0086268570037,5.20192,8115.3,9037.32,2019-01-15 19:56:31+00:00,THY322,LTBA,,300.0,6.414365803726301e-07,0.745236510983965
1547582192,4ba9a9,40.49662961798199,30.47339005903764,215.3032649751165,101.57842057211742,4.55168,8138.160000000001,8458.2,2019-01-15 19:56:32+00:00,THY322,LTBA,,300.0,6.414365803726301e-07,0.745236510983965
1547582193,4ba9a9,40.49662961798199,30.47339005903764,215.3032649751165,101.57842057211742,4.55168,8138.160000000001,8458.2,2019-01-15 19:56:33+00:00,THY322,LTBA,,300.0,6.414365803726301e-07,0.745236510983965
1547582194,4ba9a9,40.49662961798199,30.47339005903764,215.3032649751165,101.57842057211742,4.22656,8145.78,9052.560000000001,2019-01-15 19:56:34+00:00,THY322,LTBA,,300.0,6.414365803726301e-07,0.745236510983965
1547582195,4ba9a9,40.4922071553893,30.501417680220168,214.54843692188595,102.6033145325808,4.8768,8145.780000000001,9060.18,2019-01-15 19:56:35+00:00,THY322,LTBA,,300.0,6.414365803726301e-07,0.745236510983965
1547582196,4ba9a9,40.4922071553893,30.501417680220168,214.66127554069078,102.73731755372846,4.8768,8717.28,9060.18,2019-01-15 19:56:36+00:00,THY322,LTBA,,300.0,6.414365803726301e-07,0.745236510983965
1547582197,4ba9a9,40.4922071553893,30.501417680220168,215.51212913163715,101.84639413321945,4.8768,8168.64,9067.800000000001,2019-01-15 19:56:37+00:00,THY322,LTBA,,300.0,6.414365803726301e-07,0.745236510983965
1547582198,4ba9a9,40.4922071553893,30.501417680220168,215.61832646528907,101.98018476610856,5.20192,8747.76,9067.800000000001,2019-01-15 19:56:38+00:00,THY322,LTBA,,300.0,6.414365803726301e-07,0.745236510983965
1547582199,4ba9a9,40.4922071553893,30.501417680220168,215.61832646528907,101.98018476610856,5.52704,8183.880000000001,9083.04,2019-01-15 19:56:39+00:00,THY322,LTBA,,300.0,6.414365803726301e-07,0.745236510983965
1547582200,4ba9a9,40.4922071553893,30.501417680220168,215.61832646528907,101.98018476610856,6.1772800000000005,8755.380000000001,9083.04,2019-01-15 19:56:40+00:00,THY322,LTBA,,300.0,6.414365803726301e-07,0.745236510983965
1547582201,4ba9a9,40.4922071553893,30.501417680220168,215.61832646528907,101.98018476610856,6.1772800000000005,8755.380000000001,9090.66,2019-01-15 19:56:41+00:00,THY322,LTBA,,300.0,6.414365803726301e-07,0.745236510983965
1547582202,4ba9a9,40.48896789550781,30.5216064453125,215.2227367508563,102.1425832591539,6.1772800000000005,8206.74,8542.02,2019-01-15 19:56:42+00:00,THY322,LTBA,,300.0,6.414365803726301e-07,0.745236510983965
1547582203,4ba9a9,40.48896789550781,30.5216064453125,215.2227367508563,102.1425832591539,7.152640000000001,8221.980000000001,8549.640000000001,2019-01-15 19:56:43+00:00,THY322,LTBA,,300.0,6.414365803726301e-07,0.745236510983965
1547582204,4ba9a9,40.48896789550781,30.5216064453125,215.2227367508563,102.1425832591539,7.152640000000001,8221.980000000001,9113.52,2019-01-15 19:56:44+00:00,THY322,LTBA,,300.0,6.414365803726301e-07,0.745236510983965
1547582205,4ba9a9,40.4879150390625,30.5279541015625,215.3315349174047,102.27640502686238,7.477760000000001,9121.140000000001,9448.800000000001,2019-01-15 19:56:45+00:00,THY322,LTBA,,300.0,6.414365803726301e-07,0.745236510983965
1547582206,4ba9a9,40.4879150390625,30.5279541015625,215.3315349174047,102.27640502686238,7.477760000000001,9121.140000000001,8557.26,2019-01-15 19:56:46+00:00,THY322,LTBA,,300.0,6.414365803726301e-07,0.745236510983965
1547582207,4ba9a9,40.48703985699152,30.533190640536223,214.04641832587834,102.63336193527502,5.8521600000000005,8229.6,8572.5,2019-01-15 19:56:47+00:00,THY322,LTBA,,300.0,6.414365803726301e-07,0.745236510983965
1547582208,4ba9a9,40.48587605104608,30.540057095614348,214.54843692188595,102.6033145325808,7.477760000000001,8275.32,8610.6,2019-01-15 19:56:48+00:00,THY322,LTBA,,300.0,6.414365803726301e-07,0.745236510983965
1547582209,4ba9a9,40.48587605104608,30.540057095614348,214.54843692188595,102.6033145325808,7.152640000000001,8298.18,8625.84,2019-01-15 19:56:49+00:00,THY322,LTBA,,300.0,6.414365803726301e-07,0.745236510983965
1547582210,4ba9a9,40.48182600635593,30.56371515447443,214.04641832587834,102.63336193527502,6.1772800000000005,8336.28,9144.0,2019-01-15 19:56:50+00:00,THY322,LTBA,,300.0,6.414365803726301e-07,0.745236510983965
1547582211,4ba9a9,40.48182600635593,30.56371515447443,214.04641832587834,102.63336193527502,6.1772800000000005,8336.28,9144.0,2019-01-15 19:56:51+00:00,THY322,LTBA,,300.0,6.414365803726301e-07,0.745236510983965
1547582212,4ba9a9,40.48182600635593,30.56371515447443,214.04641832587834,102.63336193527502,3.5763200000000004,8793.48,9144.0,2019-01-15 19:56:52+00:00,THY322,LTBA,,300.0,6.414365803726301e-07,0.745236510983965
1547582213,4ba9a9,40.48182600635593,30.56371515447443,214.15952145367902,102.76766314468288,3.90144,8808.72,9159.24,2019-01-15 19:56:53+00:00,THY322,LTBA,,300.0,6.414365803726301e-07,0.745236510983965
1547582214,4ba9a9,40.48182600635593,30.56371515447443,214.15952145367902,102.76766314468288,3.90144,8808.72,9464.04,2019-01-15 19:56:54+00:00,THY322,LTBA,,300.0,6.414365803726301e-07,0.745236510983965
1547582215,4ba9a9,40.48182600635593,30.56371515447443,214.15952145367902,102.76766314468288,3.90144,9113.52,9174.48,2019-01-15 19:56:55+00:00,THY322,LTBA,,300.0,6.414365803726301e-07,0.745236510983965
1547582216,4ba9a9,40.44154357910156,30.796630859375,214.15952145367902,102.76766314468288,4.55168,8823.96,9174.48,2019-01-15 19:56:56+00:00,THY322,LTBA,,300.0,7.973162597273931e-07,0.8324225873763802
1547582217,4ba9a9,40.44154357910156,30.796630859375,214.15952145367902,102.76766314468288,4.8768,8831.58,9182.1,2019-01-15 19:56:57+00:00,THY322,LTBA,,300.0,7.973162597273931e-07,0.8324225873763802
1547582218,4ba9a9,40.44071960449219,30.80145263671875,214.15952145367902,102.76766314468288,4.8768,8831.58,9182.1,2019-01-15 19:56:58+00:00,THY322,LTBA,,300.0,7.973162597273931e-07,0.8324225873763802
1547582219,4ba9a9,40.44071960449219,30.80145263671875,214.15952145367902,102.76766314468288,4.8768,8839.2,9189.720000000001,2019-01-15 19:56:59+00:00,THY322,LTBA,,300.0,7.973162597273931e-07,0.8324225873763802
1547582220,4ba9a9,40.43989562988281,30.80615234375,214.04641832587834,102.63336193527502,4.55168,8839.2,9189.720000000001,2019-01-15 19:57:00+00:00,THY322,LTBA,,300.0,7.973162597273931e-07,0.8324225873763802
1547582221,4ba9a9,40.43934631347656,30.809326171875,214.04641832587834,102.63336193527502,4.22656,8846.82,9197.34,2019-01-15 19:57:01+00:00,THY322,LTBA,,300.0,7.973162597273931e-07,0.8324225873763802
1547582222,4ba9a9,40.43934631347656,30.809326171875,214.04641832587834,102.63336193527502,4.22656,8846.82,9197.34,2019-01-15 19:57:02+00:00,THY322,LTBA,,300.0,7.973162597273931e-07,0.8324225873763802
1547582223,4ba9a9,40.43881173861229,30.81246809525923,214.04641832587834,102.63336193527502,3.90144,8854.44,9204.960000000001,2019-01-15 19:57:03+00:00,THY322,LTBA,,300.0,7.973162597273931e-07,0.8324225873763802
1547582224,4ba9a9,40.438018798828125,30.81719970703125,214.04641832587834,102.63336193527502,3.90144,8854.44,9204.960000000001,2019-01-15 19:57:04+00:00,THY322,LTBA,,300.0,7.973162597273931e-07,0.8324225873763802
1547582225,4ba9a9,40.43774103714248,30.81877274946733,214.54843692188595,102.6033145325808,3.2512000000000003,8862.06,9212.58,2019-01-15 19:57:05+00:00,THY322,LTBA,,300.0,7.973162597273931e-07,0.8324225873763802
1547582226,4ba9a9,40.437135858050844,30.822393243963067,214.54843692188595,102.6033145325808,2.9260800000000002,8862.06,9220.2,2019-01-15 19:57:06+00:00,THY322,LTBA,,300.0,7.973162597273931e-07,0.8324225873763802
1547582227,4ba9a9,40.437135858050844,30.822393243963067,214.66127554069078,102.73731755372846,2.9260800000000002,8869.68,9220.2,2019-01-15 19:57:07+00:00,THY322,LTBA,,300.0,7.973162597273931e-07,0.8324225873763802
1547582228,4ba9a9,40.43650817871094,30.8260498046875,214.54843692188595,102.6033145325808,3.5763200000000004,8869.68,9220.2,2019-01-15 19:57:08+00:00,THY322,LTBA,,300.0,7.973162597273931e-07,0.8324225873763802
1547582229,4ba9a9,40.43586730957031,30.82977294921875,214.54843692188595,102.6033145325808,3.5763200000000004,8869.68,9227.82,2019-01-15 19:57:09+00:00,THY322,LTBA,,300.0,7.973162597273931e-07,0.8324225873763802
1547582230,4ba9a9,40.43541342525159,30.832380814985793,214.54843692188595,102.6033145325808,3.5763200000000004,8877.3,9235.44,2019-01-15 19:57:10+00:00,THY322,LTBA,,300.0,7.973162597273931e-07,0.8324225873763802
1547582231,4ba9a9,40.43495178222656,30.83502197265625,214.54843692188595,102.6033145325808,3.90144,8884.92,9235.44,2019-01-15 19:57:11+00:00,THY322,LTBA,,300.0,7.973162597273931e-07,0.8324225873763802
1547582232,4ba9a9,40.43467712402344,30.83660888671875,214.66127554069078,102.73731755372846,4.22656,8884.92,9235.44,2019-01-15 19:57:12+00:00,THY322,LTBA,,300.0,7.973162597273931e-07,0.8324225873763802
1547582233,4ba9a9,40.434203067068324,30.839247270063918,214.66127554069078,102.73731755372846,4.22656,8892.54,9243.060000000001,2019-01-15 19:57:13+00:00,THY322,LTBA,,300.0,7.973162597273931e-07,0.8324225873763802
1547582234,4ba9a9,40.433807373046875,30.84185791015625,214.66127554069078,102.73731755372846,4.22656,8900.16,9250.68,2019-01-15 19:57:14+00:00,THY322,LTBA,,300.0,7.973162597273931e-07,0.8324225873763802
1547582235,4ba9a9,40.43341167902542,30.843991366299715,214.66127554069078,102.73731755372846,4.22656,8900.16,9250.68,2019-01-15 19:57:15+00:00,THY322,LTBA,,300.0,7.973162597273931e-07,0.8324225873763802
1547582236,4ba9a9,40.43303926112288,30.846051302823152,214.66127554069078,102.73731755372846,4.8768,8907.78,9258.300000000001,2019-01-15 19:57:16+00:00,THY322,LTBA,,300.0,7.973162597273931e-07,0.8324225873763802
1547582237,4ba9a9,40.4326171875,30.8487548828125,214.66127554069078,102.73731755372846,4.8768,8915.4,9265.92,2019-01-15 19:57:17+00:00,THY322,LTBA,,300.0,7.973162597273931e-07,0.8324225873763802
1547582238,4ba9a9,40.43243408203125,30.8497314453125,214.66127554069078,102.73731755372846,4.8768,8907.78,9265.92,2019-01-15 19:57:18+00:00,THY322,LTBA,,300.0,7.973162597273931e-07,0.8324225873763802
1547582239,4ba9a9,40.43168924622616,30.85397893732244,214.66127554069078,102.73731755372846,4.22656,8923.02,9265.92,2019-01-15 19:57:19+00:00,THY322,LTBA,,300.0,7.973162597273931e-07,0.8324225873763802
1547582240,4ba9a9,40.431427001953125,30.85552978515625,214.66127554069078,102.73731755372846,4.22656,8923.02,9273.54,2019-01-15 19:57:20+00:00,THY322,LTBA,,300.0,7.973162597273931e-07,0.8324225873763802
1547582241,4ba9a9,40.431427001953125,30.85552978515625,214.66127554069078,102.73731755372846,3.90144,8923.02,9281.16,2019-01-15 19:57:21+00:00,THY322,LTBA,,300.0,7.973162597273931e-07,0.8324225873763802
1547582242,4ba9a9,40.43060302734375,30.86029052734375,214.66127554069078,102.73731755372846,4.22656,8930.64,9281.16,2019-01-15 19:57:22+00:00,THY322,LTBA,,300.0,7.973162597273931e-07,0.8324225873763802
1547582243,4ba9a9,40.42987060546875,30.864501953125,214.77528710991527,102.87117903780128,4.55168,8938.26,9288.78,2019-01-15 19:57:23+00:00,THY322,LTBA,,300.0,7.973162597273931e-07,0.8324225873763802
1547582244,4ba9a9,40.4296875,30.865478515625,214.77528710991527,102.87117903780128,4.8768,8945.88,9296.4,2019-01-15 19:57:24+00:00,THY322,LTBA,,300.0,7.973162597273931e-07,0.8324225873763802
1547582245,4ba9a9,40.429229736328125,30.8681640625,214.77528710991527,102.87117903780128,4.55168,8938.26,9304.02,2019-01-15 19:57:25+00:00,THY322,LTBA,,300.0,7.973162597273931e-07,0.8324225873763802
1547582246,4ba9a9,40.428756455243644,30.870832963423293,214.77528710991527,102.87117903780128,4.55168,8953.5,9304.02,2019-01-15 19:57:26+00:00,THY322,LTBA,,300.0,7.973162597273931e-07,0.8324225873763802
1547582247,4ba9a9,40.428314208984375,30.8734130859375,214.77528710991527,102.87117903780128,4.8768,8953.5,9311.640000000001,2019-01-15 19:57:27+00:00,THY322,LTBA,,300.0,7.973162597273931e-07,0.8324225873763802
1547582248,4ba9a9,40.428058171676376,30.874952836470168,214.77528710991527,102.87117903780128,4.8768,8961.12,9311.640000000001,2019-01-15 19:57:28+00:00,THY322,LTBA,,300.0,7.973162597273931e-07,0.8324225873763802
1547582249,4ba9a9,40.42740644034693,30.87869817560369,214.77528710991527,102.87117903780128,4.8768,8961.12,9311.640000000001,2019-01-15 19:57:29+00:00,THY322,LTBA,,300.0,5.552804476754074e-07,0.6820411526102164
1547582250,4ba9a9,40.42694091796875,30.88128662109375,214.77528710991527,102.87117903780128,3.5763200000000004,8968.74,9319.26,2019-01-15 19:57:30+00:00,THY322,LTBA,,300.0,5.552804476754074e-07,0.6820411526102164
1547582251,4ba9a9,40.42694091796875,30.88128662109375,214.77528710991527,102.87117903780128,3.5763200000000004,8976.36,9326.880000000001,2019-01-15 19:57:31+00:00,THY322,LTBA,,300.0,5.552804476754074e-07,0.6820411526102164
1547582252,4ba9a9,40.426116943359375,30.885986328125,214.77528710991527,102.87117903780128,3.5763200000000004,8976.36,9326.880000000001,2019-01-15 19:57:32+00:00,THY322,LTBA,,300.0,5.552804476754074e-07,0.6820411526102164
1547582253,4ba9a9,40.426116943359375,30.885986328125,214.89046976260943,103.00489774991009,3.90144,8976.36,9326.880000000001,2019-01-15 19:57:33+00:00,THY322,LTBA,,300.0,5.552804476754074e-07,0.6820411526102164
1547582254,4ba9a9,40.425684007547666,30.888248790394176,214.89046976260943,103.00489774991009,3.90144,8968.740000000002,9334.5,2019-01-15 19:57:34+00:00,THY322,LTBA,,300.0,5.552804476754074e-07,0.6820411526102164
1547582255,4ba9a9,40.42488098144531,30.89288330078125,214.89046976260943,103.00489774991009,3.90144,8983.980000000001,9342.12,2019-01-15 19:57:35+00:00,THY322,LTBA,,300.0,5.552804476754074e-07,0.6820411526102164
1547582256,4ba9a9,40.42469787597656,30.89385986328125,214.89046976260943,103.00489774991009,3.90144,8983.980000000001,9448.800000000001,2019-01-15 19:57:36+00:00,THY322,LTBA,,300.0,5.552804476754074e-07,0.6820411526102164
1547582257,4ba9a9,40.42469787597656,30.89385986328125,214.89046976260943,103.00489774991009,3.90144,8983.980000000001,9448.800000000001,2019-01-15 19:57:37+00:00,THY322,LTBA,,300.0,5.552804476754074e-07,0.6820411526102164
1547582258,4ba9a9,40.42369079589844,30.89971923828125,214.89046976260943,103.00489774991009,3.90144,8983.980000000001,9349.74,2019-01-15 19:57:38+00:00,THY322,LTBA,,300.0,5.552804476754074e-07,0.6820411526102164
1547582259,4ba9a9,40.42369079589844,30.89971923828125,215.00682161666793,103.13847246401946,4.8768,8991.6,9349.74,2019-01-15 19:57:39+00:00,THY322,LTBA,,300.0,5.552804476754074e-07,0.6820411526102164
1547582260,4ba9a9,40.42369079589844,30.89971923828125,215.00682161666793,103.13847246401946,4.8768,8991.6,9349.74,2019-01-15 19:57:40+00:00,THY322,LTBA,,300.0,5.552804476754074e-07,0.6820411526102164
1547582261,4ba9a9,40.422378798662606,30.907100330699574,215.00682161666793,103.13847246401946,3.90144,9014.46,9364.98,2019-01-15 19:57:41+00:00,THY322,LTBA,,300.0,5.552804476754074e-07,0.6820411526102164
1547582262,4ba9a9,40.42182017180879,30.910221446644176,215.00682161666793,103.13847246401946,3.90144,9014.46,9372.6,2019-01-15 19:57:42+00:00,THY322,LTBA,,300.0,5.552804476754074e-07,0.6820411526102164
1547582263,4ba9a9,40.42182017180879,30.910221446644176,215.00682161666793,103.13847246401946,3.5763200000000004,9014.460000000001,9372.6,2019-01-15 19:57:43+00:00,THY322,LTBA,,300.0,5.552804476754074e-07,0.6820411526102164
1547582264,4ba9a9,40.42182017180879,30.910221446644176,215.00682161666793,103.13847246401946,3.5763200000000004,9014.460000000001,9380.220000000001,2019-01-15 19:57:44+00:00,THY322,LTBA,,300.0,5.552804476754074e-07,0.6820411526102164
1547582265,4ba9a9,40.42182017180879,30.910221446644176,215.00682161666793,103.13847246401946,3.5763200000000004,9022.080000000002,9380.220000000001,2019-01-15 19:57:45+00:00,THY322,LTBA,,300.0,5.552804476754074e-07,0.6820411526102164
1547582266,4ba9a9,40.42182017180879,30.910221446644176,215.00682161666793,103.13847246401946,3.90144,9029.7,9387.84,2019-01-15 19:57:46+00:00,THY322,LTBA,,300.0,5.552804476754074e-07,0.6820411526102164
1547582267,4ba9a9,40.42182017180879,30.910221446644176,215.00682161666793,103.13847246401946,3.90144,9029.7,9387.84,2019-01-15 19:57:47+00:00,THY322,LTBA,,300.0,5.552804476754074e-07,0.6820411526102164
1547582268,4ba9a9,40.42182017180879,30.910221446644176,215.00682161666793,103.13847246401946,3.90144,9029.7,9395.460000000001,2019-01-15 19:57:48+00:00,THY322,LTBA,,300.0,5.552804476754074e-07,0.6820411526102164
1547582269,4ba9a9,40.42182017180879,30.910221446644176,215.00682161666793,103.13847246401946,3.90144,9029.7,9395.460000000001,2019-01-15 19:57:49+00:00,THY322,LTBA,,300.0,5.552804476754074e-07,0.6820411526102164
1547582270,4ba9a9,40.42182017180879,30.910221446644176,215.00682161666793,103.13847246401946,3.90144,9029.7,9395.460000000001,2019-01-15 19:57:50+00:00,THY322,LTBA,,300.0,5.552804476754074e-07,0.6820411526102164
1547582271,4ba9a9,40.42182017180879,30.910221446644176,215.50783102812647,103.10738343368747,2.9260800000000002,9044.94,9403.08,2019-01-15 19:57:51+00:00,THY322,LTBA,,300.0,5.552804476754074e-07,0.6820411526102164
1547582272,4ba9a9,40.417510986328125,30.9344482421875,215.50783102812647,103.10738343368747,2.9260800000000002,9044.94,9403.08,2019-01-15 19:57:52+00:00,THY322,LTBA,,300.0,5.552804476754074e-07,0.6820411526102164
1547582273,4ba9a9,40.417510986328125,30.9344482421875,215.50783102812647,103.10738343368747,2.9260800000000002,9044.94,9403.08,2019-01-15 19:57:53+00:00,THY322,LTBA,,300.0,5.552804476754074e-07,0.6820411526102164
1547582274,4ba9a9,40.417510986328125,30.9344482421875,215.50783102812647,103.10738343368747,2.9260800000000002,9044.94,9403.08,2019-01-15 19:57:54+00:00,THY322,LTBA,,300.0,5.552804476754074e-07,0.6820411526102164
1547582275,4ba9a9,40.417510986328125,30.9344482421875,215.50783102812647,103.10738343368747,2.9260800000000002,9044.94,9403.08,2019-01-15 19:57:55+00:00,THY322,LTBA,,300.0,5.552804476754074e-07,0.6820411526102164
1547582276,4ba9a9,40.417510986328125,30.9344482421875,215.50783102812647,103.10738343368747,2.9260800000000002,9044.94,9403.08,2019-01-15 19:57:56+00:00,THY322,LTBA,,300.0,5.552804476754074e-07,0.6820411526102164
1547582277,4ba9a9,40.417510986328125,30.9344482421875,215.50783102812647,103.10738343368747,2.9260800000000002,9044.94,9425.94,2019-01-15 19:57:57+00:00,THY322,LTBA,,300.0,5.552804476754074e-07,0.6820411526102164
1547582278,4ba9a9,40.417510986328125,30.9344482421875,215.50783102812647,103.10738343368747,2.9260800000000002,9044.94,9425.94,2019-01-15 19:57:58+00:00,THY322,LTBA,,300.0,5.552804476754074e-07,0.6820411526102164
1547582279,4ba9a9,40.417510986328125,30.9344482421875,215.50783102812647,103.10738343368747,2.9260800000000002,9044.94,9425.94,2019-01-15 19:57:59+00:00,THY322,LTBA,,300.0,5.552804476754074e-07,0.6820411526102164
1547582280,4ba9a9,40.417510986328125,30.9344482421875,215.50783102812647,103.10738343368747,2.9260800000000002,9044.94,9425.94,2019-01-15 19:58:00+00:00,THY322,LTBA,,300.0,5.552804476754074e-07,0.6820411526102164
1547582281,4ba9a9,40.417510986328125,30.9344482421875,215.50783102812647,103.10738343368747,2.9260800000000002,9044.94,9425.94,2019-01-15 19:58:01+00:00,THY322,LTBA,,300.0,5.552804476754074e-07,0.6820411526102164
1547582282,4ba9a9,40.417510986328125,30.9344482421875,215.625077128363,103.2405199151872,5.20192,9067.800000000001,9425.94,2019-01-15 19:58:02+00:00,THY322,LTBA,,300.0,5.552804476754074e-07,0.6820411526102164
1547582283,4ba9a9,40.417510986328125,30.9344482421875,215.625077128363,103.2405199151872,5.20192,9067.800000000001,9425.94,2019-01-15 19:58:03+00:00,THY322,LTBA,,300.0,5.552804476754074e-07,0.6820411526102164
1547582284,4ba9a9,40.417510986328125,30.9344482421875,215.625077128363,103.2405199151872,5.20192,9067.800000000001,9425.94,2019-01-15 19:58:04+00:00,THY322,LTBA,,300.0,5.552804476754074e-07,0.6820411526102164
1547582285,4ba9a9,40.417510986328125,30.9344482421875,215.625077128363,103.2405199151872,5.20192,9067.800000000001,9425.94,2019-01-15 19:58:05+00:00,THY322,LTBA,,300.0,5.552804476754074e-07,0.6820411526102164
1547582286,4ba9a9,40.417510986328125,30.9344482421875,215.625077128363,103.2405199151872,5.20192,9067.800000000001,9425.94,2019-01-15 19:58:06+00:00,THY322,LTBA,,300.0,5.552804476754074e-07,0.6820411526102164
1547582287,4ba9a9,40.417510986328125,30.9344482421875,215.625077128363,103.2405199151872,5.20192,9067.800000000001,9464.04,2019-01-15 19:58:07+00:00,THY322,LTBA,,300.0,5.552804476754074e-07,0.6820411526102164
1547582288,4ba9a9,40.417510986328125,30.9344482421875,215.625077128363,103.2405199151872,5.20192,9067.800000000001,9464.04,2019-01-15 19:58:08+00:00,THY322,LTBA,,300.0,5.552804476754074e-07,0.6820411526102164
1547582289,4ba9a9,40.417510986328125,30.9344482421875,215.625077128363,103.2405199151872,5.20192,9067.800000000001,9464.04,2019-01-15 19:58:09+00:00,THY322,LTBA,,300.0,5.552804476754074e-07,0.6820411526102164
1547582290,4ba9a9,40.417510986328125,30.9344482421875,216.12587786893218,103.20928329322372,2.9260800000000002,9105.900000000001,9464.04,2019-01-15 19:58:10+00:00,THY322,LTBA,,300.0,5.552804476754074e-07,0.6820411526102164
1547582291,4ba9a9,40.417510986328125,30.9344482421875,216.12587786893218,103.20928329322372,2.9260800000000002,9105.900000000001,9464.04,2019-01-15 19:58:11+00:00,THY322,LTBA,,300.0,5.552804476754074e-07,0.6820411526102164
1547582292,4ba9a9,40.417510986328125,30.9344482421875,216.12587786893218,103.20928329322372,2.9260800000000002,9105.900000000001,9479.28,2019-01-15 19:58:12+00:00,THY322,LTBA,,300.0,5.552804476754074e-07,0.6820411526102164
1547582293,4ba9a9,40.417510986328125,30.9344482421875,216.12587786893218,103.20928329322372,2.9260800000000002,9105.900000000001,9479.28,2019-01-15 19:58:13+00:00,THY322,LTBA,,300.0,5.552804476754074e-07,0.6820411526102164
1547582294,4ba9a9,40.417510986328125,30.9344482421875,216.12587786893218,103.20928329322372,4.22656,9121.140000000001,9479.28,2019-01-15 19:58:14+00:00,THY322,LTBA,,300.0,5.552804476754074e-07,0.6820411526102164
1547582295,4ba9a9,40.417510986328125,30.9344482421875,216.12587786893218,103.20928329322372,4.22656,9121.140000000001,9479.28,2019-01-15 19:58:15+00:00,THY322,LTBA,,300.0,5.552804476754074e-07,0.6820411526102164
1547582296,4ba9a9,40.417510986328125,30.9344482421875,216.12587786893218,103.20928329322372,4.22656,9121.140000000001,9479.28,2019-01-15 19:58:16+00:00,THY322,LTBA,,300.0,5.552804476754074e-07,0.6820411526102164
1547582297,4ba9a9,40.417510986328125,30.9344482421875,216.12587786893218,103.20928329322372,4.22656,9121.140000000001,9479.28,2019-01-15 19:58:17+00:00,THY322,LTBA,,300.0,5.552804476754074e-07,0.6820411526102164
1547582298,4ba9a9,40.417510986328125,30.9344482421875,216.12587786893218,103.20928329322372,4.22656,9121.140000000001,9479.28,2019-01-15 19:58:18+00:00,THY322,LTBA,,300.0,5.552804476754074e-07,0.6820411526102164
1547582299,4ba9a9,40.417510986328125,30.9344482421875,216.12587786893218,103.20928329322372,4.22656,9121.140000000001,9456.42,2019-01-15 19:58:19+00:00,THY322,LTBA,,300.0,5.552804476754074e-07,0.6820411526102164
1547582300,4ba9a9,40.417510986328125,30.9344482421875,216.12587786893218,103.20928329322372,4.22656,9121.140000000001,9456.42,2019-01-15 19:58:20+00:00,THY322,LTBA,,300.0,5.552804476754074e-07,0.6820411526102164
1547582301,4ba9a9,40.417510986328125,30.9344482421875,216.12587786893218,103.20928329322372,4.22656,9121.140000000001,9456.42,2019-01-15 19:58:21+00:00,THY322,LTBA,,300.0,5.552804476754074e-07,0.6820411526102164
1547582302,4ba9a9,40.417510986328125,30.9344482421875,216.12587786893218,103.20928329322372,4.22656,9121.140000000001,9456.42,2019-01-15 19:58:22+00:00,THY322,LTBA,,300.0,5.552804476754074e-07,0.6820411526102164
1547582303,4ba9a9,40.417510986328125,30.9344482421875,216.12587786893218,103.20928329322372,4.22656,9121.140000000001,9456.42,2019-01-15 19:58:23+00:00,THY322,LTBA,,300.0,5.552804476754074e-07,0.6820411526102164
1547582304,4ba9a9,40.417510986328125,30.9344482421875,216.12587786893218,103.20928329322372,4.22656,9121.140000000001,9456.42,2019-01-15 19:58:24+00:00,THY322,LTBA,,300.0,5.552804476754074e-07,0.6820411526102164
1547582305,4ba9a9,40.417510986328125,30.9344482421875,216.12587786893218,103.20928329322372,4.22656,9121.140000000001,9456.42,2019-01-15 19:58:25+00:00,THY322,LTBA,,300.0,5.552804476754074e-07,0.6820411526102164
1547582306,4ba9a9,40.417510986328125,30.9344482421875,216.12587786893218,103.20928329322372,4.22656,9121.140000000001,9456.42,2019-01-15 19:58:26+00:00,THY322,LTBA,,300.0,5.552804476754074e-07,0.6820411526102164
1547582307,4ba9a9,40.417510986328125,30.9344482421875,216.12587786893218,103.20928329322372,4.22656,9121.140000000001,9456.42,2019-01-15 19:58:27+00:00,THY322,LTBA,,300.0,5.552804476754074e-07,0.6820411526102164
1547582308,4ba9a9,40.417510986328125,30.9344482421875,216.12587786893218,103.20928329322372,4.22656,9121.140000000001,9456.42,2019-01-15 19:58:28+00:00,THY322,LTBA,,300.0,5.552804476754074e-07,0.6820411526102164
1547582309,4ba9a9,40.417510986328125,30.9344482421875,216.12587786893218,103.20928329322372,4.22656,9121.140000000001,9456.42,2019-01-15 19:58:29+00:00,THY322,LTBA,,300.0,5.552804476754074e-07,0.6820411526102164
1547582310,4ba9a9,40.417510986328125,30.9344482421875,216.12587786893218,103.20928329322372,4.22656,9121.140000000001,9456.42,2019-01-15 19:58:30+00:00,THY322,LTBA,,300.0,5.552804476754074e-07,0.6820411526102164
1547582311,4ba9a9,40.417510986328125,30.9344482421875,216.12587786893218,103.20928329322372,4.22656,9121.140000000001,9456.42,2019-01-15 19:58:31+00:00,THY322,LTBA,,300.0,5.552804476754074e-07,0.6820411526102164
1547582312,4ba9a9,40.399749755859375,31.0338134765625,216.12587786893218,103.20928329322372,4.22656,9121.140000000001,9525.0,2019-01-15 19:58:32+00:00,THY322,LTBA,,300.0,5.552804476754074e-07,0.6820411526102164
1547582313,4ba9a9,40.399749755859375,31.0338134765625,216.12587786893218,103.20928329322372,4.22656,9121.140000000001,9525.0,2019-01-15 19:58:33+00:00,THY322,LTBA,,300.0,5.552804476754074e-07,0.6820411526102164
1547582314,4ba9a9,40.399749755859375,31.0338134765625,216.12587786893218,103.20928329322372,4.22656,9121.140000000001,9525.0,2019-01-15 19:58:34+00:00,THY322,LTBA,,300.0,5.552804476754074e-07,0.6820411526102164
1547582315,4ba9a9,40.399749755859375,31.0338134765625,216.12587786893218,103.20928329322372,4.22656,9121.140000000001,9525.0,2019-01-15 19:58:35+00:00,THY322,LTBA,,300.0,5.552804476754074e-07,0.6820411526102164
1547582316,4ba9a9,40.399749755859375,31.0338134765625,216.12587786893218,103.20928329322372,4.22656,9121.140000000001,9525.0,2019-01-15 19:58:36+00:00,THY322,LTBA,,300.0,5.552804476754074e-07,0.6820411526102164
1547582317,4ba9a9,40.399749755859375,31.0338134765625,216.12587786893218,103.20928329322372,4.22656,9121.140000000001,9525.0,2019-01-15 19:58:37+00:00,THY322,LTBA,,300.0,5.552804476754074e-07,0.6820411526102164
1547582318,4ba9a9,40.399749755859375,31.0338134765625,216.12587786893218,103.20928329322372,4.22656,9121.140000000001,9525.0,2019-01-15 19:58:38+00:00,THY322,LTBA,,300.0,5.552804476754074e-07,0.6820411526102164
1547582319,4ba9a9,40.399749755859375,31.0338134765625,216.12587786893218,103.20928329322372,4.22656,9121.140000000001,9525.0,2019-01-15 19:58:39+00:00,THY322,LTBA,,300.0,5.552804476754074e-07,0.6820411526102164
1547582320,4ba9a9,40.399749755859375,31.0338134765625,216.12587786893218,103.20928329322372,4.22656,9121.140000000001,9525.0,2019-01-15 19:58:40+00:00,THY322,LTBA,,300.0,5.552804476754074e-07,0.6820411526102164
1547582321,4ba9a9,40.399749755859375,31.0338134765625,216.12587786893218,103.20928329322372,4.22656,9121.140000000001,9525.0,2019-01-15 19:58:41+00:00,THY322,LTBA,,300.0,5.552804476754074e-07,0.6820411526102164
1547582322,4ba9a9,40.399749755859375,31.0338134765625,216.12587786893218,103.20928329322372,4.22656,9121.140000000001,9525.0,2019-01-15 19:58:42+00:00,THY322,LTBA,,300.0,5.552804476754074e-07,0.6820411526102164
1547582323,4ba9a9,40.399749755859375,31.0338134765625,216.12587786893218,103.20928329322372,4.22656,9121.140000000001,9525.0,2019-01-15 19:58:43+00:00,THY322,LTBA,,300.0,5.552804476754074e-07,0.6820411526102164
1547582324,4ba9a9,40.399749755859375,31.0338134765625,216.12587786893218,103.20928329322372,4.22656,9121.140000000001,9525.0,2019-01-15 19:58:44+00:00,THY322,LTBA,,300.0,5.552804476754074e-07,0.6820411526102164
1547582325,4ba9a9,40.399749755859375,31.0338134765625,216.12587786893218,103.20928329322372,4.22656,9121.140000000001,9525.0,2019-01-15 19:58:45+00:00,THY322,LTBA,,300.0,5.552804476754074e-07,0.6820411526102164
1547582326,4ba9a9,40.399749755859375,31.0338134765625,216.12587786893218,103.20928329322372,4.22656,9121.140000000001,9525.0,2019-01-15 19:58:46+00:00,THY322,LTBA,,300.0,5.552804476754074e-07,0.6820411526102164
1547582327,4ba9a9,40.399749755859375,31.0338134765625,220.36765842122128,103.22520223622769,3.5763200000000004,9159.24,9525.0,2019-01-15 19:58:47+00:00,THY322,LTBA,,300.0,5.552804476754074e-07,0.6820411526102164
1547582328,4ba9a9,40.399749755859375,31.0338134765625,220.36765842122128,103.22520223622769,3.5763200000000004,9159.24,9525.0,2019-01-15 19:58:48+00:00,THY322,LTBA,,300.0,5.552804476754074e-07,0.6820411526102164
1547582329,4ba9a9,40.399749755859375,31.0338134765625,220.36765842122128,103.22520223622769,3.5763200000000004,9159.24,9555.480000000001,2019-01-15 19:58:49+00:00,THY322,LTBA,,300.0,5.552804476754074e-07,0.6820411526102164
1547582330,4ba9a9,40.399749755859375,31.0338134765625,220.36765842122128,103.22520223622769,3.5763200000000004,9159.24,9555.480000000001,2019-01-15 19:58:50+00:00,THY322,LTBA,,300.0,5.552804476754074e-07,0.6820411526102164
1547582331,4ba9a9,40.399749755859375,31.0338134765625,220.36765842122128,103.22520223622769,3.5763200000000004,9159.24,9555.480000000001,2019-01-15 19:58:51+00:00,THY322,LTBA,,300.0,5.552804476754074e-07,0.6820411526102164
1547582332,4ba9a9,40.399749755859375,31.0338134765625,220.36765842122128,103.22520223622769,3.5763200000000004,9159.24,9555.480000000001,2019-01-15 19:58:52+00:00,THY322,LTBA,,300.0,5.552804476754074e-07,0.6820411526102164
1547582333,4ba9a9,40.399749755859375,31.0338134765625,220.36765842122128,103.22520223622769,3.5763200000000004,9159.24,9555.480000000001,2019-01-15 19:58:53+00:00,THY322,LTBA,,300.0,5.552804476754074e-07,0.6820411526102164
1547582334,4ba9a9,40.399749755859375,31.0338134765625,220.36765842122128,103.22520223622769,3.5763200000000004,9159.24,9555.480000000001,2019-01-15 19:58:54+00:00,THY322,LTBA,,300.0,5.552804476754074e-07,0.6820411526102164
1547582335,4ba9a9,40.399749755859375,31.0338134765625,220.4859211967781,103.35534096290745,4.22656,9189.720000000001,9555.480000000001,2019-01-15 19:58:55+00:00,THY322,LTBA,,300.0,5.552804476754074e-07,0.6820411526102164
1547582336,4ba9a9,40.38895429190943,31.094554554332387,220.4859211967781,103.35534096290745,4.22656,9189.720000000001,9585.960000000001,2019-01-15 19:58:56+00:00,THY322,LTBA,,300.0,5.552804476754074e-07,0.6820411526102164
1547582337,4ba9a9,40.38895429190943,31.094554554332387,220.4859211967781,103.35534096290745,4.22656,9189.720000000001,9585.960000000001,2019-01-15 19:58:57+00:00,THY322,LTBA,,300.0,5.552804476754074e-07,0.6820411526102164
1547582338,4ba9a9,40.38895429190943,31.094554554332387,220.4859211967781,103.35534096290745,4.22656,9189.720000000001,9585.960000000001,2019-01-15 19:58:58+00:00,THY322,LTBA,,300.0,5.552804476754074e-07,0.6820411526102164
1547582339,4ba9a9,40.38895429190943,31.094554554332387,220.2505337459379,103.09492442668004,4.55168,9220.2,9585.960000000001,2019-01-15 19:58:59+00:00,THY322,LTBA,,300.0,5.552804476754074e-07,0.6820411526102164
1547582340,4ba9a9,40.38895429190943,31.094554554332387,220.2505337459379,103.09492442668004,4.55168,9220.2,9585.960000000001,2019-01-15 19:59:00+00:00,THY322,LTBA,,300.0,5.552804476754074e-07,0.6820411526102164
1547582341,4ba9a9,40.38662668001854,31.10747597434304,220.2505337459379,103.09492442668004,4.55168,9220.2,9608.82,2019-01-15 19:59:01+00:00,THY322,LTBA,,300.0,5.552804476754074e-07,0.6820411526102164
1547582342,4ba9a9,40.38662668001854,31.10747597434304,220.2505337459379,103.09492442668004,4.55168,9220.2,9608.82,2019-01-15 19:59:02+00:00,THY322,LTBA,,300.0,5.552804476754074e-07,0.6820411526102164
1547582343,4ba9a9,40.38662668001854,31.10747597434304,220.2505337459379,103.09492442668004,4.55168,9220.2,9608.82,2019-01-15 19:59:03+00:00,THY322,LTBA,,300.0,5.552804476754074e-07,0.6820411526102164
1547582344,4ba9a9,40.38662668001854,31.10747597434304,220.2505337459379,103.09492442668004,4.55168,9220.2,9608.82,2019-01-15 19:59:04+00:00,THY322,LTBA,,300.0,5.552804476754074e-07,0.6820411526102164
1547582345,4ba9a9,40.38662668001854,31.10747597434304,220.2505337459379,103.09492442668004,4.55168,9220.2,9608.82,2019-01-15 19:59:05+00:00,THY322,LTBA,,300.0,5.552804476754074e-07,0.6820411526102164
1547582346,4ba9a9,40.38662668001854,31.10747597434304,220.2505337459379,103.09492442668004,4.55168,9220.2,9608.82,2019-01-15 19:59:06+00:00,THY322,LTBA,,300.0,5.552804476754074e-07,0.6820411526102164
1547582347,4ba9a9,40.38662668001854,31.10747597434304,220.2505337459379,103.09492442668004,4.55168,9220.2,9608.82,2019-01-15 19:59:07+00:00,THY322,LTBA,,300.0,5.552804476754074e-07,0.6820411526102164
1547582348,4ba9a9,40.38662668001854,31.10747597434304,220.2505337459379,103.09492442668004,4.55168,9220.2,9456.42,2019-01-15 19:59:08+00:00,THY322,LTBA,,300.0,5.552804476754074e-07,0.6820411526102164
1547582349,4ba9a9,40.38662668001854,31.10747597434304,220.2505337459379,103.09492442668004,4.55168,9220.2,9456.42,2019-01-15 19:59:09+00:00,THY322,LTBA,,300.0,5.552804476754074e-07,0.6820411526102164
1547582350,4ba9a9,40.38662668001854,31.10747597434304,220.2505337459379,103.09492442668004,4.55168,9220.2,9456.42,2019-01-15 19:59:10+00:00,THY322,LTBA,,300.0,5.552804476754074e-07,0.6820411526102164
1547582351,4ba9a9,40.38662668001854,31.10747597434304,220.2505337459379,103.09492442668004,4.55168,9220.2,9456.42,2019-01-15 19:59:11+00:00,THY322,LTBA,,300.0,5.552804476754074e-07,0.6820411526102164
1547582352,4ba9a9,40.38662668001854,31.10747597434304,220.2505337459379,103.09492442668004,4.55168,9220.2,9456.42,2019-01-15 19:59:12+00:00,THY322,LTBA,,300.0,5.552804476754074e-07,0.6820411526102164
1547582353,4ba9a9,40.38662668001854,31.10747597434304,220.2505337459379,103.09492442668004,4.55168,9220.2,9456.42,2019-01-15 19:59:13+00:00,THY322,LTBA,,300.0,5.552804476754074e-07,0.6820411526102164
1547582354,4ba9a9,40.38662668001854,31.10747597434304,220.2505337459379,103.09492442668004,4.55168,9220.2,9456.42,2019-01-15 19:59:14+00:00,THY322,LTBA,,300.0,5.552804476754074e-07,0.6820411526102164
1547582355,4ba9a9,40.38662668001854,31.10747597434304,220.2505337459379,103.09492442668004,4.55168,9220.2,9456.42,2019-01-15 19:59:15+00:00,THY322,LTBA,,300.0,5.552804476754074e-07,0.6820411526102164
1547582356,4ba9a9,40.38662668001854,31.10747597434304,220.2505337459379,103.09492442668004,4.55168,9220.2,9616.44,2019-01-15 19:59:16+00:00,THY322,LTBA,,300.0,5.552804476754074e-07,0.6820411526102164
1547582357,4ba9a9,40.38662668001854,31.10747597434304,220.2505337459379,103.09492442668004,4.55168,9220.2,9448.800000000001,2019-01-15 19:59:17+00:00,THY322,LTBA,,300.0,5.552804476754074e-07,0.6820411526102164
1547582358,4ba9a9,40.38662668001854,31.10747597434304,220.2505337459379,103.09492442668004,4.55168,9220.2,9448.800000000001,2019-01-15 19:59:18+00:00,THY322,LTBA,,300.0,5.552804476754074e-07,0.6820411526102164
1547582359,4ba9a9,40.38662668001854,31.10747597434304,220.2505337459379,103.09492442668004,4.55168,9220.2,525.78,2019-01-15 19:59:19+00:00,THY322,LTBA,,300.0,5.552804476754074e-07,0.6820411526102164
1547582360,4ba9a9,40.38662668001854,31.10747597434304,220.2505337459379,103.09492442668004,4.55168,9220.2,525.78,2019-01-15 19:59:20+00:00,THY322,LTBA,,300.0,5.552804476754074e-07,0.6820411526102164
1547582361,4ba9a9,40.38662668001854,31.10747597434304,220.2505337459379,103.09492442668004,4.55168,9220.2,525.78,2019-01-15 19:59:21+00:00,THY322,LTBA,,300.0,5.552804476754074e-07,0.6820411526102164
1547582362,4ba9a9,40.38662668001854,31.10747597434304,220.2505337459379,103.09492442668004,4.55168,9220.2,525.78,2019-01-15 19:59:22+00:00,THY322,LTBA,,300.0,5.552804476754074e-07,0.6820411526102164
1547582363,4ba9a9,40.38662668001854,31.10747597434304,220.2505337459379,103.09492442668004,4.55168,9220.2,525.78,2019-01-15 19:59:23+00:00,THY322,LTBA,,300.0,5.552804476754074e-07,0.6820411526102164
1547582364,4ba9a9,40.38662668001854,31.10747597434304,220.2505337459379,103.09492442668004,4.55168,9220.2,525.78,2019-01-15 19:59:24+00:00,THY322,LTBA,,300.0,5.552804476754074e-07,0.6820411526102164
1547582365,4ba9a9,40.38662668001854,31.10747597434304,220.2505337459379,103.09492442668004,4.55168,9220.2,525.78,2019-01-15 19:59:25+00:00,THY322,LTBA,,300.0,5.552804476754074e-07,0.6820411526102164
1547582366,4ba9a9,40.38662668001854,31.10747597434304,220.2505337459379,103.09492442668004,4.55168,9220.2,525.78,2019-01-15 19:59:26+00:00,THY322,LTBA,,300.0,5.552804476754074e-07,0.6820411526102164
1547582367,4ba9a9,40.38662668001854,31.10747597434304,220.2505337459379,103.09492442668004,4.55168,9220.2,525.78,2019-01-15 19:59:27+00:00,THY322,LTBA,,300.0,5.552804476754074e-07,0.6820411526102164
1547582368,4ba9a9,40.38662668001854,31.10747597434304,220.2505337459379,103.09492442668004,4.55168,9220.2,525.78,2019-01-15 19:59:28+00:00,THY322,LTBA,,300.0,5.552804476754074e-07,0.6820411526102164
1547582369,4ba9a9,40.38662668001854,31.10747597434304,220.2505337459379,103.09492442668004,4.55168,9220.2,525.78,2019-01-15 19:59:29+00:00,THY322,LTBA,,300.0,5.552804476754074e-07,0.6820411526102164
1547582370,4ba9a9,40.38662668001854,31.10747597434304,220.2505337459379,103.09492442668004,4.55168,9220.2,525.78,2019-01-15 19:59:30+00:00,THY322,LTBA,,300.0,5.552804476754074e-07,0.6820411526102164
1547582371,4ba9a9,40.38662668001854,31.10747597434304,220.2505337459379,103.09492442668004,4.55168,9220.2,525.78,2019-01-15 19:59:31+00:00,THY322,LTBA,,300.0,5.552804476754074e-07,0.6820411526102164
1547582372,4ba9a9,40.38662668001854,31.10747597434304,220.2505337459379,103.09492442668004,4.55168,9220.2,525.78,2019-01-15 19:59:32+00:00,THY322,LTBA,,300.0,5.552804476754074e-07,0.6820411526102164
1547582373,4ba9a9,40.38662668001854,31.10747597434304,220.2505337459379,103.09492442668004,4.55168,9220.2,525.78,2019-01-15 19:59:33+00:00,THY322,LTBA,,300.0,5.552804476754074e-07,0.6820411526102164
1547582374,4ba9a9,40.38662668001854,31.10747597434304,220.2505337459379,103.09492442668004,4.55168,9220.2,525.78,2019-01-15 19:59:34+00:00,THY322,LTBA,,300.0,5.552804476754074e-07,0.6820411526102164
1547582375,4ba9a9,40.38662668001854,31.10747597434304,220.2505337459379,103.09492442668004,4.55168,9220.2,525.78,2019-01-15 19:59:35+00:00,THY322,LTBA,,300.0,5.552804476754074e-07,0.6820411526102164
1547582376,4ba9a9,40.38662668001854,31.10747597434304,220.2505337459379,103.09492442668004,4.55168,9220.2,525.78,2019-01-15 19:59:36+00:00,THY322,LTBA,,300.0,5.552804476754074e-07,0.6820411526102164
1547582377,4ba9a9,40.38662668001854,31.10747597434304,220.2505337459379,103.09492442668004,4.55168,9220.2,525.78,2019-01-15 19:59:37+00:00,THY322,LTBA,,300.0,5.552804476754074e-07,0.6820411526102164
1547582378,4ba9a9,40.38662668001854,31.10747597434304,220.2505337459379,103.09492442668004,4.55168,9220.2,525.78,2019-01-15 19:59:38+00:00,THY322,LTBA,,300.0,5.552804476754074e-07,0.6820411526102164
1547582379,4ba9a9,40.38662668001854,31.10747597434304,220.2505337459379,103.09492442668004,4.55168,9220.2,525.78,2019-01-15 19:59:39+00:00,THY322,LTBA,,300.0,5.552804476754074e-07,0.6820411526102164
1547582380,4ba9a9,40.38662668001854,31.10747597434304,220.2505337459379,103.09492442668004,4.55168,9220.2,525.78,2019-01-15 19:59:40+00:00,THY322,LTBA,,300.0,5.552804476754074e-07,0.6820411526102164
1547582381,4ba9a9,40.38662668001854,31.10747597434304,220.2505337459379,103.09492442668004,4.55168,9220.2,525.78,2019-01-15 19:59:41+00:00,THY322,LTBA,,300.0,5.552804476754074e-07,0.6820411526102164
1547582382,4ba9a9,40.38662668001854,31.10747597434304,220.2505337459379,103.09492442668004,4.55168,9220.2,525.78,2019-01-15 19:59:42+00:00,THY322,LTBA,,300.0,5.552804476754074e-07,0.6820411526102164
1547582383,4ba9a9,40.38662668001854,31.10747597434304,220.2505337459379,103.09492442668004,4.55168,9220.2,525.78,2019-01-15 19:59:43+00:00,THY322,LTBA,,300.0,5.552804476754074e-07,0.6820411526102164
1547582384,4ba9a9,40.38662668001854,31.10747597434304,220.2505337459379,103.09492442668004,4.55168,9220.2,525.78,2019-01-15 19:59:44+00:00,THY322,LTBA,,300.0,5.552804476754074e-07,0.6820411526102164
1547582385,4ba9a9,40.38662668001854,31.10747597434304,220.2505337459379,103.09492442668004,4.55168,9220.2,525.78,2019-01-15 19:59:45+00:00,THY322,LTBA,,300.0,5.552804476754074e-07,0.6820411526102164
1547582386,4ba9a9,40.38662668001854,31.10747597434304,220.2505337459379,103.09492442668004,4.55168,9220.2,525.78,2019-01-15 19:59:46+00:00,THY322,LTBA,,300.0,5.552804476754074e-07,0.6820411526102164
1547582387,4ba9a9,40.38662668001854,31.10747597434304,220.2505337459379,103.09492442668004,4.55168,9220.2,525.78,2019-01-15 19:59:47+00:00,THY322,LTBA,,300.0,5.552804476754074e-07,0.6820411526102164
1547582388,4ba9a9,40.38662668001854,31.10747597434304,220.2505337459379,103.09492442668004,4.55168,9220.2,525.78,2019-01-15 19:59:48+00:00,THY322,LTBA,,300.0,5.552804476754074e-07,0.6820411526102164
1547582389,4ba9a9,40.38662668001854,31.10747597434304,220.2505337459379,103.09492442668004,4.55168,9220.2,9357.36,2019-01-15 19:59:49+00:00,THY322,LTBA,,300.0,5.552804476754074e-07,0.6820411526102164
1547582390,4ba9a9,40.38662668001854,31.10747597434304,220.2505337459379,103.09492442668004,4.55168,9220.2,9357.36,2019-01-15 19:59:50+00:00,THY322,LTBA,,300.0,5.552804476754074e-07,0.6820411526102164
1547582391,4ba9a9,40.38662668001854,31.10747597434304,220.2505337459379,103.09492442668004,4.55168,9220.2,9357.36,2019-01-15 19:59:51+00:00,THY322,LTBA,,300.0,5.552804476754074e-07,0.6820411526102164
1547582392,4ba9a9,40.38662668001854,31.10747597434304,220.2505337459379,103.09492442668004,4.55168,9220.2,9357.36,2019-01-15 19:59:52+00:00,THY322,LTBA,,300.0,5.552804476754074e-07,0.6820411526102164
1547582393,4ba9a9,40.38662668001854,31.10747597434304,220.2505337459379,103.09492442668004,4.55168,9220.2,9357.36,2019-01-15 19:59:53+00:00,THY322,LTBA,,300.0,5.552804476754074e-07,0.6820411526102164
1547582394,4ba9a9,40.38662668001854,31.10747597434304,220.2505337459379,103.09492442668004,4.55168,9220.2,9357.36,2019-01-15 19:59:54+00:00,THY322,LTBA,,300.0,5.552804476754074e-07,0.6820411526102164
1547582395,4ba9a9,40.38662668001854,31.10747597434304,220.2505337459379,103.09492442668004,4.55168,9220.2,9357.36,2019-01-15 19:59:55+00:00,THY322,LTBA,,300.0,5.552804476754074e-07,0.6820411526102164
1547582396,4ba9a9,40.37754821777344,31.1591796875,224.2610035767044,102.85669736896527,0.97536,9250.68,9616.44,2019-01-15 19:59:56+00:00,THY322,LTBA,,300.0,4.344176179662921e-07,0.5727638480207132
1547582397,4ba9a9,40.37754821777344,31.1591796875,224.2610035767044,102.85669736896527,0.97536,9250.68,9616.44,2019-01-15 19:59:57+00:00,THY322,LTBA,,300.0,4.344176179662921e-07,0.5727638480207132
1547582398,4ba9a9,40.37754821777344,31.1591796875,224.2610035767044,102.85669736896527,0.97536,9250.68,9616.44,2019-01-15 19:59:58+00:00,THY322,LTBA,,300.0,4.344176179662921e-07,0.5727638480207132
1547582399,4ba9a9,40.37754821777344,31.1591796875,224.2610035767044,102.85669736896527,0.97536,9250.68,9616.44,2019-01-15 19:59:59+00:00,THY322,LTBA,,300.0,4.344176179662921e-07,0.5727638480207132
1547582409,4ba9a9,40.37582656084481,31.16908680308949,224.2610035767044,102.85669736896527,0.97536,9258.300000000001,9624.060000000001,2019-01-15 20:00:09+00:00,THY322,LTBA,,300.0,4.344176179662921e-07,0.5727638480207132
1547582410,4ba9a9,40.37580871582031,31.169189453125,224.2610035767044,102.85669736896527,0.97536,9258.300000000001,9624.060000000001,2019-01-15 20:00:10+00:00,THY322,LTBA,,300.0,4.344176179662921e-07,0.5727638480207132
1547582411,4ba9a9,40.374481201171875,31.17681884765625,224.76257943133098,102.82751686223024,1.6256000000000002,9258.300000000001,9624.060000000001,2019-01-15 20:00:11+00:00,THY322,LTBA,,300.0,7.736114591784334e-07,0.8211757938842364
1547582412,4ba9a9,40.372650146484375,31.187255859375,225.26421332577078,102.79846631031992,1.95072,9258.300000000001,9639.300000000001,2019-01-15 20:00:12+00:00,THY322,LTBA,,300.0,7.736114591784334e-07,0.8211757938842364
1547582413,4ba9a9,40.37172996391684,31.192744861949574,225.26421332577078,102.79846631031992,1.95072,9258.300000000001,9639.300000000001,2019-01-15 20:00:13+00:00,THY322,LTBA,,300.0,7.736114591784334e-07,0.8211757938842364
1547582414,4ba9a9,40.370845471398304,31.197676225142043,225.7659048731443,102.76954486187331,1.95072,9273.54,9639.300000000001,2019-01-15 20:00:14+00:00,THY322,LTBA,,300.0,7.736114591784334e-07,0.8211757938842364
1547582415,4ba9a9,40.36958856097722,31.204917214133523,225.88016970480425,102.89680913766868,1.6256000000000002,9281.16,9646.92,2019-01-15 20:00:15+00:00,THY322,LTBA,,300.0,7.736114591784334e-07,0.8211757938842364
1547582416,4ba9a9,40.36958856097722,31.204917214133523,225.88016970480425,102.89680913766868,1.6256000000000002,9281.16,9646.92,2019-01-15 20:00:16+00:00,THY322,LTBA,,300.0,7.736114591784334e-07,0.8211757938842364
1547582417,4ba9a9,40.36861096398305,31.210410378196023,225.88016970480425,102.89680913766868,1.6256000000000002,9281.16,9654.54,2019-01-15 20:00:17+00:00,THY322,LTBA,,300.0,7.736114591784334e-07,0.8211757938842364
1547582418,4ba9a9,40.36735405356197,31.217588944868606,225.88016970480425,102.89680913766868,1.6256000000000002,9281.16,9159.24,2019-01-15 20:00:18+00:00,THY322,LTBA,,300.0,7.736114591784334e-07,0.8211757938842364
1547582419,4ba9a9,40.36735405356197,31.217588944868606,225.88016970480425,102.89680913766868,1.6256000000000002,9281.16,9159.24,2019-01-15 20:00:19+00:00,THY322,LTBA,,300.0,7.736114591784334e-07,0.8211757938842364
1547582420,4ba9a9,40.36735405356197,31.217588944868606,225.88016970480425,102.89680913766868,1.6256000000000002,9281.16,9159.24,2019-01-15 20:00:20+00:00,THY322,LTBA,,300.0,7.736114591784334e-07,0.8211757938842364
1547582421,4ba9a9,40.36735405356197,31.217588944868606,225.88016970480425,102.89680913766868,1.6256000000000002,9281.16,9159.24,2019-01-15 20:00:21+00:00,THY322,LTBA,,300.0,7.736114591784334e-07,0.8211757938842364
1547582422,4ba9a9,40.36735405356197,31.217588944868606,225.88016970480425,102.89680913766868,1.6256000000000002,9281.16,9159.24,2019-01-15 20:00:22+00:00,THY322,LTBA,,300.0,7.736114591784334e-07,0.8211757938842364
1547582423,4ba9a9,40.36735405356197,31.217588944868606,225.88016970480425,102.89680913766868,1.6256000000000002,9281.16,9159.24,2019-01-15 20:00:23+00:00,THY322,LTBA,,300.0,7.736114591784334e-07,0.8211757938842364
1547582424,4ba9a9,40.36735405356197,31.217588944868606,225.88016970480425,102.89680913766868,1.6256000000000002,9281.16,9159.24,2019-01-15 20:00:24+00:00,THY322,LTBA,,300.0,7.736114591784334e-07,0.8211757938842364
1547582425,4ba9a9,40.36735405356197,31.217588944868606,225.88016970480425,102.89680913766868,1.6256000000000002,9281.16,9159.24,2019-01-15 20:00:25+00:00,THY322,LTBA,,300.0,7.736114591784334e-07,0.8211757938842364
1547582426,4ba9a9,40.36735405356197,31.217588944868606,225.88016970480425,102.89680913766868,1.6256000000000002,9281.16,9159.24,2019-01-15 20:00:26+00:00,THY322,LTBA,,300.0,7.736114591784334e-07,0.8211757938842364
1547582427,4ba9a9,40.36735405356197,31.217588944868606,225.88016970480425,102.89680913766868,1.6256000000000002,9281.16,9159.24,2019-01-15 20:00:27+00:00,THY322,LTBA,,300.0,7.736114591784334e-07,0.8211757938842364
1547582428,4ba9a9,40.36735405356197,31.217588944868606,225.88016970480425,102.89680913766868,1.6256000000000002,9281.16,9159.24,2019-01-15 20:00:28+00:00,THY322,LTBA,,300.0,7.736114591784334e-07,0.8211757938842364
1547582429,4ba9a9,40.36735405356197,31.217588944868606,225.88016970480425,102.89680913766868,1.6256000000000002,9281.16,9159.24,2019-01-15 20:00:29+00:00,THY322,LTBA,,300.0,7.736114591784334e-07,0.8211757938842364
1547582430,4ba9a9,40.36735405356197,31.217588944868606,225.88016970480425,102.89680913766868,1.6256000000000002,9281.16,9159.24,2019-01-15 20:00:30+00:00,THY322,LTBA,,300.0,7.736114591784334e-07,0.8211757938842364
1547582431,4ba9a9,40.36735405356197,31.217588944868606,225.88016970480425,102.89680913766868,1.6256000000000002,9281.16,9159.24,2019-01-15 20:00:31+00:00,THY322,LTBA,,300.0,7.736114591784334e-07,0.8211757938842364
1547582432,4ba9a9,40.36735405356197,31.217588944868606,225.88016970480425,102.89680913766868,1.6256000000000002,9281.16,9159.24,2019-01-15 20:00:32+00:00,THY322,LTBA,,300.0,7.736114591784334e-07,0.8211757938842364
1547582433,4ba9a9,40.36735405356197,31.217588944868606,225.88016970480425,102.89680913766868,1.6256000000000002,9281.16,9159.24,2019-01-15 20:00:33+00:00,THY322,LTBA,,300.0,7.736114591784334e-07,0.8211757938842364
1547582434,4ba9a9,40.36735405356197,31.217588944868606,225.88016970480425,102.89680913766868,1.6256000000000002,9281.16,9159.24,2019-01-15 20:00:34+00:00,THY322,LTBA,,300.0,7.736114591784334e-07,0.8211757938842364
1547582435,4ba9a9,40.36735405356197,31.217588944868606,225.88016970480425,102.89680913766868,1.6256000000000002,9281.16,9159.24,2019-01-15 20:00:35+00:00,THY322,LTBA,,300.0,7.736114591784334e-07,0.8211757938842364
1547582436,4ba9a9,40.36735405356197,31.217588944868606,225.88016970480425,102.89680913766868,1.6256000000000002,9281.16,9159.24,2019-01-15 20:00:36+00:00,THY322,LTBA,,300.0,7.736114591784334e-07,0.8211757938842364
1547582437,4ba9a9,40.36735405356197,31.217588944868606,225.88016970480425,102.89680913766868,1.6256000000000002,9281.16,9159.24,2019-01-15 20:00:37+00:00,THY322,LTBA,,300.0,7.736114591784334e-07,0.8211757938842364
1547582438,4ba9a9,40.36735405356197,31.217588944868606,225.88016970480425,102.89680913766868,1.6256000000000002,9281.16,9159.24,2019-01-15 20:00:38+00:00,THY322,LTBA,,300.0,7.736114591784334e-07,0.8211757938842364
1547582439,4ba9a9,40.36735405356197,31.217588944868606,225.88016970480425,102.89680913766868,1.6256000000000002,9281.16,9159.24,2019-01-15 20:00:39+00:00,THY322,LTBA,,300.0,7.736114591784334e-07,0.8211757938842364
1547582440,4ba9a9,40.36735405356197,31.217588944868606,225.88016970480425,102.89680913766868,1.6256000000000002,9281.16,9159.24,2019-01-15 20:00:40+00:00,THY322,LTBA,,300.0,7.736114591784334e-07,0.8211757938842364
1547582441,4ba9a9,40.36735405356197,31.217588944868606,225.88016970480425,102.89680913766868,1.6256000000000002,9281.16,9159.24,2019-01-15 20:00:41+00:00,THY322,LTBA,,300.0,7.736114591784334e-07,0.8211757938842364
1547582442,4ba9a9,40.36735405356197,31.217588944868606,225.88016970480425,102.89680913766868,1.6256000000000002,9281.16,9159.24,2019-01-15 20:00:42+00:00,THY322,LTBA,,300.0,7.736114591784334e-07,0.8211757938842364
1547582443,4ba9a9,40.36735405356197,31.217588944868606,225.88016970480425,102.89680913766868,1.6256000000000002,9281.16,9159.24,2019-01-15 20:00:43+00:00,THY322,LTBA,,300.0,7.736114591784334e-07,0.8211757938842364
1547582444,4ba9a9,40.36735405356197,31.217588944868606,225.88016970480425,102.89680913766868,1.6256000000000002,9281.16,9159.24,2019-01-15 20:00:44+00:00,THY322,LTBA,,300.0,7.736114591784334e-07,0.8211757938842364
1547582445,4ba9a9,40.36735405356197,31.217588944868606,225.88016970480425,102.89680913766868,1.6256000000000002,9281.16,9159.24,2019-01-15 20:00:45+00:00,THY322,LTBA,,300.0,7.736114591784334e-07,0.8211757938842364
1547582446,4ba9a9,40.36735405356197,31.217588944868606,225.88016970480425,102.89680913766868,1.6256000000000002,9281.16,9159.24,2019-01-15 20:00:46+00:00,THY322,LTBA,,300.0,7.736114591784334e-07,0.8211757938842364
1547582447,4ba9a9,40.36735405356197,31.217588944868606,225.88016970480425,102.89680913766868,1.6256000000000002,9281.16,9159.24,2019-01-15 20:00:47+00:00,THY322,LTBA,,300.0,7.736114591784334e-07,0.8211757938842364
1547582448,4ba9a9,40.36735405356197,31.217588944868606,225.88016970480425,102.89680913766868,1.6256000000000002,9281.16,9159.24,2019-01-15 20:00:48+00:00,THY322,LTBA,,300.0,7.736114591784334e-07,0.8211757938842364
1547582449,4ba9a9,40.36735405356197,31.217588944868606,225.88016970480425,102.89680913766868,1.6256000000000002,9281.16,9159.24,2019-01-15 20:00:49+00:00,THY322,LTBA,,300.0,7.736114591784334e-07,0.8211757938842364
1547582450,4ba9a9,40.36735405356197,31.217588944868606,225.88016970480425,102.89680913766868,1.6256000000000002,9281.16,9159.24,2019-01-15 20:00:50+00:00,THY322,LTBA,,300.0,7.736114591784334e-07,0.8211757938842364
1547582451,4ba9a9,40.36735405356197,31.217588944868606,225.88016970480425,102.89680913766868,1.6256000000000002,9281.16,9159.24,2019-01-15 20:00:51+00:00,THY322,LTBA,,300.0,7.736114591784334e-07,0.8211757938842364
1547582452,4ba9a9,40.36735405356197,31.217588944868606,225.88016970480425,102.89680913766868,1.6256000000000002,9281.16,9159.24,2019-01-15 20:00:52+00:00,THY322,LTBA,,300.0,7.736114591784334e-07,0.8211757938842364
1547582453,4ba9a9,40.36735405356197,31.217588944868606,225.88016970480425,102.89680913766868,1.6256000000000002,9281.16,9159.24,2019-01-15 20:00:53+00:00,THY322,LTBA,,300.0,7.736114591784334e-07,0.8211757938842364
1547582454,4ba9a9,40.36735405356197,31.217588944868606,225.88016970480425,102.89680913766868,1.6256000000000002,9281.16,9159.24,2019-01-15 20:00:54+00:00,THY322,LTBA,,300.0,7.736114591784334e-07,0.8211757938842364
1547582455,4ba9a9,40.36735405356197,31.217588944868606,225.88016970480425,102.89680913766868,1.6256000000000002,9281.16,9159.24,2019-01-15 20:00:55+00:00,THY322,LTBA,,300.0,7.736114591784334e-07,0.8211757938842364
1547582456,4ba9a9,40.36735405356197,31.217588944868606,225.88016970480425,102.89680913766868,1.6256000000000002,9281.16,9159.24,2019-01-15 20:00:56+00:00,THY322,LTBA,,300.0,7.736114591784334e-07,0.8211757938842364
1547582457,4ba9a9,40.36735405356197,31.217588944868606,225.88016970480425,102.89680913766868,1.6256000000000002,9281.16,9159.24,2019-01-15 20:00:57+00:00,THY322,LTBA,,300.0,7.736114591784334e-07,0.8211757938842364
1547582458,4ba9a9,40.36735405356197,31.217588944868606,225.88016970480425,102.89680913766868,1.6256000000000002,9281.16,9159.24,2019-01-15 20:00:58+00:00,THY322,LTBA,,300.0,7.736114591784334e-07,0.8211757938842364
1547582459,4ba9a9,40.36735405356197,31.217588944868606,225.88016970480425,102.89680913766868,1.6256000000000002,9281.16,9159.24,2019-01-15 20:00:59+00:00,THY322,LTBA,,300.0,7.736114591784334e-07,0.8211757938842364
1547582460,4ba9a9,40.36735405356197,31.217588944868606,225.88016970480425,102.89680913766868,1.6256000000000002,9281.16,9159.24,2019-01-15 20:01:00+00:00,THY322,LTBA,,300.0,7.736114591784334e-07,0.8211757938842364
1547582461,4ba9a9,40.36735405356197,31.217588944868606,225.88016970480425,102.89680913766868,1.6256000000000002,9281.16,9159.24,2019-01-15 20:01:01+00:00,THY322,LTBA,,300.0,7.736114591784334e-07,0.8211757938842364
1547582462,4ba9a9,40.36735405356197,31.217588944868606,225.88016970480425,102.89680913766868,1.6256000000000002,9281.16,9159.24,2019-01-15 20:01:02+00:00,THY322,LTBA,,300.0,7.736114591784334e-07,0.8211757938842364
1547582463,4ba9a9,40.36735405356197,31.217588944868606,225.88016970480425,102.89680913766868,1.6256000000000002,9281.16,9159.24,2019-01-15 20:01:03+00:00,THY322,LTBA,,300.0,7.736114591784334e-07,0.8211757938842364
1547582464,4ba9a9,40.36735405356197,31.217588944868606,225.88016970480425,102.89680913766868,1.6256000000000002,9281.16,9159.24,2019-01-15 20:01:04+00:00,THY322,LTBA,,300.0,7.736114591784334e-07,0.8211757938842364
1547582465,4ba9a9,40.36735405356197,31.217588944868606,225.88016970480425,102.89680913766868,1.6256000000000002,9281.16,9159.24,2019-01-15 20:01:05+00:00,THY322,LTBA,,300.0,7.736114591784334e-07,0.8211757938842364
1547582466,4ba9a9,40.36735405356197,31.217588944868606,225.88016970480425,102.89680913766868,1.6256000000000002,9281.16,9159.24,2019-01-15 20:01:06+00:00,THY322,LTBA,,300.0,7.736114591784334e-07,0.8211757938842364
1547582467,4ba9a9,40.36735405356197,31.217588944868606,225.88016970480425,102.89680913766868,1.6256000000000002,9281.16,9159.24,2019-01-15 20:01:07+00:00,THY322,LTBA,,300.0,7.736114591784334e-07,0.8211757938842364
1547582468,4ba9a9,40.36735405356197,31.217588944868606,225.88016970480425,102.89680913766868,1.6256000000000002,9281.16,9159.24,2019-01-15 20:01:08+00:00,THY322,LTBA,,300.0,7.736114591784334e-07,0.8211757938842364
1547582469,4ba9a9,40.36735405356197,31.217588944868606,225.88016970480425,102.89680913766868,1.6256000000000002,9281.16,9159.24,2019-01-15 20:01:09+00:00,THY322,LTBA,,300.0,7.736114591784334e-07,0.8211757938842364
1547582470,4ba9a9,40.36735405356197,31.217588944868606,225.88016970480425,102.89680913766868,1.6256000000000002,9281.16,9159.24,2019-01-15 20:01:10+00:00,THY322,LTBA,,300.0,7.736114591784334e-07,0.8211757938842364
1547582471,4ba9a9,40.36735405356197,31.217588944868606,225.88016970480425,102.89680913766868,1.6256000000000002,9281.16,9159.24,2019-01-15 20:01:11+00:00,THY322,LTBA,,300.0,7.736114591784334e-07,0.8211757938842364
1547582472,4ba9a9,40.36735405356197,31.217588944868606,225.88016970480425,102.89680913766868,1.6256000000000002,9281.16,9159.24,2019-01-15 20:01:12+00:00,THY322,LTBA,,300.0,7.736114591784334e-07,0.8211757938842364
1547582473,4ba9a9,40.36735405356197,31.217588944868606,225.88016970480425,102.89680913766868,1.6256000000000002,9281.16,9159.24,2019-01-15 20:01:13+00:00,THY322,LTBA,,300.0,7.736114591784334e-07,0.8211757938842364
1547582474,4ba9a9,40.36735405356197,31.217588944868606,225.88016970480425,102.89680913766868,1.6256000000000002,9281.16,9159.24,2019-01-15 20:01:14+00:00,THY322,LTBA,,300.0,7.736114591784334e-07,0.8211757938842364
1547582475,4ba9a9,40.36735405356197,31.217588944868606,225.88016970480425,102.89680913766868,1.6256000000000002,9281.16,9159.24,2019-01-15 20:01:15+00:00,THY322,LTBA,,300.0,7.736114591784334e-07,0.8211757938842364
1547582476,4ba9a9,40.36735405356197,31.217588944868606,225.88016970480425,102.89680913766868,1.6256000000000002,9281.16,9159.24,2019-01-15 20:01:16+00:00,THY322,LTBA,,300.0,7.736114591784334e-07,0.8211757938842364
1547582477,4ba9a9,40.36735405356197,31.217588944868606,225.88016970480425,102.89680913766868,1.6256000000000002,9281.16,9159.24,2019-01-15 20:01:17+00:00,THY322,LTBA,,300.0,7.736114591784334e-07,0.8211757938842364
1547582478,4ba9a9,40.36735405356197,31.217588944868606,225.88016970480425,102.89680913766868,1.6256000000000002,9281.16,9159.24,2019-01-15 20:01:18+00:00,THY322,LTBA,,300.0,7.736114591784334e-07,0.8211757938842364
1547582479,4ba9a9,40.36735405356197,31.217588944868606,225.88016970480425,102.89680913766868,1.6256000000000002,9281.16,9159.24,2019-01-15 20:01:19+00:00,THY322,LTBA,,300.0,7.736114591784334e-07,0.8211757938842364
1547582480,4ba9a9,40.36735405356197,31.217588944868606,225.88016970480425,102.89680913766868,1.6256000000000002,9281.16,9159.24,2019-01-15 20:01:20+00:00,THY322,LTBA,,300.0,7.736114591784334e-07,0.8211757938842364
1547582481,4ba9a9,40.36735405356197,31.217588944868606,225.88016970480425,102.89680913766868,1.6256000000000002,9281.16,9159.24,2019-01-15 20:01:21+00:00,THY322,LTBA,,300.0,7.736114591784334e-07,0.8211757938842364
1547582482,4ba9a9,40.36735405356197,31.217588944868606,225.88016970480425,102.89680913766868,1.6256000000000002,9281.16,9159.24,2019-01-15 20:01:22+00:00,THY322,LTBA,,300.0,7.736114591784334e-07,0.8211757938842364
1547582483,4ba9a9,40.36735405356197,31.217588944868606,225.88016970480425,102.89680913766868,1.6256000000000002,9281.16,9159.24,2019-01-15 20:01:23+00:00,THY322,LTBA,,300.0,7.736114591784334e-07,0.8211757938842364
1547582484,4ba9a9,40.36735405356197,31.217588944868606,225.88016970480425,102.89680913766868,1.6256000000000002,9281.16,9060.18,2019-01-15 20:01:24+00:00,THY322,LTBA,,300.0,7.736114591784334e-07,0.8211757938842364
1547582485,4ba9a9,40.36735405356197,31.217588944868606,225.88016970480425,102.89680913766868,1.6256000000000002,9281.16,9060.18,2019-01-15 20:01:25+00:00,THY322,LTBA,,300.0,7.736114591784334e-07,0.8211757938842364
1547582486,4ba9a9,40.36735405356197,31.217588944868606,225.88016970480425,102.89680913766868,1.6256000000000002,9281.16,9060.18,2019-01-15 20:01:26+00:00,THY322,LTBA,,300.0,7.736114591784334e-07,0.8211757938842364
1547582487,4ba9a9,40.36735405356197,31.217588944868606,225.88016970480425,102.89680913766868,1.6256000000000002,9281.16,9060.18,2019-01-15 20:01:27+00:00,THY322,LTBA,,300.0,7.736114591784334e-07,0.8211757938842364
1547582488,4ba9a9,40.36735405356197,31.217588944868606,225.88016970480425,102.89680913766868,1.6256000000000002,9281.16,9060.18,2019-01-15 20:01:28+00:00,THY322,LTBA,,300.0,7.736114591784334e-07,0.8211757938842364
1547582489,4ba9a9,40.36735405356197,31.217588944868606,225.88016970480425,102.89680913766868,1.6256000000000002,9281.16,9060.18,2019-01-15 20:01:29+00:00,THY322,LTBA,,300.0,7.736114591784334e-07,0.8211757938842364
1547582490,4ba9a9,40.36735405356197,31.217588944868606,225.88016970480425,102.89680913766868,1.6256000000000002,9281.16,9060.18,2019-01-15 20:01:30+00:00,THY322,LTBA,,300.0,7.736114591784334e-07,0.8211757938842364
1547582491,4ba9a9,40.36735405356197,31.217588944868606,225.88016970480425,102.89680913766868,1.6256000000000002,9281.16,9060.18,2019-01-15 20:01:31+00:00,THY322,LTBA,,300.0,7.736114591784334e-07,0.8211757938842364
1547582492,4ba9a9,40.36735405356197,31.217588944868606,225.88016970480425,102.89680913766868,1.6256000000000002,9281.16,9060.18,2019-01-15 20:01:32+00:00,THY322,LTBA,,300.0,7.736114591784334e-07,0.8211757938842364
1547582493,4ba9a9,40.36735405356197,31.217588944868606,225.88016970480425,102.89680913766868,1.6256000000000002,9281.16,9060.18,2019-01-15 20:01:33+00:00,THY322,LTBA,,300.0,7.736114591784334e-07,0.8211757938842364
1547582494,4ba9a9,40.36735405356197,31.217588944868606,225.88016970480425,102.89680913766868,1.6256000000000002,9281.16,9060.18,2019-01-15 20:01:34+00:00,THY322,LTBA,,300.0,7.736114591784334e-07,0.8211757938842364
1547582495,4ba9a9,40.36735405356197,31.217588944868606,225.88016970480425,102.89680913766868,1.6256000000000002,9281.16,9060.18,2019-01-15 20:01:35+00:00,THY322,LTBA,,300.0,7.736114591784334e-07,0.8211757938842364
1547582496,4ba9a9,40.36735405356197,31.217588944868606,225.88016970480425,102.89680913766868,1.6256000000000002,9281.16,9060.18,2019-01-15 20:01:36+00:00,THY322,LTBA,,300.0,7.736114591784334e-07,0.8211757938842364
1547582497,4ba9a9,40.36735405356197,31.217588944868606,225.88016970480425,102.89680913766868,1.6256000000000002,9281.16,9060.18,2019-01-15 20:01:37+00:00,THY322,LTBA,,300.0,7.736114591784334e-07,0.8211757938842364
1547582498,4ba9a9,40.36735405356197,31.217588944868606,225.88016970480425,102.89680913766868,1.6256000000000002,9281.16,9060.18,2019-01-15 20:01:38+00:00,THY322,LTBA,,300.0,7.736114591784334e-07,0.8211757938842364
1547582499,4ba9a9,40.36735405356197,31.217588944868606,225.88016970480425,102.89680913766868,1.6256000000000002,9281.16,9060.18,2019-01-15 20:01:39+00:00,THY322,LTBA,,300.0,7.736114591784334e-07,0.8211757938842364
1547582500,4ba9a9,40.36735405356197,31.217588944868606,225.88016970480425,102.89680913766868,1.6256000000000002,9281.16,9060.18,2019-01-15 20:01:40+00:00,THY322,LTBA,,300.0,7.736114591784334e-07,0.8211757938842364
1547582501,4ba9a9,40.36735405356197,31.217588944868606,225.88016970480425,102.89680913766868,1.6256000000000002,9281.16,9060.18,2019-01-15 20:01:41+00:00,THY322,LTBA,,300.0,7.736114591784334e-07,0.8211757938842364
1547582502,4ba9a9,40.36735405356197,31.217588944868606,225.88016970480425,102.89680913766868,1.6256000000000002,9281.16,9060.18,2019-01-15 20:01:42+00:00,THY322,LTBA,,300.0,7.736114591784334e-07,0.8211757938842364
1547582503,4ba9a9,40.36735405356197,31.217588944868606,225.88016970480425,102.89680913766868,1.6256000000000002,9281.16,9060.18,2019-01-15 20:01:43+00:00,THY322,LTBA,,300.0,7.736114591784334e-07,0.8211757938842364
1547582504,4ba9a9,40.36735405356197,31.217588944868606,225.88016970480425,102.89680913766868,1.6256000000000002,9281.16,9060.18,2019-01-15 20:01:44+00:00,THY322,LTBA,,300.0,7.736114591784334e-07,0.8211757938842364
1547582505,4ba9a9,40.36735405356197,31.217588944868606,225.88016970480425,102.89680913766868,1.6256000000000002,9281.16,9060.18,2019-01-15 20:01:45+00:00,THY322,LTBA,,300.0,7.736114591784334e-07,0.8211757938842364
1547582506,4ba9a9,40.36735405356197,31.217588944868606,225.88016970480425,102.89680913766868,1.6256000000000002,9281.16,9060.18,2019-01-15 20:01:46+00:00,THY322,LTBA,,300.0,7.736114591784334e-07,0.8211757938842364
1547582507,4ba9a9,40.36735405356197,31.217588944868606,225.88016970480425,102.89680913766868,1.6256000000000002,9281.16,9060.18,2019-01-15 20:01:47+00:00,THY322,LTBA,,300.0,7.736114591784334e-07,0.8211757938842364
1547582508,4ba9a9,40.36735405356197,31.217588944868606,225.88016970480425,102.89680913766868,1.6256000000000002,9281.16,9060.18,2019-01-15 20:01:48+00:00,THY322,LTBA,,300.0,7.736114591784334e-07,0.8211757938842364
1547582509,4ba9a9,40.36735405356197,31.217588944868606,225.88016970480425,102.89680913766868,1.6256000000000002,9281.16,9060.18,2019-01-15 20:01:49+00:00,THY322,LTBA,,300.0,7.736114591784334e-07,0.8211757938842364
1547582510,4ba9a9,40.36735405356197,31.217588944868606,225.88016970480425,102.89680913766868,1.6256000000000002,9281.16,9060.18,2019-01-15 20:01:50+00:00,THY322,LTBA,,300.0,7.736114591784334e-07,0.8211757938842364
1547582511,4ba9a9,40.36735405356197,31.217588944868606,225.88016970480425,102.89680913766868,1.6256000000000002,9281.16,9060.18,2019-01-15 20:01:51+00:00,THY322,LTBA,,300.0,7.736114591784334e-07,0.8211757938842364
1547582512,4ba9a9,40.36735405356197,31.217588944868606,225.88016970480425,102.89680913766868,1.6256000000000002,9281.16,9060.18,2019-01-15 20:01:52+00:00,THY322,LTBA,,300.0,7.736114591784334e-07,0.8211757938842364
1547582513,4ba9a9,40.36735405356197,31.217588944868606,225.88016970480425,102.89680913766868,1.6256000000000002,9281.16,9060.18,2019-01-15 20:01:53+00:00,THY322,LTBA,,300.0,7.736114591784334e-07,0.8211757938842364
1547582514,4ba9a9,40.36735405356197,31.217588944868606,225.88016970480425,102.89680913766868,1.6256000000000002,9281.16,9060.18,2019-01-15 20:01:54+00:00,THY322,LTBA,,300.0,7.736114591784334e-07,0.8211757938842364
1547582515,4ba9a9,40.36735405356197,31.217588944868606,225.88016970480425,102.89680913766868,1.6256000000000002,9281.16,9060.18,2019-01-15 20:01:55+00:00,THY322,LTBA,,300.0,7.736114591784334e-07,0.8211757938842364
1547582516,4ba9a9,40.36735405356197,31.217588944868606,225.88016970480425,102.89680913766868,1.6256000000000002,9281.16,9060.18,2019-01-15 20:01:56+00:00,THY322,LTBA,,300.0,7.736114591784334e-07,0.8211757938842364
1547582517,4ba9a9,40.36735405356197,31.217588944868606,225.88016970480425,102.89680913766868,1.6256000000000002,9281.16,9060.18,2019-01-15 20:01:57+00:00,THY322,LTBA,,300.0,7.736114591784334e-07,0.8211757938842364
1547582518,4ba9a9,40.36735405356197,31.217588944868606,225.88016970480425,102.89680913766868,1.6256000000000002,9281.16,9060.18,2019-01-15 20:01:58+00:00,THY322,LTBA,,300.0,7.736114591784334e-07,0.8211757938842364
1547582519,4ba9a9,40.36735405356197,31.217588944868606,225.88016970480425,102.89680913766868,1.6256000000000002,9281.16,9060.18,2019-01-15 20:01:59+00:00,THY322,LTBA,,300.0,7.736114591784334e-07,0.8211757938842364
1547582520,4ba9a9,40.36735405356197,31.217588944868606,225.88016970480425,102.89680913766868,1.6256000000000002,9281.16,9060.18,2019-01-15 20:02:00+00:00,THY322,LTBA,,300.0,7.736114591784334e-07,0.8211757938842364
1547582521,4ba9a9,40.36735405356197,31.217588944868606,225.88016970480425,102.89680913766868,1.6256000000000002,9281.16,9060.18,2019-01-15 20:02:01+00:00,THY322,LTBA,,300.0,7.736114591784334e-07,0.8211757938842364
1547582522,4ba9a9,40.36735405356197,31.217588944868606,225.88016970480425,102.89680913766868,1.6256000000000002,9281.16,8983.98,2019-01-15 20:02:02+00:00,THY322,LTBA,,300.0,7.736114591784334e-07,0.8211757938842364
1547582523,4ba9a9,40.36735405356197,31.217588944868606,225.88016970480425,102.89680913766868,1.6256000000000002,9281.16,8983.98,2019-01-15 20:02:03+00:00,THY322,LTBA,,300.0,7.736114591784334e-07,0.8211757938842364
1547582524,4ba9a9,40.36735405356197,31.217588944868606,225.88016970480425,102.89680913766868,1.6256000000000002,9281.16,8983.98,2019-01-15 20:02:04+00:00,THY322,LTBA,,300.0,7.736114591784334e-07,0.8211757938842364
1547582525,4ba9a9,40.36735405356197,31.217588944868606,225.88016970480425,102.89680913766868,1.6256000000000002,9281.16,8983.98,2019-01-15 20:02:05+00:00,THY322,LTBA,,300.0,7.736114591784334e-07,0.8211757938842364
1547582526,4ba9a9,40.36735405356197,31.217588944868606,225.88016970480425,102.89680913766868,1.6256000000000002,9281.16,8983.98,2019-01-15 20:02:06+00:00,THY322,LTBA,,300.0,7.736114591784334e-07,0.8211757938842364
1547582527,4ba9a9,40.36735405356197,31.217588944868606,225.88016970480425,102.89680913766868,1.6256000000000002,9281.16,8983.98,2019-01-15 20:02:07+00:00,THY322,LTBA,,300.0,7.736114591784334e-07,0.8211757938842364
1547582528,4ba9a9,40.36735405356197,31.217588944868606,225.88016970480425,102.89680913766868,1.6256000000000002,9281.16,8983.98,2019-01-15 20:02:08+00:00,THY322,LTBA,,300.0,7.736114591784334e-07,0.8211757938842364
1547582529,4ba9a9,40.36735405356197,31.217588944868606,225.88016970480425,102.89680913766868,1.6256000000000002,9281.16,8983.98,2019-01-15 20:02:09+00:00,THY322,LTBA,,300.0,7.736114591784334e-07,0.8211757938842364
1547582530,4ba9a9,40.36735405356197,31.217588944868606,225.88016970480425,102.89680913766868,1.6256000000000002,9281.16,8983.98,2019-01-15 20:02:10+00:00,THY322,LTBA,,300.0,7.736114591784334e-07,0.8211757938842364
1547582531,4ba9a9,40.36735405356197,31.217588944868606,225.88016970480425,102.89680913766868,1.6256000000000002,9281.16,8983.98,2019-01-15 20:02:11+00:00,THY322,LTBA,,300.0,7.736114591784334e-07,0.8211757938842364
1547582532,4ba9a9,40.36735405356197,31.217588944868606,225.88016970480425,102.89680913766868,1.6256000000000002,9281.16,8983.98,2019-01-15 20:02:12+00:00,THY322,LTBA,,300.0,7.736114591784334e-07,0.8211757938842364
1547582533,4ba9a9,40.36735405356197,31.217588944868606,225.88016970480425,102.89680913766868,1.6256000000000002,9281.16,8983.98,2019-01-15 20:02:13+00:00,THY322,LTBA,,300.0,7.736114591784334e-07,0.8211757938842364
1547582534,4ba9a9,40.36735405356197,31.217588944868606,225.88016970480425,102.89680913766868,1.6256000000000002,9281.16,8983.98,2019-01-15 20:02:14+00:00,THY322,LTBA,,300.0,7.736114591784334e-07,0.8211757938842364
1547582535,4ba9a9,40.36735405356197,31.217588944868606,225.88016970480425,102.89680913766868,1.6256000000000002,9281.16,8983.98,2019-01-15 20:02:15+00:00,THY322,LTBA,,300.0,7.736114591784334e-07,0.8211757938842364
1547582536,4ba9a9,40.36735405356197,31.217588944868606,225.88016970480425,102.89680913766868,1.6256000000000002,9281.16,8983.98,2019-01-15 20:02:16+00:00,THY322,LTBA,,300.0,7.736114591784334e-07,0.8211757938842364
1547582537,4ba9a9,40.36735405356197,31.217588944868606,225.88016970480425,102.89680913766868,1.6256000000000002,9281.16,8983.98,2019-01-15 20:02:17+00:00,THY322,LTBA,,300.0,7.736114591784334e-07,0.8211757938842364
1547582538,4ba9a9,40.36735405356197,31.217588944868606,225.88016970480425,102.89680913766868,1.6256000000000002,9281.16,8983.98,2019-01-15 20:02:18+00:00,THY322,LTBA,,300.0,7.736114591784334e-07,0.8211757938842364
1547582539,4ba9a9,40.36735405356197,31.217588944868606,225.88016970480425,102.89680913766868,1.6256000000000002,9281.16,8983.98,2019-01-15 20:02:19+00:00,THY322,LTBA,,300.0,7.736114591784334e-07,0.8211757938842364
1547582540,4ba9a9,40.36735405356197,31.217588944868606,225.88016970480425,102.89680913766868,1.6256000000000002,9281.16,8983.98,2019-01-15 20:02:20+00:00,THY322,LTBA,,300.0,7.736114591784334e-07,0.8211757938842364
1547582541,4ba9a9,40.36735405356197,31.217588944868606,225.88016970480425,102.89680913766868,1.6256000000000002,9281.16,8983.98,2019-01-15 20:02:21+00:00,THY322,LTBA,,300.0,7.736114591784334e-07,0.8211757938842364
1547582542,4ba9a9,40.36735405356197,31.217588944868606,225.88016970480425,102.89680913766868,1.6256000000000002,9281.16,8983.98,2019-01-15 20:02:22+00:00,THY322,LTBA,,300.0,7.736114591784334e-07,0.8211757938842364
1547582543,4ba9a9,40.36735405356197,31.217588944868606,225.88016970480425,102.89680913766868,1.6256000000000002,9281.16,8983.98,2019-01-15 20:02:23+00:00,THY322,LTBA,,300.0,7.736114591784334e-07,0.8211757938842364
1547582544,4ba9a9,40.36735405356197,31.217588944868606,225.88016970480425,102.89680913766868,1.6256000000000002,9281.16,8983.98,2019-01-15 20:02:24+00:00,THY322,LTBA,,300.0,7.736114591784334e-07,0.8211757938842364
1547582545,4ba9a9,40.36735405356197,31.217588944868606,225.88016970480425,102.89680913766868,1.6256000000000002,9281.16,8983.98,2019-01-15 20:02:25+00:00,THY322,LTBA,,300.0,7.736114591784334e-07,0.8211757938842364
1547582546,4ba9a9,40.36735405356197,31.217588944868606,225.88016970480425,102.89680913766868,1.6256000000000002,9281.16,8983.98,2019-01-15 20:02:26+00:00,THY322,LTBA,,300.0,7.736114591784334e-07,0.8211757938842364
1547582547,4ba9a9,40.36735405356197,31.217588944868606,225.88016970480425,102.89680913766868,1.6256000000000002,9281.16,8983.98,2019-01-15 20:02:27+00:00,THY322,LTBA,,300.0,7.736114591784334e-07,0.8211757938842364
1547582548,4ba9a9,40.36735405356197,31.217588944868606,225.88016970480425,102.89680913766868,1.6256000000000002,9281.16,8983.98,2019-01-15 20:02:28+00:00,THY322,LTBA,,300.0,7.736114591784334e-07,0.8211757938842364
1547582549,4ba9a9,40.36735405356197,31.217588944868606,225.88016970480425,102.89680913766868,1.6256000000000002,9281.16,8983.98,2019-01-15 20:02:29+00:00,THY322,LTBA,,300.0,7.736114591784334e-07,0.8211757938842364
1547582550,4ba9a9,40.36735405356197,31.217588944868606,225.88016970480425,102.89680913766868,1.6256000000000002,9281.16,8983.98,2019-01-15 20:02:30+00:00,THY322,LTBA,,300.0,7.736114591784334e-07,0.8211757938842364
1547582551,4ba9a9,40.36735405356197,31.217588944868606,225.88016970480425,102.89680913766868,1.6256000000000002,9281.16,8983.98,2019-01-15 20:02:31+00:00,THY322,LTBA,,300.0,7.736114591784334e-07,0.8211757938842364
1547582552,4ba9a9,40.36735405356197,31.217588944868606,225.88016970480425,102.89680913766868,1.6256000000000002,9281.16,8983.98,2019-01-15 20:02:32+00:00,THY322,LTBA,,300.0,7.736114591784334e-07,0.8211757938842364
1547582553,4ba9a9,40.36735405356197,31.217588944868606,225.88016970480425,102.89680913766868,1.6256000000000002,9281.16,8983.98,2019-01-15 20:02:33+00:00,THY322,LTBA,,300.0,7.736114591784334e-07,0.8211757938842364
1547582554,4ba9a9,40.36735405356197,31.217588944868606,225.88016970480425,102.89680913766868,1.6256000000000002,9281.16,8983.98,2019-01-15 20:02:34+00:00,THY322,LTBA,,300.0,7.736114591784334e-07,0.8211757938842364
1547582555,4ba9a9,40.36735405356197,31.217588944868606,225.88016970480425,102.89680913766868,1.6256000000000002,9281.16,8983.98,2019-01-15 20:02:35+00:00,THY322,LTBA,,300.0,7.736114591784334e-07,0.8211757938842364
1547582556,4ba9a9,40.36735405356197,31.217588944868606,225.88016970480425,102.89680913766868,1.6256000000000002,9281.16,8983.98,2019-01-15 20:02:36+00:00,THY322,LTBA,,300.0,7.736114591784334e-07,0.8211757938842364
1547582557,4ba9a9,40.36735405356197,31.217588944868606,225.88016970480425,102.89680913766868,1.6256000000000002,9281.16,8983.98,2019-01-15 20:02:37+00:00,THY322,LTBA,,300.0,7.736114591784334e-07,0.8211757938842364
1547582558,4ba9a9,40.36735405356197,31.217588944868606,225.88016970480425,102.89680913766868,1.6256000000000002,9281.16,8983.98,2019-01-15 20:02:38+00:00,THY322,LTBA,,300.0,7.736114591784334e-07,0.8211757938842364
1547582559,4ba9a9,40.36735405356197,31.217588944868606,225.88016970480425,102.89680913766868,1.6256000000000002,9281.16,8983.98,2019-01-15 20:02:39+00:00,THY322,LTBA,,300.0,7.736114591784334e-07,0.8211757938842364
1547582560,4ba9a9,40.36735405356197,31.217588944868606,225.88016970480425,102.89680913766868,1.6256000000000002,9281.16,8983.98,2019-01-15 20:02:40+00:00,THY322,LTBA,,300.0,7.736114591784334e-07,0.8211757938842364
1547582561,4ba9a9,40.36735405356197,31.217588944868606,225.88016970480425,102.89680913766868,1.6256000000000002,9281.16,8983.98,2019-01-15 20:02:41+00:00,THY322,LTBA,,300.0,7.736114591784334e-07,0.8211757938842364
1547582562,4ba9a9,40.36735405356197,31.217588944868606,225.88016970480425,102.89680913766868,1.6256000000000002,9281.16,8983.98,2019-01-15 20:02:42+00:00,THY322,LTBA,,300.0,7.736114591784334e-07,0.8211757938842364
1547582563,4ba9a9,40.36735405356197,31.217588944868606,225.88016970480425,102.89680913766868,1.6256000000000002,9281.16,8983.98,2019-01-15 20:02:43+00:00,THY322,LTBA,,300.0,7.736114591784334e-07,0.8211757938842364
1547582564,4ba9a9,40.36735405356197,31.217588944868606,225.88016970480425,102.89680913766868,1.6256000000000002,9281.16,8983.98,2019-01-15 20:02:44+00:00,THY322,LTBA,,300.0,7.736114591784334e-07,0.8211757938842364
1547582565,4ba9a9,40.36735405356197,31.217588944868606,225.88016970480425,102.89680913766868,1.6256000000000002,9281.16,8983.98,2019-01-15 20:02:45+00:00,THY322,LTBA,,300.0,7.736114591784334e-07,0.8211757938842364
1547582566,4ba9a9,40.36735405356197,31.217588944868606,225.88016970480425,102.89680913766868,1.6256000000000002,9281.16,8983.98,2019-01-15 20:02:46+00:00,THY322,LTBA,,300.0,7.736114591784334e-07,0.8211757938842364
1547582567,4ba9a9,40.36735405356197,31.217588944868606,225.88016970480425,102.89680913766868,1.6256000000000002,9281.16,8983.98,2019-01-15 20:02:47+00:00,THY322,LTBA,,300.0,7.736114591784334e-07,0.8211757938842364
1547582568,4ba9a9,40.36735405356197,31.217588944868606,225.88016970480425,102.89680913766868,1.6256000000000002,9281.16,8983.98,2019-01-15 20:02:48+00:00,THY322,LTBA,,300.0,7.736114591784334e-07,0.8211757938842364
1547582569,4ba9a9,40.36735405356197,31.217588944868606,225.88016970480425,102.89680913766868,1.6256000000000002,9281.16,8983.98,2019-01-15 20:02:49+00:00,THY322,LTBA,,300.0,7.736114591784334e-07,0.8211757938842364
1547582570,4ba9a9,40.36735405356197,31.217588944868606,225.88016970480425,102.89680913766868,1.6256000000000002,9281.16,8983.98,2019-01-15 20:02:50+00:00,THY322,LTBA,,300.0,7.736114591784334e-07,0.8211757938842364
1547582571,4ba9a9,40.36735405356197,31.217588944868606,225.88016970480425,102.89680913766868,1.6256000000000002,9281.16,8983.98,2019-01-15 20:02:51+00:00,THY322,LTBA,,300.0,7.736114591784334e-07,0.8211757938842364
1547582572,4ba9a9,40.36735405356197,31.217588944868606,225.88016970480425,102.89680913766868,1.6256000000000002,9281.16,8983.98,2019-01-15 20:02:52+00:00,THY322,LTBA,,300.0,7.736114591784334e-07,0.8211757938842364
1547582573,4ba9a9,40.36735405356197,31.217588944868606,225.88016970480425,102.89680913766868,1.6256000000000002,9281.16,8983.98,2019-01-15 20:02:53+00:00,THY322,LTBA,,300.0,7.736114591784334e-07,0.8211757938842364
1547582574,4ba9a9,40.36735405356197,31.217588944868606,225.88016970480425,102.89680913766868,1.6256000000000002,9281.16,8983.98,2019-01-15 20:02:54+00:00,THY322,LTBA,,300.0,7.736114591784334e-07,0.8211757938842364
1547582575,4ba9a9,40.36735405356197,31.217588944868606,225.88016970480425,102.89680913766868,1.6256000000000002,9281.16,8983.98,2019-01-15 20:02:55+00:00,THY322,LTBA,,300.0,7.736114591784334e-07,0.8211757938842364
1547582576,4ba9a9,40.36735405356197,31.217588944868606,225.88016970480425,102.89680913766868,1.6256000000000002,9281.16,8983.98,2019-01-15 20:02:56+00:00,THY322,LTBA,,300.0,7.736114591784334e-07,0.8211757938842364
1547582577,4ba9a9,40.36735405356197,31.217588944868606,225.88016970480425,102.89680913766868,1.6256000000000002,9281.16,8983.98,2019-01-15 20:02:57+00:00,THY322,LTBA,,300.0,7.736114591784334e-07,0.8211757938842364
1547582578,4ba9a9,40.36735405356197,31.217588944868606,225.88016970480425,102.89680913766868,1.6256000000000002,9281.16,8983.98,2019-01-15 20:02:58+00:00,THY322,LTBA,,300.0,7.736114591784334e-07,0.8211757938842364
1547582579,4ba9a9,40.36735405356197,31.217588944868606,225.88016970480425,102.89680913766868,1.6256000000000002,9281.16,8983.98,2019-01-15 20:02:59+00:00,THY322,LTBA,,300.0,7.736114591784334e-07,0.8211757938842364
1547582580,4ba9a9,40.36735405356197,31.217588944868606,225.88016970480425,102.89680913766868,1.6256000000000002,9281.16,8983.98,2019-01-15 20:03:00+00:00,THY322,LTBA,,300.0,7.736114591784334e-07,0.8211757938842364
1547582581,4ba9a9,40.36735405356197,31.217588944868606,225.88016970480425,102.89680913766868,1.6256000000000002,9281.16,8983.98,2019-01-15 20:03:01+00:00,THY322,LTBA,,300.0,7.736114591784334e-07,0.8211757938842364
1547582582,4ba9a9,40.36735405356197,31.217588944868606,225.88016970480425,102.89680913766868,1.6256000000000002,9281.16,8983.98,2019-01-15 20:03:02+00:00,THY322,LTBA,,300.0,7.736114591784334e-07,0.8211757938842364
1547582583,4ba9a9,40.36735405356197,31.217588944868606,225.88016970480425,102.89680913766868,1.6256000000000002,9281.16,8983.98,2019-01-15 20:03:03+00:00,THY322,LTBA,,300.0,7.736114591784334e-07,0.8211757938842364
1547582584,4ba9a9,40.36735405356197,31.217588944868606,225.88016970480425,102.89680913766868,1.6256000000000002,9281.16,8983.98,2019-01-15 20:03:04+00:00,THY322,LTBA,,300.0,7.736114591784334e-07,0.8211757938842364
1547582585,4ba9a9,40.36735405356197,31.217588944868606,225.88016970480425,102.89680913766868,1.6256000000000002,9281.16,8983.98,2019-01-15 20:03:05+00:00,THY322,LTBA,,300.0,7.736114591784334e-07,0.8211757938842364
1547582586,4ba9a9,40.36735405356197,31.217588944868606,225.88016970480425,102.89680913766868,1.6256000000000002,9281.16,8983.98,2019-01-15 20:03:06+00:00,THY322,LTBA,,300.0,7.736114591784334e-07,0.8211757938842364
1547582587,4ba9a9,40.36735405356197,31.217588944868606,225.88016970480425,102.89680913766868,1.6256000000000002,9281.16,8983.98,2019-01-15 20:03:07+00:00,THY322,LTBA,,300.0,7.736114591784334e-07,0.8211757938842364
1547582588,4ba9a9,40.36735405356197,31.217588944868606,225.88016970480425,102.89680913766868,1.6256000000000002,9281.16,8983.98,2019-01-15 20:03:08+00:00,THY322,LTBA,,300.0,7.736114591784334e-07,0.8211757938842364
1547582589,4ba9a9,40.36735405356197,31.217588944868606,225.88016970480425,102.89680913766868,1.6256000000000002,9281.16,8983.98,2019-01-15 20:03:09+00:00,THY322,LTBA,,300.0,7.736114591784334e-07,0.8211757938842364
1547582590,4ba9a9,40.36735405356197,31.217588944868606,225.88016970480425,102.89680913766868,1.6256000000000002,9281.16,8983.98,2019-01-15 20:03:10+00:00,THY322,LTBA,,300.0,7.736114591784334e-07,0.8211757938842364
1547582591,4ba9a9,40.36735405356197,31.217588944868606,225.88016970480425,102.89680913766868,1.6256000000000002,9281.16,8983.98,2019-01-15 20:03:11+00:00,THY322,LTBA,,300.0,7.736114591784334e-07,0.8211757938842364
1547582592,4ba9a9,40.36735405356197,31.217588944868606,225.88016970480425,102.89680913766868,1.6256000000000002,9281.16,8983.98,2019-01-15 20:03:12+00:00,THY322,LTBA,,300.0,7.736114591784334e-07,0.8211757938842364
1547582593,4ba9a9,40.36735405356197,31.217588944868606,225.88016970480425,102.89680913766868,1.6256000000000002,9281.16,8983.98,2019-01-15 20:03:13+00:00,THY322,LTBA,,300.0,7.736114591784334e-07,0.8211757938842364
1547582594,4ba9a9,40.36735405356197,31.217588944868606,225.88016970480425,102.89680913766868,1.6256000000000002,9281.16,8983.98,2019-01-15 20:03:14+00:00,THY322,LTBA,,300.0,7.736114591784334e-07,0.8211757938842364
1547582595,4ba9a9,40.36735405356197,31.217588944868606,225.88016970480425,102.89680913766868,1.6256000000000002,9281.16,8983.98,2019-01-15 20:03:15+00:00,THY322,LTBA,,300.0,7.736114591784334e-07,0.8211757938842364
1547582596,4ba9a9,40.36735405356197,31.217588944868606,225.88016970480425,102.89680913766868,1.6256000000000002,9281.16,8983.98,2019-01-15 20:03:16+00:00,THY322,LTBA,,300.0,7.736114591784334e-07,0.8211757938842364
1547582597,4ba9a9,40.36735405356197,31.217588944868606,225.88016970480425,102.89680913766868,1.6256000000000002,9281.16,8983.98,2019-01-15 20:03:17+00:00,THY322,LTBA,,300.0,7.736114591784334e-07,0.8211757938842364
1547582598,4ba9a9,40.36735405356197,31.217588944868606,225.88016970480425,102.89680913766868,1.6256000000000002,9281.16,8983.98,2019-01-15 20:03:18+00:00,THY322,LTBA,,300.0,7.736114591784334e-07,0.8211757938842364
1547582599,4ba9a9,40.36735405356197,31.217588944868606,225.88016970480425,102.89680913766868,1.6256000000000002,9281.16,8983.98,2019-01-15 20:03:19+00:00,THY322,LTBA,,300.0,7.736114591784334e-07,0.8211757938842364
1547582600,4ba9a9,40.36735405356197,31.217588944868606,225.88016970480425,102.89680913766868,1.6256000000000002,9281.16,8983.98,2019-01-15 20:03:20+00:00,THY322,LTBA,,300.0,7.736114591784334e-07,0.8211757938842364
1547582601,4ba9a9,40.36735405356197,31.217588944868606,225.88016970480425,102.89680913766868,1.6256000000000002,9281.16,8983.98,2019-01-15 20:03:21+00:00,THY322,LTBA,,300.0,7.736114591784334e-07,0.8211757938842364
1547582602,4ba9a9,40.36735405356197,31.217588944868606,225.88016970480425,102.89680913766868,1.6256000000000002,9281.16,8983.98,2019-01-15 20:03:22+00:00,THY322,LTBA,,300.0,7.736114591784334e-07,0.8211757938842364
1547582603,4ba9a9,40.36735405356197,31.217588944868606,225.88016970480425,102.89680913766868,1.6256000000000002,9281.16,8983.98,2019-01-15 20:03:23+00:00,THY322,LTBA,,300.0,7.736114591784334e-07,0.8211757938842364
1547582604,4ba9a9,40.36735405356197,31.217588944868606,225.88016970480425,102.89680913766868,1.6256000000000002,9281.16,8983.98,2019-01-15 20:03:24+00:00,THY322,LTBA,,300.0,7.736114591784334e-07,0.8211757938842364
1547582605,4ba9a9,40.36735405356197,31.217588944868606,225.88016970480425,102.89680913766868,1.6256000000000002,9281.16,8983.98,2019-01-15 20:03:25+00:00,THY322,LTBA,,300.0,7.736114591784334e-07,0.8211757938842364
1547582606,4ba9a9,40.36735405356197,31.217588944868606,225.88016970480425,102.89680913766868,1.6256000000000002,9281.16,8983.98,2019-01-15 20:03:26+00:00,THY322,LTBA,,300.0,7.736114591784334e-07,0.8211757938842364
1547582607,4ba9a9,40.36735405356197,31.217588944868606,225.88016970480425,102.89680913766868,1.6256000000000002,9281.16,8983.98,2019-01-15 20:03:27+00:00,THY322,LTBA,,300.0,7.736114591784334e-07,0.8211757938842364
1547582608,4ba9a9,40.36735405356197,31.217588944868606,225.88016970480425,102.89680913766868,1.6256000000000002,9281.16,8983.98,2019-01-15 20:03:28+00:00,THY322,LTBA,,300.0,7.736114591784334e-07,0.8211757938842364
1547582609,4ba9a9,40.36735405356197,31.217588944868606,225.88016970480425,102.89680913766868,1.6256000000000002,9281.16,8983.98,2019-01-15 20:03:29+00:00,THY322,LTBA,,300.0,7.736114591784334e-07,0.8211757938842364
1547582610,4ba9a9,40.36735405356197,31.217588944868606,225.88016970480425,102.89680913766868,1.6256000000000002,9281.16,8983.98,2019-01-15 20:03:30+00:00,THY322,LTBA,,300.0,7.736114591784334e-07,0.8211757938842364
1547582611,4ba9a9,40.36735405356197,31.217588944868606,225.88016970480425,102.89680913766868,1.6256000000000002,9281.16,8983.98,2019-01-15 20:03:31+00:00,THY322,LTBA,,300.0,7.736114591784334e-07,0.8211757938842364
1547582612,4ba9a9,40.36735405356197,31.217588944868606,225.88016970480425,102.89680913766868,1.6256000000000002,9281.16,8983.98,2019-01-15 20:03:32+00:00,THY322,LTBA,,300.0,7.736114591784334e-07,0.8211757938842364
1547582613,4ba9a9,40.36735405356197,31.217588944868606,225.88016970480425,102.89680913766868,1.6256000000000002,9281.16,8983.98,2019-01-15 20:03:33+00:00,THY322,LTBA,,300.0,7.736114591784334e-07,0.8211757938842364
1547582614,4ba9a9,40.36735405356197,31.217588944868606,225.88016970480425,102.89680913766868,1.6256000000000002,9281.16,8983.98,2019-01-15 20:03:34+00:00,THY322,LTBA,,300.0,7.736114591784334e-07,0.8211757938842364
1547582615,4ba9a9,40.36735405356197,31.217588944868606,225.88016970480425,102.89680913766868,1.6256000000000002,9281.16,8983.98,2019-01-15 20:03:35+00:00,THY322,LTBA,,300.0,7.736114591784334e-07,0.8211757938842364
1547582616,4ba9a9,40.36735405356197,31.217588944868606,225.88016970480425,102.89680913766868,1.6256000000000002,9281.16,8983.98,2019-01-15 20:03:36+00:00,THY322,LTBA,,300.0,7.736114591784334e-07,0.8211757938842364
1547582617,4ba9a9,40.36735405356197,31.217588944868606,225.88016970480425,102.89680913766868,1.6256000000000002,9281.16,8983.98,2019-01-15 20:03:37+00:00,THY322,LTBA,,300.0,7.736114591784334e-07,0.8211757938842364
1547582618,4ba9a9,40.36735405356197,31.217588944868606,225.88016970480425,102.89680913766868,1.6256000000000002,9281.16,8983.98,2019-01-15 20:03:38+00:00,THY322,LTBA,,300.0,7.736114591784334e-07,0.8211757938842364
1547582619,4ba9a9,40.36735405356197,31.217588944868606,225.88016970480425,102.89680913766868,1.6256000000000002,9281.16,8983.98,2019-01-15 20:03:39+00:00,THY322,LTBA,,300.0,7.736114591784334e-07,0.8211757938842364
1547582620,4ba9a9,40.36735405356197,31.217588944868606,225.88016970480425,102.89680913766868,1.6256000000000002,9281.16,8983.98,2019-01-15 20:03:40+00:00,THY322,LTBA,,300.0,7.736114591784334e-07,0.8211757938842364
1547582621,4ba9a9,40.36735405356197,31.217588944868606,225.88016970480425,102.89680913766868,1.6256000000000002,9281.16,8983.98,2019-01-15 20:03:41+00:00,THY322,LTBA,,300.0,7.736114591784334e-07,0.8211757938842364
1547582622,4ba9a9,40.36735405356197,31.217588944868606,225.88016970480425,102.89680913766868,1.6256000000000002,9281.16,8983.98,2019-01-15 20:03:42+00:00,THY322,LTBA,,300.0,7.736114591784334e-07,0.8211757938842364
1547582623,4ba9a9,40.36735405356197,31.217588944868606,225.88016970480425,102.89680913766868,1.6256000000000002,9281.16,8983.98,2019-01-15 20:03:43+00:00,THY322,LTBA,,300.0,7.736114591784334e-07,0.8211757938842364
1547582624,4ba9a9,40.36735405356197,31.217588944868606,225.88016970480425,102.89680913766868,1.6256000000000002,9281.16,8983.98,2019-01-15 20:03:44+00:00,THY322,LTBA,,300.0,7.736114591784334e-07,0.8211757938842364
1547582625,4ba9a9,40.36735405356197,31.217588944868606,225.88016970480425,102.89680913766868,1.6256000000000002,9281.16,8983.98,2019-01-15 20:03:45+00:00,THY322,LTBA,,300.0,7.736114591784334e-07,0.8211757938842364
1547582626,4ba9a9,40.36735405356197,31.217588944868606,225.88016970480425,102.89680913766868,1.6256000000000002,9281.16,8983.98,2019-01-15 20:03:46+00:00,THY322,LTBA,,300.0,7.736114591784334e-07,0.8211757938842364
1547582627,4ba9a9,40.36735405356197,31.217588944868606,225.88016970480425,102.89680913766868,1.6256000000000002,9281.16,8778.24,2019-01-15 20:03:47+00:00,THY322,LTBA,,300.0,7.736114591784334e-07,0.8211757938842364
1547582628,4ba9a9,40.36735405356197,31.217588944868606,225.88016970480425,102.89680913766868,1.6256000000000002,9281.16,8778.24,2019-01-15 20:03:48+00:00,THY322,LTBA,,300.0,7.736114591784334e-07,0.8211757938842364
1547582629,4ba9a9,40.36735405356197,31.217588944868606,225.88016970480425,102.89680913766868,1.6256000000000002,9281.16,8778.24,2019-01-15 20:03:49+00:00,THY322,LTBA,,300.0,7.736114591784334e-07,0.8211757938842364
1547582630,4ba9a9,40.36735405356197,31.217588944868606,225.88016970480425,102.89680913766868,1.6256000000000002,9281.16,8778.24,2019-01-15 20:03:50+00:00,THY322,LTBA,,300.0,7.736114591784334e-07,0.8211757938842364
1547582631,4ba9a9,40.36735405356197,31.217588944868606,225.88016970480425,102.89680913766868,1.6256000000000002,9281.16,8778.24,2019-01-15 20:03:51+00:00,THY322,LTBA,,300.0,7.736114591784334e-07,0.8211757938842364
1547582632,4ba9a9,40.36735405356197,31.217588944868606,225.88016970480425,102.89680913766868,1.6256000000000002,9281.16,8778.24,2019-01-15 20:03:52+00:00,THY322,LTBA,,300.0,7.736114591784334e-07,0.8211757938842364
1547582633,4ba9a9,40.36735405356197,31.217588944868606,225.88016970480425,102.89680913766868,1.6256000000000002,9281.16,8778.24,2019-01-15 20:03:53+00:00,THY322,LTBA,,300.0,7.736114591784334e-07,0.8211757938842364
1547582634,4ba9a9,40.36735405356197,31.217588944868606,225.88016970480425,102.89680913766868,1.6256000000000002,9281.16,8778.24,2019-01-15 20:03:54+00:00,THY322,LTBA,,300.0,7.736114591784334e-07,0.8211757938842364
1547582635,4ba9a9,40.36735405356197,31.217588944868606,225.88016970480425,102.89680913766868,1.6256000000000002,9281.16,8778.24,2019-01-15 20:03:55+00:00,THY322,LTBA,,300.0,7.736114591784334e-07,0.8211757938842364
1547582636,4ba9a9,40.36735405356197,31.217588944868606,225.88016970480425,102.89680913766868,1.6256000000000002,9281.16,8778.24,2019-01-15 20:03:56+00:00,THY322,LTBA,,300.0,7.736114591784334e-07,0.8211757938842364
1547582637,4ba9a9,40.36735405356197,31.217588944868606,225.88016970480425,102.89680913766868,1.6256000000000002,9281.16,8778.24,2019-01-15 20:03:57+00:00,THY322,LTBA,,300.0,7.736114591784334e-07,0.8211757938842364
1547582638,4ba9a9,40.36735405356197,31.217588944868606,225.88016970480425,102.89680913766868,1.6256000000000002,9281.16,8778.24,2019-01-15 20:03:58+00:00,THY322,LTBA,,300.0,7.736114591784334e-07,0.8211757938842364
1547582639,4ba9a9,40.36735405356197,31.217588944868606,225.88016970480425,102.89680913766868,1.6256000000000002,9281.16,8778.24,2019-01-15 20:03:59+00:00,THY322,LTBA,,300.0,7.736114591784334e-07,0.8211757938842364
1547582640,4ba9a9,40.36735405356197,31.217588944868606,225.88016970480425,102.89680913766868,1.6256000000000002,9281.16,8778.24,2019-01-15 20:04:00+00:00,THY322,LTBA,,300.0,7.736114591784334e-07,0.8211757938842364
1547582641,4ba9a9,40.36735405356197,31.217588944868606,225.88016970480425,102.89680913766868,1.6256000000000002,9281.16,8778.24,2019-01-15 20:04:01+00:00,THY322,LTBA,,300.0,7.736114591784334e-07,0.8211757938842364
1547582642,4ba9a9,40.36735405356197,31.217588944868606,225.88016970480425,102.89680913766868,1.6256000000000002,9281.16,8778.24,2019-01-15 20:04:02+00:00,THY322,LTBA,,300.0,7.736114591784334e-07,0.8211757938842364
1547582643,4ba9a9,40.36735405356197,31.217588944868606,225.88016970480425,102.89680913766868,1.6256000000000002,9281.16,8778.24,2019-01-15 20:04:03+00:00,THY322,LTBA,,300.0,7.736114591784334e-07,0.8211757938842364
1547582644,4ba9a9,40.36735405356197,31.217588944868606,225.88016970480425,102.89680913766868,1.6256000000000002,9281.16,8778.24,2019-01-15 20:04:04+00:00,THY322,LTBA,,300.0,7.736114591784334e-07,0.8211757938842364
1547582645,4ba9a9,40.36735405356197,31.217588944868606,225.88016970480425,102.89680913766868,1.6256000000000002,9281.16,8778.24,2019-01-15 20:04:05+00:00,THY322,LTBA,,300.0,7.736114591784334e-07,0.8211757938842364
1547582646,4ba9a9,40.36735405356197,31.217588944868606,225.88016970480425,102.89680913766868,1.6256000000000002,9281.16,8778.24,2019-01-15 20:04:06+00:00,THY322,LTBA,,300.0,7.736114591784334e-07,0.8211757938842364
1547582647,4ba9a9,40.36735405356197,31.217588944868606,225.88016970480425,102.89680913766868,1.6256000000000002,9281.16,8778.24,2019-01-15 20:04:07+00:00,THY322,LTBA,,300.0,7.736114591784334e-07,0.8211757938842364
1547582648,4ba9a9,40.36735405356197,31.217588944868606,225.88016970480425,102.89680913766868,1.6256000000000002,9281.16,8778.24,2019-01-15 20:04:08+00:00,THY322,LTBA,,300.0,7.736114591784334e-07,0.8211757938842364
1547582649,4ba9a9,40.36735405356197,31.217588944868606,225.88016970480425,102.89680913766868,1.6256000000000002,9281.16,8778.24,2019-01-15 20:04:09+00:00,THY322,LTBA,,300.0,7.736114591784334e-07,0.8211757938842364
1547582650,4ba9a9,40.36735405356197,31.217588944868606,225.88016970480425,102.89680913766868,1.6256000000000002,9281.16,8778.24,2019-01-15 20:04:10+00:00,THY322,LTBA,,300.0,7.736114591784334e-07,0.8211757938842364
1547582651,4ba9a9,40.36735405356197,31.217588944868606,225.88016970480425,102.89680913766868,1.6256000000000002,9281.16,8778.24,2019-01-15 20:04:11+00:00,THY322,LTBA,,300.0,7.736114591784334e-07,0.8211757938842364
1547582652,4ba9a9,40.36735405356197,31.217588944868606,225.88016970480425,102.89680913766868,1.6256000000000002,9281.16,8778.24,2019-01-15 20:04:12+00:00,THY322,LTBA,,300.0,7.736114591784334e-07,0.8211757938842364
1547582653,4ba9a9,40.36735405356197,31.217588944868606,225.88016970480425,102.89680913766868,1.6256000000000002,9281.16,8778.24,2019-01-15 20:04:13+00:00,THY322,LTBA,,300.0,7.736114591784334e-07,0.8211757938842364
1547582654,4ba9a9,40.36735405356197,31.217588944868606,225.88016970480425,102.89680913766868,1.6256000000000002,9281.16,8778.24,2019-01-15 20:04:14+00:00,THY322,LTBA,,300.0,7.736114591784334e-07,0.8211757938842364
1547582655,4ba9a9,40.36735405356197,31.217588944868606,225.88016970480425,102.89680913766868,1.6256000000000002,9281.16,8778.24,2019-01-15 20:04:15+00:00,THY322,LTBA,,300.0,7.736114591784334e-07,0.8211757938842364
1547582656,4ba9a9,40.36735405356197,31.217588944868606,225.88016970480425,102.89680913766868,1.6256000000000002,9281.16,8778.24,2019-01-15 20:04:16+00:00,THY322,LTBA,,300.0,7.736114591784334e-07,0.8211757938842364
1547582657,4ba9a9,40.36735405356197,31.217588944868606,225.88016970480425,102.89680913766868,1.6256000000000002,9281.16,8778.24,2019-01-15 20:04:17+00:00,THY322,LTBA,,300.0,7.736114591784334e-07,0.8211757938842364
1547582658,4ba9a9,40.36735405356197,31.217588944868606,225.88016970480425,102.89680913766868,1.6256000000000002,9281.16,8778.24,2019-01-15 20:04:18+00:00,THY322,LTBA,,300.0,7.736114591784334e-07,0.8211757938842364
1547582659,4ba9a9,40.36735405356197,31.217588944868606,225.88016970480425,102.89680913766868,1.6256000000000002,9281.16,8778.24,2019-01-15 20:04:19+00:00,THY322,LTBA,,300.0,7.736114591784334e-07,0.8211757938842364
1547582660,4ba9a9,40.36735405356197,31.217588944868606,225.88016970480425,102.89680913766868,1.6256000000000002,9281.16,8778.24,2019-01-15 20:04:20+00:00,THY322,LTBA,,300.0,7.736114591784334e-07,0.8211757938842364
1547582661,4ba9a9,40.36735405356197,31.217588944868606,225.88016970480425,102.89680913766868,1.6256000000000002,9281.16,8778.24,2019-01-15 20:04:21+00:00,THY322,LTBA,,300.0,7.736114591784334e-07,0.8211757938842364
1547582662,4ba9a9,40.36735405356197,31.217588944868606,225.88016970480425,102.89680913766868,1.6256000000000002,9281.16,8778.24,2019-01-15 20:04:22+00:00,THY322,LTBA,,300.0,7.736114591784334e-07,0.8211757938842364
1547582663,4ba9a9,40.36735405356197,31.217588944868606,225.88016970480425,102.89680913766868,1.6256000000000002,9281.16,8778.24,2019-01-15 20:04:23+00:00,THY322,LTBA,,300.0,7.736114591784334e-07,0.8211757938842364
1547582664,4ba9a9,40.36735405356197,31.217588944868606,225.88016970480425,102.89680913766868,1.6256000000000002,9281.16,8778.24,2019-01-15 20:04:24+00:00,THY322,LTBA,,300.0,7.736114591784334e-07,0.8211757938842364
1547582665,4ba9a9,40.36735405356197,31.217588944868606,225.88016970480425,102.89680913766868,1.6256000000000002,9281.16,8778.24,2019-01-15 20:04:25+00:00,THY322,LTBA,,300.0,7.736114591784334e-07,0.8211757938842364
1547582666,4ba9a9,40.36735405356197,31.217588944868606,225.88016970480425,102.89680913766868,1.6256000000000002,9281.16,8488.68,2019-01-15 20:04:26+00:00,THY322,LTBA,,300.0,7.736114591784334e-07,0.8211757938842364
1547582667,4ba9a9,40.36735405356197,31.217588944868606,225.88016970480425,102.89680913766868,1.6256000000000002,9281.16,8488.68,2019-01-15 20:04:27+00:00,THY322,LTBA,,300.0,7.736114591784334e-07,0.8211757938842364
1547582668,4ba9a9,40.36735405356197,31.217588944868606,225.88016970480425,102.89680913766868,1.6256000000000002,9281.16,8488.68,2019-01-15 20:04:28+00:00,THY322,LTBA,,300.0,7.736114591784334e-07,0.8211757938842364
1547582669,4ba9a9,40.36735405356197,31.217588944868606,225.88016970480425,102.89680913766868,1.6256000000000002,9281.16,8488.68,2019-01-15 20:04:29+00:00,THY322,LTBA,,300.0,7.736114591784334e-07,0.8211757938842364
1547582670,4ba9a9,40.36735405356197,31.217588944868606,225.88016970480425,102.89680913766868,1.6256000000000002,9281.16,8488.68,2019-01-15 20:04:30+00:00,THY322,LTBA,,300.0,7.736114591784334e-07,0.8211757938842364
1547582671,4ba9a9,40.36735405356197,31.217588944868606,225.88016970480425,102.89680913766868,1.6256000000000002,9281.16,8488.68,2019-01-15 20:04:31+00:00,THY322,LTBA,,300.0,7.736114591784334e-07,0.8211757938842364
1547582672,4ba9a9,40.36735405356197,31.217588944868606,225.88016970480425,102.89680913766868,1.6256000000000002,9281.16,8488.68,2019-01-15 20:04:32+00:00,THY322,LTBA,,300.0,7.736114591784334e-07,0.8211757938842364
1547582673,4ba9a9,40.36735405356197,31.217588944868606,225.88016970480425,102.89680913766868,1.6256000000000002,9281.16,8488.68,2019-01-15 20:04:33+00:00,THY322,LTBA,,300.0,7.736114591784334e-07,0.8211757938842364
1547582674,4ba9a9,40.36735405356197,31.217588944868606,225.88016970480425,102.89680913766868,1.6256000000000002,9281.16,8488.68,2019-01-15 20:04:34+00:00,THY322,LTBA,,300.0,7.736114591784334e-07,0.8211757938842364
1547582675,4ba9a9,40.36735405356197,31.217588944868606,225.88016970480425,102.89680913766868,1.6256000000000002,9281.16,8488.68,2019-01-15 20:04:35+00:00,THY322,LTBA,,300.0,7.736114591784334e-07,0.8211757938842364
1547582676,4ba9a9,40.36735405356197,31.217588944868606,225.88016970480425,102.89680913766868,1.6256000000000002,9281.16,8488.68,2019-01-15 20:04:36+00:00,THY322,LTBA,,300.0,7.736114591784334e-07,0.8211757938842364
1547582677,4ba9a9,40.36735405356197,31.217588944868606,225.88016970480425,102.89680913766868,1.6256000000000002,9281.16,8488.68,2019-01-15 20:04:37+00:00,THY322,LTBA,,300.0,7.736114591784334e-07,0.8211757938842364
1547582678,4ba9a9,40.36735405356197,31.217588944868606,225.88016970480425,102.89680913766868,1.6256000000000002,9281.16,8488.68,2019-01-15 20:04:38+00:00,THY322,LTBA,,300.0,7.736114591784334e-07,0.8211757938842364
1547582679,4ba9a9,40.36735405356197,31.217588944868606,225.88016970480425,102.89680913766868,1.6256000000000002,9281.16,8488.68,2019-01-15 20:04:39+00:00,THY322,LTBA,,300.0,7.736114591784334e-07,0.8211757938842364
1547582680,4ba9a9,40.36735405356197,31.217588944868606,225.88016970480425,102.89680913766868,1.6256000000000002,9281.16,8488.68,2019-01-15 20:04:40+00:00,THY322,LTBA,,300.0,7.736114591784334e-07,0.8211757938842364
1547582681,4ba9a9,40.36735405356197,31.217588944868606,225.88016970480425,102.89680913766868,1.6256000000000002,9281.16,8488.68,2019-01-15 20:04:41+00:00,THY322,LTBA,,300.0,7.736114591784334e-07,0.8211757938842364
1547582682,4ba9a9,40.36735405356197,31.217588944868606,225.88016970480425,102.89680913766868,1.6256000000000002,9281.16,8488.68,2019-01-15 20:04:42+00:00,THY322,LTBA,,300.0,7.736114591784334e-07,0.8211757938842364
1547582683,4ba9a9,40.36735405356197,31.217588944868606,225.88016970480425,102.89680913766868,1.6256000000000002,9281.16,8488.68,2019-01-15 20:04:43+00:00,THY322,LTBA,,300.0,7.736114591784334e-07,0.8211757938842364
1547582684,4ba9a9,40.36735405356197,31.217588944868606,225.88016970480425,102.89680913766868,1.6256000000000002,9281.16,8488.68,2019-01-15 20:04:44+00:00,THY322,LTBA,,300.0,7.736114591784334e-07,0.8211757938842364
1547582685,4ba9a9,40.36735405356197,31.217588944868606,225.88016970480425,102.89680913766868,1.6256000000000002,9281.16,8488.68,2019-01-15 20:04:45+00:00,THY322,LTBA,,300.0,7.736114591784334e-07,0.8211757938842364
1547582686,4ba9a9,40.36735405356197,31.217588944868606,225.88016970480425,102.89680913766868,1.6256000000000002,9281.16,8488.68,2019-01-15 20:04:46+00:00,THY322,LTBA,,300.0,7.736114591784334e-07,0.8211757938842364
1547582687,4ba9a9,40.36735405356197,31.217588944868606,225.88016970480425,102.89680913766868,1.6256000000000002,9281.16,8488.68,2019-01-15 20:04:47+00:00,THY322,LTBA,,300.0,7.736114591784334e-07,0.8211757938842364
1547582688,4ba9a9,40.36735405356197,31.217588944868606,225.88016970480425,102.89680913766868,1.6256000000000002,9281.16,8488.68,2019-01-15 20:04:48+00:00,THY322,LTBA,,300.0,7.736114591784334e-07,0.8211757938842364
1547582689,4ba9a9,40.36735405356197,31.217588944868606,225.88016970480425,102.89680913766868,1.6256000000000002,9281.16,8488.68,2019-01-15 20:04:49+00:00,THY322,LTBA,,300.0,7.736114591784334e-07,0.8211757938842364
1547582690,4ba9a9,40.36735405356197,31.217588944868606,225.88016970480425,102.89680913766868,1.6256000000000002,9281.16,8488.68,2019-01-15 20:04:50+00:00,THY322,LTBA,,300.0,7.736114591784334e-07,0.8211757938842364
1547582691,4ba9a9,40.36735405356197,31.217588944868606,225.88016970480425,102.89680913766868,1.6256000000000002,9281.16,8488.68,2019-01-15 20:04:51+00:00,THY322,LTBA,,300.0,7.736114591784334e-07,0.8211757938842364
1547582692,4ba9a9,40.36735405356197,31.217588944868606,225.88016970480425,102.89680913766868,1.6256000000000002,9281.16,8488.68,2019-01-15 20:04:52+00:00,THY322,LTBA,,300.0,7.736114591784334e-07,0.8211757938842364
1547582693,4ba9a9,40.36735405356197,31.217588944868606,225.88016970480425,102.89680913766868,1.6256000000000002,9281.16,8488.68,2019-01-15 20:04:53+00:00,THY322,LTBA,,300.0,7.736114591784334e-07,0.8211757938842364
1547582694,4ba9a9,40.36735405356197,31.217588944868606,225.88016970480425,102.89680913766868,1.6256000000000002,9281.16,8488.68,2019-01-15 20:04:54+00:00,THY322,LTBA,,300.0,7.736114591784334e-07,0.8211757938842364
1547582695,4ba9a9,40.36735405356197,31.217588944868606,225.88016970480425,102.89680913766868,1.6256000000000002,9281.16,8488.68,2019-01-15 20:04:55+00:00,THY322,LTBA,,300.0,7.736114591784334e-07,0.8211757938842364
1547582696,4ba9a9,40.36735405356197,31.217588944868606,225.88016970480425,102.89680913766868,1.6256000000000002,9281.16,8488.68,2019-01-15 20:04:56+00:00,THY322,LTBA,,300.0,7.736114591784334e-07,0.8211757938842364
1547582697,4ba9a9,40.36735405356197,31.217588944868606,225.88016970480425,102.89680913766868,1.6256000000000002,9281.16,8450.58,2019-01-15 20:04:57+00:00,THY322,LTBA,,300.0,7.736114591784334e-07,0.8211757938842364
1547582698,4ba9a9,40.36735405356197,31.217588944868606,225.88016970480425,102.89680913766868,1.6256000000000002,9281.16,8450.58,2019-01-15 20:04:58+00:00,THY322,LTBA,,300.0,7.736114591784334e-07,0.8211757938842364
1547582699,4ba9a9,40.36735405356197,31.217588944868606,225.88016970480425,102.89680913766868,1.6256000000000002,9281.16,8450.58,2019-01-15 20:04:59+00:00,THY322,LTBA,,300.0,7.736114591784334e-07,0.8211757938842364
1547582700,4ba9a9,40.36735405356197,31.217588944868606,225.88016970480425,102.89680913766868,1.6256000000000002,9281.16,8450.58,2019-01-15 20:05:00+00:00,THY322,LTBA,,300.0,7.736114591784334e-07,0.8211757938842364
1547582701,4ba9a9,40.36735405356197,31.217588944868606,225.88016970480425,102.89680913766868,1.6256000000000002,9281.16,8450.58,2019-01-15 20:05:01+00:00,THY322,LTBA,,300.0,7.736114591784334e-07,0.8211757938842364
1547582702,4ba9a9,40.36735405356197,31.217588944868606,225.88016970480425,102.89680913766868,1.6256000000000002,9281.16,8450.58,2019-01-15 20:05:02+00:00,THY322,LTBA,,300.0,7.736114591784334e-07,0.8211757938842364
1547582703,4ba9a9,40.36735405356197,31.217588944868606,225.88016970480425,102.89680913766868,1.6256000000000002,9281.16,8450.58,2019-01-15 20:05:03+00:00,THY322,LTBA,,300.0,7.736114591784334e-07,0.8211757938842364
1547582704,4ba9a9,40.36735405356197,31.217588944868606,225.88016970480425,102.89680913766868,1.6256000000000002,9281.16,8450.58,2019-01-15 20:05:04+00:00,THY322,LTBA,,300.0,7.736114591784334e-07,0.8211757938842364
1547582705,4ba9a9,40.36735405356197,31.217588944868606,225.88016970480425,102.89680913766868,1.6256000000000002,9281.16,8450.58,2019-01-15 20:05:05+00:00,THY322,LTBA,,300.0,7.736114591784334e-07,0.8211757938842364
1547582706,4ba9a9,40.36735405356197,31.217588944868606,225.88016970480425,102.89680913766868,1.6256000000000002,9281.16,8450.58,2019-01-15 20:05:06+00:00,THY322,LTBA,,300.0,7.736114591784334e-07,0.8211757938842364
1547582707,4ba9a9,40.36735405356197,31.217588944868606,225.88016970480425,102.89680913766868,1.6256000000000002,9281.16,8450.58,2019-01-15 20:05:07+00:00,THY322,LTBA,,300.0,7.736114591784334e-07,0.8211757938842364
1547582708,4ba9a9,40.36735405356197,31.217588944868606,225.88016970480425,102.89680913766868,1.6256000000000002,9281.16,8450.58,2019-01-15 20:05:08+00:00,THY322,LTBA,,300.0,7.736114591784334e-07,0.8211757938842364
1547582709,4ba9a9,40.36735405356197,31.217588944868606,225.88016970480425,102.89680913766868,1.6256000000000002,9281.16,8450.58,2019-01-15 20:05:09+00:00,THY322,LTBA,,300.0,7.736114591784334e-07,0.8211757938842364
1547582710,4ba9a9,40.36735405356197,31.217588944868606,225.88016970480425,102.89680913766868,1.6256000000000002,9281.16,8450.58,2019-01-15 20:05:10+00:00,THY322,LTBA,,300.0,7.736114591784334e-07,0.8211757938842364
1547582711,4ba9a9,40.36735405356197,31.217588944868606,225.88016970480425,102.89680913766868,1.6256000000000002,9281.16,8450.58,2019-01-15 20:05:11+00:00,THY322,LTBA,,300.0,7.736114591784334e-07,0.8211757938842364
1547582712,4ba9a9,40.36735405356197,31.217588944868606,225.88016970480425,102.89680913766868,1.6256000000000002,9281.16,8450.58,2019-01-15 20:05:12+00:00,THY322,LTBA,,300.0,7.736114591784334e-07,0.8211757938842364
1547582713,4ba9a9,40.36735405356197,31.217588944868606,225.88016970480425,102.89680913766868,1.6256000000000002,9281.16,8450.58,2019-01-15 20:05:13+00:00,THY322,LTBA,,300.0,7.736114591784334e-07,0.8211757938842364
1547582714,4ba9a9,40.36735405356197,31.217588944868606,225.88016970480425,102.89680913766868,1.6256000000000002,9281.16,8450.58,2019-01-15 20:05:14+00:00,THY322,LTBA,,300.0,7.736114591784334e-07,0.8211757938842364
1547582715,4ba9a9,40.36735405356197,31.217588944868606,225.88016970480425,102.89680913766868,1.6256000000000002,9281.16,8450.58,2019-01-15 20:05:15+00:00,THY322,LTBA,,300.0,7.736114591784334e-07,0.8211757938842364
1547582716,4ba9a9,40.36735405356197,31.217588944868606,225.88016970480425,102.89680913766868,1.6256000000000002,9281.16,8450.58,2019-01-15 20:05:16+00:00,THY322,LTBA,,300.0,7.736114591784334e-07,0.8211757938842364
1547582717,4ba9a9,40.36735405356197,31.217588944868606,225.88016970480425,102.89680913766868,1.6256000000000002,9281.16,8450.58,2019-01-15 20:05:17+00:00,THY322,LTBA,,300.0,7.736114591784334e-07,0.8211757938842364
1547586633,4ba9a9,41.38426208496094,44.25408935546875,266.1286982664071,91.9940186079755,0.0,,10668.0,2019-01-15 21:10:33+00:00,THY322,LTBA,,200.0,4.7783426920661255e-08,0.07155265256402338
1547586634,4ba9a9,41.38426208496094,44.25408935546875,266.1286982664071,91.9940186079755,0.0,,10668.0,2019-01-15 21:10:34+00:00,THY322,LTBA,,200.0,4.7783426920661255e-08,0.07155265256402338
1547586635,4ba9a9,41.38426208496094,44.25408935546875,266.1286982664071,91.9940186079755,0.0,,10668.0,2019-01-15 21:10:35+00:00,THY322,LTBA,,200.0,4.7783426920661255e-08,0.07155265256402338
1547586636,4ba9a9,41.38426208496094,44.25408935546875,266.1286982664071,91.9940186079755,0.0,,10668.0,2019-01-15 21:10:36+00:00,THY322,LTBA,,200.0,4.7783426920661255e-08,0.07155265256402338
1547586637,4ba9a9,41.38426208496094,44.25408935546875,266.1286982664071,91.9940186079755,0.0,,10668.0,2019-01-15 21:10:37+00:00,THY322,LTBA,,200.0,4.7783426920661255e-08,0.07155265256402338
1547586638,4ba9a9,41.38426208496094,44.25408935546875,266.1286982664071,91.9940186079755,0.0,,10668.0,2019-01-15 21:10:38+00:00,THY322,LTBA,,200.0,4.7783426920661255e-08,0.07155265256402338
1547586639,4ba9a9,41.38426208496094,44.25408935546875,266.1286982664071,91.9940186079755,0.0,,10668.0,2019-01-15 21:10:39+00:00,THY322,LTBA,,200.0,4.7783426920661255e-08,0.07155265256402338
1547586640,4ba9a9,41.38426208496094,44.25408935546875,266.1286982664071,91.9940186079755,0.0,,10668.0,2019-01-15 21:10:40+00:00,THY322,LTBA,,200.0,4.7783426920661255e-08,0.07155265256402338
1547586641,4ba9a9,41.38311767578125,44.29217529296875,266.1286982664071,91.9940186079755,0.0,,10668.0,2019-01-15 21:10:41+00:00,THY322,LTBA,,200.0,4.7783426920661255e-08,0.07155265256402338
1547586642,4ba9a9,41.38311767578125,44.29217529296875,266.1286982664071,91.9940186079755,0.0,,10668.0,2019-01-15 21:10:42+00:00,THY322,LTBA,,200.0,4.7783426920661255e-08,0.07155265256402338
1547586643,4ba9a9,41.38311767578125,44.29217529296875,266.1286982664071,91.9940186079755,0.0,,10668.0,2019-01-15 21:10:43+00:00,THY322,LTBA,,200.0,4.7783426920661255e-08,0.07155265256402338
1547586644,4ba9a9,41.38311767578125,44.29217529296875,266.1286982664071,91.9940186079755,0.0,,10668.0,2019-01-15 21:10:44+00:00,THY322,LTBA,,200.0,4.7783426920661255e-08,0.07155265256402338
1547586645,4ba9a9,41.38275146484375,44.30442810058594,267.2362039642158,92.42726971769423,-0.32512,10515.6,10668.0,2019-01-15 21:10:45+00:00,THY322,LTBA,,250.0,4.952938031927177e-07,0.6309185795800876
1547586646,4ba9a9,41.38275146484375,44.30442810058594,267.2362039642158,92.42726971769423,-0.32512,10515.6,10668.0,2019-01-15 21:10:46+00:00,THY322,LTBA,,250.0,4.952938031927177e-07,0.6309185795800876
1547586647,4ba9a9,41.38275146484375,44.30442810058594,267.2362039642158,92.42726971769423,-0.32512,10515.6,10668.0,2019-01-15 21:10:47+00:00,THY322,LTBA,,250.0,4.952938031927177e-07,0.6309185795800876
1547586648,4ba9a9,41.38275146484375,44.30442810058594,267.2362039642158,92.42726971769423,-0.32512,10515.6,10668.0,2019-01-15 21:10:48+00:00,THY322,LTBA,,250.0,4.952938031927177e-07,0.6309185795800876
1547586649,4ba9a9,41.38275146484375,44.30442810058594,267.2362039642158,92.42726971769423,-0.32512,10515.6,10668.0,2019-01-15 21:10:49+00:00,THY322,LTBA,,250.0,4.952938031927177e-07,0.6309185795800876
1547586650,4ba9a9,41.38275146484375,44.30442810058594,267.2362039642158,92.42726971769423,0.0,10515.6,10668.0,2019-01-15 21:10:50+00:00,THY322,LTBA,,250.0,4.952938031927177e-07,0.6309185795800876
1547586651,4ba9a9,41.38275146484375,44.30442810058594,267.2362039642158,92.42726971769423,0.0,10515.6,10668.0,2019-01-15 21:10:51+00:00,THY322,LTBA,,250.0,4.952938031927177e-07,0.6309185795800876
1547586652,4ba9a9,41.38275146484375,44.30442810058594,267.2362039642158,92.42726971769423,0.0,10515.6,10668.0,2019-01-15 21:10:52+00:00,THY322,LTBA,,250.0,4.952938031927177e-07,0.6309185795800876
1547586653,4ba9a9,41.38275146484375,44.30442810058594,267.2362039642158,92.42726971769423,0.0,10515.6,10668.0,2019-01-15 21:10:53+00:00,THY322,LTBA,,250.0,4.952938031927177e-07,0.6309185795800876
1547586654,4ba9a9,41.381927490234375,44.33087158203125,267.2362039642158,92.42726971769423,0.0,10515.6,10668.0,2019-01-15 21:10:54+00:00,THY322,LTBA,,250.0,4.952938031927177e-07,0.6309185795800876
1547586655,4ba9a9,41.381927490234375,44.33087158203125,267.2362039642158,92.42726971769423,0.0,10515.6,10668.0,2019-01-15 21:10:55+00:00,THY322,LTBA,,250.0,4.952938031927177e-07,0.6309185795800876
1547586656,4ba9a9,41.381927490234375,44.33087158203125,267.2362039642158,92.42726971769423,0.0,10515.6,10668.0,2019-01-15 21:10:56+00:00,THY322,LTBA,,250.0,4.952938031927177e-07,0.6309185795800876
1547586657,4ba9a9,41.381927490234375,44.33087158203125,267.2362039642158,92.42726971769423,0.0,10515.6,10668.0,2019-01-15 21:10:57+00:00,THY322,LTBA,,250.0,4.952938031927177e-07,0.6309185795800876
1547586658,4ba9a9,41.381927490234375,44.33087158203125,267.2362039642158,92.42726971769423,0.0,10515.6,10668.0,2019-01-15 21:10:58+00:00,THY322,LTBA,,250.0,4.952938031927177e-07,0.6309185795800876
1547586659,4ba9a9,41.381927490234375,44.33087158203125,267.2362039642158,92.42726971769423,0.0,10515.6,10668.0,2019-01-15 21:10:59+00:00,THY322,LTBA,,250.0,4.952938031927177e-07,0.6309185795800876
1547586660,4ba9a9,41.381927490234375,44.33087158203125,267.2362039642158,92.42726971769423,0.0,10515.6,10668.0,2019-01-15 21:11:00+00:00,THY322,LTBA,,250.0,4.952938031927177e-07,0.6309185795800876
1547586661,4ba9a9,41.381927490234375,44.33087158203125,267.2362039642158,92.42726971769423,0.0,10515.6,10668.0,2019-01-15 21:11:01+00:00,THY322,LTBA,,250.0,4.952938031927177e-07,0.6309185795800876
1547586662,4ba9a9,41.381927490234375,44.33087158203125,267.2362039642158,92.42726971769423,0.0,10515.6,10668.0,2019-01-15 21:11:02+00:00,THY322,LTBA,,250.0,4.952938031927177e-07,0.6309185795800876
1547586663,4ba9a9,41.381927490234375,44.33087158203125,267.2362039642158,92.42726971769423,0.0,10515.6,10668.0,2019-01-15 21:11:03+00:00,THY322,LTBA,,250.0,4.952938031927177e-07,0.6309185795800876
1547586664,4ba9a9,41.381927490234375,44.33087158203125,267.2362039642158,92.42726971769423,0.0,10515.6,10668.0,2019-01-15 21:11:04+00:00,THY322,LTBA,,250.0,4.952938031927177e-07,0.6309185795800876
1547586665,4ba9a9,41.381927490234375,44.33087158203125,267.2362039642158,92.42726971769423,0.0,10515.6,10668.0,2019-01-15 21:11:05+00:00,THY322,LTBA,,250.0,4.952938031927177e-07,0.6309185795800876
1547586666,4ba9a9,41.381927490234375,44.33087158203125,267.2362039642158,92.42726971769423,0.0,10515.6,10668.0,2019-01-15 21:11:06+00:00,THY322,LTBA,,250.0,4.952938031927177e-07,0.6309185795800876
1547586667,4ba9a9,41.380935927568856,44.36535228382457,265.1383688081565,92.22396124038549,0.0,10515.6,10668.0,2019-01-15 21:11:07+00:00,THY322,LTBA,,250.0,4.952938031927177e-07,0.6309185795800876
1547586668,4ba9a9,41.380935927568856,44.36535228382457,265.1383688081565,92.22396124038549,0.0,10515.6,10668.0,2019-01-15 21:11:08+00:00,THY322,LTBA,,250.0,4.952938031927177e-07,0.6309185795800876
1547586669,4ba9a9,41.380935927568856,44.36535228382457,265.1383688081565,92.22396124038549,0.0,10515.6,10668.0,2019-01-15 21:11:09+00:00,THY322,LTBA,,250.0,4.952938031927177e-07,0.6309185795800876
1547586670,4ba9a9,41.380935927568856,44.36535228382457,265.1383688081565,92.22396124038549,0.0,10515.6,10668.0,2019-01-15 21:11:10+00:00,THY322,LTBA,,250.0,4.952938031927177e-07,0.6309185795800876
1547586671,4ba9a9,41.380935927568856,44.36535228382457,265.1383688081565,92.22396124038549,0.0,10515.6,10668.0,2019-01-15 21:11:11+00:00,THY322,LTBA,,250.0,4.952938031927177e-07,0.6309185795800876
1547586672,4ba9a9,41.380935927568856,44.36535228382457,265.1383688081565,92.22396124038549,0.0,10515.6,10668.0,2019-01-15 21:11:12+00:00,THY322,LTBA,,250.0,4.952938031927177e-07,0.6309185795800876
1547586673,4ba9a9,41.380935927568856,44.36535228382457,265.1383688081565,92.22396124038549,0.0,10515.6,10668.0,2019-01-15 21:11:13+00:00,THY322,LTBA,,250.0,4.952938031927177e-07,0.6309185795800876
1547586674,4ba9a9,41.380935927568856,44.36535228382457,265.1383688081565,92.22396124038549,0.0,10515.6,10668.0,2019-01-15 21:11:14+00:00,THY322,LTBA,,250.0,4.952938031927177e-07,0.6309185795800876
1547586675,4ba9a9,41.380935927568856,44.36535228382457,265.1383688081565,92.22396124038549,0.0,10515.6,10668.0,2019-01-15 21:11:15+00:00,THY322,LTBA,,250.0,4.952938031927177e-07,0.6309185795800876
1547586676,4ba9a9,41.380935927568856,44.36535228382457,265.1383688081565,92.22396124038549,0.0,10515.6,10668.0,2019-01-15 21:11:16+00:00,THY322,LTBA,,250.0,4.952938031927177e-07,0.6309185795800876
1547586677,4ba9a9,41.380935927568856,44.36535228382457,265.1383688081565,92.22396124038549,0.0,10515.6,10668.0,2019-01-15 21:11:17+00:00,THY322,LTBA,,250.0,4.952938031927177e-07,0.6309185795800876
1547586678,4ba9a9,41.380935927568856,44.36535228382457,265.1383688081565,92.22396124038549,0.0,10515.6,10668.0,2019-01-15 21:11:18+00:00,THY322,LTBA,,250.0,4.952938031927177e-07,0.6309185795800876
1547586679,4ba9a9,41.380935927568856,44.36535228382457,265.1383688081565,92.22396124038549,0.0,10515.6,10668.0,2019-01-15 21:11:19+00:00,THY322,LTBA,,250.0,4.952938031927177e-07,0.6309185795800876
1547586680,4ba9a9,41.37972556938559,44.40698797052557,262.5484496952738,92.13356193700719,0.32512,10515.6,10668.0,2019-01-15 21:11:20+00:00,THY322,LTBA,,250.0,3.6954982301333417e-07,0.5037544899956852
1547586681,4ba9a9,41.37972556938559,44.40698797052557,262.5484496952738,92.13356193700719,0.32512,10515.6,10668.0,2019-01-15 21:11:21+00:00,THY322,LTBA,,250.0,3.6954982301333417e-07,0.5037544899956852
1547586682,4ba9a9,41.37972556938559,44.40698797052557,262.5484496952738,92.13356193700719,0.32512,10515.6,10668.0,2019-01-15 21:11:22+00:00,THY322,LTBA,,250.0,3.6954982301333417e-07,0.5037544899956852
1547586683,4ba9a9,41.37972556938559,44.40698797052557,262.5484496952738,92.13356193700719,0.32512,10515.6,10668.0,2019-01-15 21:11:23+00:00,THY322,LTBA,,250.0,3.6954982301333417e-07,0.5037544899956852
1547586684,4ba9a9,41.37972556938559,44.40698797052557,262.5484496952738,92.13356193700719,0.32512,10515.6,10668.0,2019-01-15 21:11:24+00:00,THY322,LTBA,,250.0,3.6954982301333417e-07,0.5037544899956852
1547586685,4ba9a9,41.37972556938559,44.40698797052557,262.5484496952738,92.13356193700719,0.32512,10515.6,10668.0,2019-01-15 21:11:25+00:00,THY322,LTBA,,250.0,3.6954982301333417e-07,0.5037544899956852
1547586686,4ba9a9,41.37972556938559,44.40698797052557,262.5484496952738,92.13356193700719,0.32512,10515.6,10668.0,2019-01-15 21:11:26+00:00,THY322,LTBA,,250.0,3.6954982301333417e-07,0.5037544899956852
1547586687,4ba9a9,41.37972556938559,44.40698797052557,262.5484496952738,92.13356193700719,0.32512,10515.6,10668.0,2019-01-15 21:11:27+00:00,THY322,LTBA,,250.0,3.6954982301333417e-07,0.5037544899956852
1547586688,4ba9a9,41.37972556938559,44.40698797052557,262.5484496952738,92.13356193700719,0.32512,10515.6,10668.0,2019-01-15 21:11:28+00:00,THY322,LTBA,,250.0,3.6954982301333417e-07,0.5037544899956852
1547586689,4ba9a9,41.37972556938559,44.40698797052557,262.5484496952738,92.13356193700719,0.32512,10515.6,10668.0,2019-01-15 21:11:29+00:00,THY322,LTBA,,250.0,3.6954982301333417e-07,0.5037544899956852
1547586690,4ba9a9,41.37972556938559,44.40698797052557,262.5484496952738,92.13356193700719,0.32512,10515.6,10668.0,2019-01-15 21:11:30+00:00,THY322,LTBA,,250.0,3.6954982301333417e-07,0.5037544899956852
1547586691,4ba9a9,41.37972556938559,44.40698797052557,262.5484496952738,92.13356193700719,0.32512,10515.6,10668.0,2019-01-15 21:11:31+00:00,THY322,LTBA,,250.0,3.6954982301333417e-07,0.5037544899956852
1547586692,4ba9a9,41.37972556938559,44.40698797052557,262.5484496952738,92.13356193700719,0.32512,10515.6,10668.0,2019-01-15 21:11:32+00:00,THY322,LTBA,,250.0,3.6954982301333417e-07,0.5037544899956852
1547586693,4ba9a9,41.37972556938559,44.40698797052557,262.5484496952738,92.13356193700719,0.32512,10515.6,10668.0,2019-01-15 21:11:33+00:00,THY322,LTBA,,250.0,3.6954982301333417e-07,0.5037544899956852
1547586694,4ba9a9,41.37812805175781,44.46307373046875,263.0821548951503,92.24135225292615,-0.32512,10523.22,10668.0,2019-01-15 21:11:34+00:00,THY322,LTBA,,250.0,3.6954982301333417e-07,0.5037544899956852
1547586695,4ba9a9,41.37812805175781,44.46307373046875,263.0821548951503,92.24135225292615,-0.32512,10523.22,10668.0,2019-01-15 21:11:35+00:00,THY322,LTBA,,250.0,3.6954982301333417e-07,0.5037544899956852
1547586696,4ba9a9,41.37812805175781,44.46307373046875,263.0821548951503,92.24135225292615,-0.32512,10523.22,10668.0,2019-01-15 21:11:36+00:00,THY322,LTBA,,250.0,3.6954982301333417e-07,0.5037544899956852
1547586697,4ba9a9,41.37812805175781,44.46307373046875,263.0821548951503,92.24135225292615,-0.32512,10523.22,10668.0,2019-01-15 21:11:37+00:00,THY322,LTBA,,250.0,3.6954982301333417e-07,0.5037544899956852
1547586698,4ba9a9,41.378082275390625,44.46380615234375,264.1308001096066,92.34413247406985,0.0,10515.6,10660.380000000001,2019-01-15 21:11:38+00:00,THY322,LTBA,,250.0,3.6954982301333417e-07,0.5037544899956852
1547586699,4ba9a9,41.378082275390625,44.46380615234375,264.1308001096066,92.34413247406985,0.0,10515.6,10660.380000000001,2019-01-15 21:11:39+00:00,THY322,LTBA,,250.0,3.6954982301333417e-07,0.5037544899956852
1547586700,4ba9a9,41.378082275390625,44.46380615234375,264.1308001096066,92.34413247406985,0.0,10515.6,10660.380000000001,2019-01-15 21:11:40+00:00,THY322,LTBA,,250.0,3.6954982301333417e-07,0.5037544899956852
1547586701,4ba9a9,41.378082275390625,44.46380615234375,264.1308001096066,92.34413247406985,0.0,10515.6,10660.380000000001,2019-01-15 21:11:41+00:00,THY322,LTBA,,250.0,3.6954982301333417e-07,0.5037544899956852
1547586702,4ba9a9,41.378082275390625,44.46380615234375,264.1308001096066,92.34413247406985,0.0,10515.6,10660.380000000001,2019-01-15 21:11:42+00:00,THY322,LTBA,,250.0,3.6954982301333417e-07,0.5037544899956852
1547586703,4ba9a9,41.378082275390625,44.46380615234375,264.1308001096066,92.34413247406985,0.0,10515.6,10660.380000000001,2019-01-15 21:11:43+00:00,THY322,LTBA,,250.0,3.6954982301333417e-07,0.5037544899956852
1547586704,4ba9a9,41.378082275390625,44.46380615234375,264.1308001096066,92.34413247406985,0.0,10515.6,10660.380000000001,2019-01-15 21:11:44+00:00,THY322,LTBA,,250.0,3.6954982301333417e-07,0.5037544899956852
1547586705,4ba9a9,41.378082275390625,44.46380615234375,264.1308001096066,92.34413247406985,0.0,10515.6,10660.380000000001,2019-01-15 21:11:45+00:00,THY322,LTBA,,250.0,3.6954982301333417e-07,0.5037544899956852
1547586706,4ba9a9,41.378082275390625,44.46380615234375,264.1308001096066,92.34413247406985,0.0,10515.6,10660.380000000001,2019-01-15 21:11:46+00:00,THY322,LTBA,,250.0,3.6954982301333417e-07,0.5037544899956852
1547586707,4ba9a9,41.3770751953125,44.498046875,264.1308001096066,92.34413247406985,0.0,10515.6,10660.380000000001,2019-01-15 21:11:47+00:00,THY322,LTBA,,250.0,3.6954982301333417e-07,0.5037544899956852
1547586708,4ba9a9,41.3770751953125,44.498046875,264.1308001096066,92.34413247406985,0.0,10515.6,10660.380000000001,2019-01-15 21:11:48+00:00,THY322,LTBA,,250.0,3.6954982301333417e-07,0.5037544899956852
1547586709,4ba9a9,41.3770751953125,44.498046875,264.1308001096066,92.34413247406985,0.0,10515.6,10660.380000000001,2019-01-15 21:11:49+00:00,THY322,LTBA,,250.0,3.6954982301333417e-07,0.5037544899956852
1547586710,4ba9a9,41.3770751953125,44.498046875,264.1308001096066,92.34413247406985,0.0,10515.6,10660.380000000001,2019-01-15 21:11:50+00:00,THY322,LTBA,,250.0,3.6954982301333417e-07,0.5037544899956852
1547586711,4ba9a9,41.3770751953125,44.498046875,264.1308001096066,92.34413247406985,0.0,10515.6,10660.380000000001,2019-01-15 21:11:51+00:00,THY322,LTBA,,250.0,3.6954982301333417e-07,0.5037544899956852
1547586712,4ba9a9,41.3770751953125,44.498046875,264.1308001096066,92.34413247406985,0.0,10515.6,10660.380000000001,2019-01-15 21:11:52+00:00,THY322,LTBA,,250.0,3.6954982301333417e-07,0.5037544899956852
1547586713,4ba9a9,41.3770751953125,44.498046875,264.1308001096066,92.34413247406985,0.0,10515.6,10660.380000000001,2019-01-15 21:11:53+00:00,THY322,LTBA,,250.0,3.6954982301333417e-07,0.5037544899956852
